src,dst
data/kyc\val\cin\IMG_20260922_154245_3525af033198fd4ec95127c9323cabdaa1486bb6d350e404332a29300134ad82.jpg,data/quarantine_noise\val\cin\IMG_20260922_154245_3525af033198fd4ec95127c9323cabdaa1486bb6d350e404332a29300134ad82.jpg
data/kyc\val\cin\Passeport_Thimothee_HOUNDJO_8ee1a232bd130662bd42f87272286a1eec76d66699d1a977b26f4f169c84ca28_p0.jpg,data/quarantine_noise\val\cin\Passeport_Thimothee_HOUNDJO_8ee1a232bd130662bd42f87272286a1eec76d66699d1a977b26f4f169c84ca28_p0.jpg
data/kyc\val\cin\images__2__654b4bdb422dde33ba0cff07434afb08d968c790fcd4490831f1a1431fc6e301.jpg,data/quarantine_noise\val\cin\images__2__654b4bdb422dde33ba0cff07434afb08d968c790fcd4490831f1a1431fc6e301.jpg
data/kyc\val\cin\manifest.csv,data/quarantine_noise\val\cin\manifest.csv
data/kyc\val\residence\RESIDENCE-14.jpg,data/quarantine_noise\val\residence\RESIDENCE-14.jpg
data/kyc\val\stat\Capture_d_écran_2026-09-17_à_15_25_16_428a8aa43a19828caaae2f37e937c50b1ac55f29842de6dc34235a6df2aeaee6.jpg,data/quarantine_noise\val\stat\Capture_d_écran_2026-09-17_à_15_25_16_428a8aa43a19828caaae2f37e937c50b1ac55f29842de6dc34235a6df2aeaee6.jpg
data/kyc\train\stat\CARTE_STATISTIQUE_compressed_fb81c209be7b9b1722848d0a3539133d36267036697e13834a4c456f312afb2d_p1.jpg,data/quarantine_noise\train\stat\CARTE_STATISTIQUE_compressed_fb81c209be7b9b1722848d0a3539133d36267036697e13834a4c456f312afb2d_p1.jpg
data/kyc\train\stat\CARTE_STATISTIQUE_compressed_fb81c209be7b9b1722848d0a3539133d36267036697e13834a4c456f312afb2d_page002.jpg,data/quarantine_noise\train\stat\CARTE_STATISTIQUE_compressed_fb81c209be7b9b1722848d0a3539133d36267036697e13834a4c456f312afb2d_page002.jpg
data/kyc\train\photo\resize_50.py,data/quarantine_noise\train\photo\resize_50.py
data/kyc\val\cin\CIN-0.jpg,data/kyc\train\cin\CIN-0.jpg
data/kyc\val\cin\CIN-10.jpg,data/kyc\train\cin\CIN-10.jpg
data/kyc\val\cin\CIN-15.jpg,data/kyc\train\cin\CIN-15.jpg
data/kyc\val\cin\CIN-16.jpg,data/kyc\train\cin\CIN-16.jpg
data/kyc\val\cin\CIN-17.jpg,data/kyc\train\cin\CIN-17.jpg
data/kyc\val\cin\CIN-19.jpg,data/kyc\train\cin\CIN-19.jpg
data/kyc\val\cin\CIN-31.jpg,data/kyc\train\cin\CIN-31.jpg
data/kyc\val\cin\CIN-36.jpg,data/kyc\train\cin\CIN-36.jpg
data/kyc\val\cin\CIN-4.jpg,data/kyc\train\cin\CIN-4.jpg
data/kyc\val\cin\CIN-6.jpg,data/kyc\train\cin\CIN-6.jpg
data/kyc\val\cin\CIN-7.jpg,data/kyc\train\cin\CIN-7.jpg
data/kyc\val\cin\CIN-9.jpg,data/kyc\train\cin\CIN-9.jpg
data/kyc\val\cin\CIN_2_0_23959b8540b227be7552c84ec771fbb907786eab05eabf1473b716505359ed80.jpg,data/kyc\train\cin\CIN_2_0_23959b8540b227be7552c84ec771fbb907786eab05eabf1473b716505359ed80.jpg
data/kyc\val\cin\CIN_FANIRIANTSOA_cd4fb6f7dcd5758cbae64ac767d70385f19796133f1b0652ceaefbbe00eb1c56_p0.jpg,data/kyc\train\cin\CIN_FANIRIANTSOA_cd4fb6f7dcd5758cbae64ac767d70385f19796133f1b0652ceaefbbe00eb1c56_p0.jpg
data/kyc\val\cin\CIN_FANIRIANTSOA_cd4fb6f7dcd5758cbae64ac767d70385f19796133f1b0652ceaefbbe00eb1c56_p1.jpg,data/kyc\train\cin\CIN_FANIRIANTSOA_cd4fb6f7dcd5758cbae64ac767d70385f19796133f1b0652ceaefbbe00eb1c56_p1.jpg
data/kyc\train\cin\0000_coupleA.jpg,data/backup_train_synth_photoize\cin\0000_coupleA.jpg
data/kyc\train\cin\0001_coupleA.jpg,data/backup_train_synth_photoize\cin\0001_coupleA.jpg
data/kyc\train\cin\0002_coupleA.jpg,data/backup_train_synth_photoize\cin\0002_coupleA.jpg
data/kyc\train\cin\0003_coupleA.jpg,data/backup_train_synth_photoize\cin\0003_coupleA.jpg
data/kyc\train\cin\0004_coupleA.jpg,data/backup_train_synth_photoize\cin\0004_coupleA.jpg
data/kyc\train\cin\0005_coupleA.jpg,data/backup_train_synth_photoize\cin\0005_coupleA.jpg
data/kyc\train\cin\0006_coupleA.jpg,data/backup_train_synth_photoize\cin\0006_coupleA.jpg
data/kyc\train\cin\0007_coupleA.jpg,data/backup_train_synth_photoize\cin\0007_coupleA.jpg
data/kyc\train\cin\0008_coupleA.jpg,data/backup_train_synth_photoize\cin\0008_coupleA.jpg
data/kyc\train\cin\0009_coupleA.jpg,data/backup_train_synth_photoize\cin\0009_coupleA.jpg
data/kyc\train\cin\0010_coupleA.jpg,data/backup_train_synth_photoize\cin\0010_coupleA.jpg
data/kyc\train\cin\0011_coupleA.jpg,data/backup_train_synth_photoize\cin\0011_coupleA.jpg
data/kyc\train\cin\0012_coupleA.jpg,data/backup_train_synth_photoize\cin\0012_coupleA.jpg
data/kyc\train\cin\0013_coupleA.jpg,data/backup_train_synth_photoize\cin\0013_coupleA.jpg
data/kyc\train\cin\0014_coupleA.jpg,data/backup_train_synth_photoize\cin\0014_coupleA.jpg
data/kyc\train\cin\0015_coupleA.jpg,data/backup_train_synth_photoize\cin\0015_coupleA.jpg
data/kyc\train\cin\0016_coupleA.jpg,data/backup_train_synth_photoize\cin\0016_coupleA.jpg
data/kyc\train\cin\0017_coupleA.jpg,data/backup_train_synth_photoize\cin\0017_coupleA.jpg
data/kyc\train\cin\0018_coupleA.jpg,data/backup_train_synth_photoize\cin\0018_coupleA.jpg
data/kyc\train\cin\0019_coupleA.jpg,data/backup_train_synth_photoize\cin\0019_coupleA.jpg
data/kyc\train\cin\0020_coupleA.jpg,data/backup_train_synth_photoize\cin\0020_coupleA.jpg
data/kyc\train\cin\0021_coupleA.jpg,data/backup_train_synth_photoize\cin\0021_coupleA.jpg
data/kyc\train\cin\0022_coupleA.jpg,data/backup_train_synth_photoize\cin\0022_coupleA.jpg
data/kyc\train\cin\0023_coupleA.jpg,data/backup_train_synth_photoize\cin\0023_coupleA.jpg
data/kyc\train\cin\0024_coupleA.jpg,data/backup_train_synth_photoize\cin\0024_coupleA.jpg
data/kyc\train\cin\0025_coupleA.jpg,data/backup_train_synth_photoize\cin\0025_coupleA.jpg
data/kyc\train\cin\0026_coupleA.jpg,data/backup_train_synth_photoize\cin\0026_coupleA.jpg
data/kyc\train\cin\0027_coupleA.jpg,data/backup_train_synth_photoize\cin\0027_coupleA.jpg
data/kyc\train\cin\0028_coupleA.jpg,data/backup_train_synth_photoize\cin\0028_coupleA.jpg
data/kyc\train\cin\0029_coupleA.jpg,data/backup_train_synth_photoize\cin\0029_coupleA.jpg
data/kyc\train\cin\0030_coupleA.jpg,data/backup_train_synth_photoize\cin\0030_coupleA.jpg
data/kyc\train\cin\0031_coupleA.jpg,data/backup_train_synth_photoize\cin\0031_coupleA.jpg
data/kyc\train\cin\0032_coupleA.jpg,data/backup_train_synth_photoize\cin\0032_coupleA.jpg
data/kyc\train\cin\0033_coupleA.jpg,data/backup_train_synth_photoize\cin\0033_coupleA.jpg
data/kyc\train\cin\0034_coupleA.jpg,data/backup_train_synth_photoize\cin\0034_coupleA.jpg
data/kyc\train\cin\0035_coupleA.jpg,data/backup_train_synth_photoize\cin\0035_coupleA.jpg
data/kyc\train\cin\0036_coupleA.jpg,data/backup_train_synth_photoize\cin\0036_coupleA.jpg
data/kyc\train\cin\0037_coupleA.jpg,data/backup_train_synth_photoize\cin\0037_coupleA.jpg
data/kyc\train\cin\0038_coupleA.jpg,data/backup_train_synth_photoize\cin\0038_coupleA.jpg
data/kyc\train\cin\0039_coupleA.jpg,data/backup_train_synth_photoize\cin\0039_coupleA.jpg
data/kyc\train\cin\0040_coupleA.jpg,data/backup_train_synth_photoize\cin\0040_coupleA.jpg
data/kyc\train\cin\0041_coupleA.jpg,data/backup_train_synth_photoize\cin\0041_coupleA.jpg
data/kyc\train\cin\0042_coupleA.jpg,data/backup_train_synth_photoize\cin\0042_coupleA.jpg
data/kyc\train\cin\0043_coupleA.jpg,data/backup_train_synth_photoize\cin\0043_coupleA.jpg
data/kyc\train\cin\0044_coupleA.jpg,data/backup_train_synth_photoize\cin\0044_coupleA.jpg
data/kyc\train\cin\0045_coupleA.jpg,data/backup_train_synth_photoize\cin\0045_coupleA.jpg
data/kyc\train\cin\0046_coupleA.jpg,data/backup_train_synth_photoize\cin\0046_coupleA.jpg
data/kyc\train\cin\0047_coupleA.jpg,data/backup_train_synth_photoize\cin\0047_coupleA.jpg
data/kyc\train\cin\0048_coupleA.jpg,data/backup_train_synth_photoize\cin\0048_coupleA.jpg
data/kyc\train\cin\0049_coupleA.jpg,data/backup_train_synth_photoize\cin\0049_coupleA.jpg
data/kyc\train\cin\0050_coupleA.jpg,data/backup_train_synth_photoize\cin\0050_coupleA.jpg
data/kyc\train\cin\0051_coupleA.jpg,data/backup_train_synth_photoize\cin\0051_coupleA.jpg
data/kyc\train\cin\0052_coupleA.jpg,data/backup_train_synth_photoize\cin\0052_coupleA.jpg
data/kyc\train\cin\0053_coupleA.jpg,data/backup_train_synth_photoize\cin\0053_coupleA.jpg
data/kyc\train\cin\0054_coupleA.jpg,data/backup_train_synth_photoize\cin\0054_coupleA.jpg
data/kyc\train\cin\0055_coupleA.jpg,data/backup_train_synth_photoize\cin\0055_coupleA.jpg
data/kyc\train\cin\0056_coupleA.jpg,data/backup_train_synth_photoize\cin\0056_coupleA.jpg
data/kyc\train\cin\0057_coupleA.jpg,data/backup_train_synth_photoize\cin\0057_coupleA.jpg
data/kyc\train\cin\0058_coupleA.jpg,data/backup_train_synth_photoize\cin\0058_coupleA.jpg
data/kyc\train\cin\0059_coupleA.jpg,data/backup_train_synth_photoize\cin\0059_coupleA.jpg
data/kyc\train\cin\0060_coupleA.jpg,data/backup_train_synth_photoize\cin\0060_coupleA.jpg
data/kyc\train\cin\0061_coupleA.jpg,data/backup_train_synth_photoize\cin\0061_coupleA.jpg
data/kyc\train\cin\0062_coupleA.jpg,data/backup_train_synth_photoize\cin\0062_coupleA.jpg
data/kyc\train\cin\0063_coupleA.jpg,data/backup_train_synth_photoize\cin\0063_coupleA.jpg
data/kyc\train\cin\0064_coupleA.jpg,data/backup_train_synth_photoize\cin\0064_coupleA.jpg
data/kyc\train\cin\0065_coupleA.jpg,data/backup_train_synth_photoize\cin\0065_coupleA.jpg
data/kyc\train\cin\0066_coupleA.jpg,data/backup_train_synth_photoize\cin\0066_coupleA.jpg
data/kyc\train\cin\0067_coupleA.jpg,data/backup_train_synth_photoize\cin\0067_coupleA.jpg
data/kyc\train\cin\0068_coupleA.jpg,data/backup_train_synth_photoize\cin\0068_coupleA.jpg
data/kyc\train\cin\0069_coupleA.jpg,data/backup_train_synth_photoize\cin\0069_coupleA.jpg
data/kyc\train\cin\0070_coupleA.jpg,data/backup_train_synth_photoize\cin\0070_coupleA.jpg
data/kyc\train\cin\0071_coupleA.jpg,data/backup_train_synth_photoize\cin\0071_coupleA.jpg
data/kyc\train\cin\0072_coupleA.jpg,data/backup_train_synth_photoize\cin\0072_coupleA.jpg
data/kyc\train\cin\0073_coupleA.jpg,data/backup_train_synth_photoize\cin\0073_coupleA.jpg
data/kyc\train\cin\0074_coupleA.jpg,data/backup_train_synth_photoize\cin\0074_coupleA.jpg
data/kyc\train\cin\0075_coupleA.jpg,data/backup_train_synth_photoize\cin\0075_coupleA.jpg
data/kyc\train\cin\0076_coupleA.jpg,data/backup_train_synth_photoize\cin\0076_coupleA.jpg
data/kyc\train\cin\0077_coupleA.jpg,data/backup_train_synth_photoize\cin\0077_coupleA.jpg
data/kyc\train\cin\0078_coupleA.jpg,data/backup_train_synth_photoize\cin\0078_coupleA.jpg
data/kyc\train\cin\0079_coupleA.jpg,data/backup_train_synth_photoize\cin\0079_coupleA.jpg
data/kyc\train\cin\0080_coupleA.jpg,data/backup_train_synth_photoize\cin\0080_coupleA.jpg
data/kyc\train\cin\0081_coupleA.jpg,data/backup_train_synth_photoize\cin\0081_coupleA.jpg
data/kyc\train\cin\0082_coupleA.jpg,data/backup_train_synth_photoize\cin\0082_coupleA.jpg
data/kyc\train\cin\0083_coupleA.jpg,data/backup_train_synth_photoize\cin\0083_coupleA.jpg
data/kyc\train\cin\0084_coupleA.jpg,data/backup_train_synth_photoize\cin\0084_coupleA.jpg
data/kyc\train\cin\0085_coupleA.jpg,data/backup_train_synth_photoize\cin\0085_coupleA.jpg
data/kyc\train\cin\0086_coupleA.jpg,data/backup_train_synth_photoize\cin\0086_coupleA.jpg
data/kyc\train\cin\0087_coupleA.jpg,data/backup_train_synth_photoize\cin\0087_coupleA.jpg
data/kyc\train\cin\0088_coupleA.jpg,data/backup_train_synth_photoize\cin\0088_coupleA.jpg
data/kyc\train\cin\0089_coupleA.jpg,data/backup_train_synth_photoize\cin\0089_coupleA.jpg
data/kyc\train\cin\0090_coupleA.jpg,data/backup_train_synth_photoize\cin\0090_coupleA.jpg
data/kyc\train\cin\0091_coupleA.jpg,data/backup_train_synth_photoize\cin\0091_coupleA.jpg
data/kyc\train\cin\0092_coupleA.jpg,data/backup_train_synth_photoize\cin\0092_coupleA.jpg
data/kyc\train\cin\0093_coupleA.jpg,data/backup_train_synth_photoize\cin\0093_coupleA.jpg
data/kyc\train\cin\0094_coupleA.jpg,data/backup_train_synth_photoize\cin\0094_coupleA.jpg
data/kyc\train\cin\0095_coupleA.jpg,data/backup_train_synth_photoize\cin\0095_coupleA.jpg
data/kyc\train\cin\0096_coupleA.jpg,data/backup_train_synth_photoize\cin\0096_coupleA.jpg
data/kyc\train\cin\0097_coupleA.jpg,data/backup_train_synth_photoize\cin\0097_coupleA.jpg
data/kyc\train\cin\0098_coupleA.jpg,data/backup_train_synth_photoize\cin\0098_coupleA.jpg
data/kyc\train\cin\0099_coupleA.jpg,data/backup_train_synth_photoize\cin\0099_coupleA.jpg
data/kyc\train\cin\0100_coupleA.jpg,data/backup_train_synth_photoize\cin\0100_coupleA.jpg
data/kyc\train\cin\0101_coupleA.jpg,data/backup_train_synth_photoize\cin\0101_coupleA.jpg
data/kyc\train\cin\0102_coupleA.jpg,data/backup_train_synth_photoize\cin\0102_coupleA.jpg
data/kyc\train\cin\0103_coupleA.jpg,data/backup_train_synth_photoize\cin\0103_coupleA.jpg
data/kyc\train\cin\0104_coupleA.jpg,data/backup_train_synth_photoize\cin\0104_coupleA.jpg
data/kyc\train\cin\0105_coupleA.jpg,data/backup_train_synth_photoize\cin\0105_coupleA.jpg
data/kyc\train\cin\0106_coupleA.jpg,data/backup_train_synth_photoize\cin\0106_coupleA.jpg
data/kyc\train\cin\0107_coupleA.jpg,data/backup_train_synth_photoize\cin\0107_coupleA.jpg
data/kyc\train\cin\0108_coupleA.jpg,data/backup_train_synth_photoize\cin\0108_coupleA.jpg
data/kyc\train\cin\0109_coupleA.jpg,data/backup_train_synth_photoize\cin\0109_coupleA.jpg
data/kyc\train\cin\0110_coupleA.jpg,data/backup_train_synth_photoize\cin\0110_coupleA.jpg
data/kyc\train\cin\0111_coupleA.jpg,data/backup_train_synth_photoize\cin\0111_coupleA.jpg
data/kyc\train\cin\0112_coupleA.jpg,data/backup_train_synth_photoize\cin\0112_coupleA.jpg
data/kyc\train\cin\0113_coupleA.jpg,data/backup_train_synth_photoize\cin\0113_coupleA.jpg
data/kyc\train\cin\0114_coupleA.jpg,data/backup_train_synth_photoize\cin\0114_coupleA.jpg
data/kyc\train\cin\0115_coupleA.jpg,data/backup_train_synth_photoize\cin\0115_coupleA.jpg
data/kyc\train\cin\0116_coupleA.jpg,data/backup_train_synth_photoize\cin\0116_coupleA.jpg
data/kyc\train\cin\0117_coupleA.jpg,data/backup_train_synth_photoize\cin\0117_coupleA.jpg
data/kyc\train\cin\0118_coupleA.jpg,data/backup_train_synth_photoize\cin\0118_coupleA.jpg
data/kyc\train\cin\0119_coupleA.jpg,data/backup_train_synth_photoize\cin\0119_coupleA.jpg
data/kyc\train\cin\0120_coupleA.jpg,data/backup_train_synth_photoize\cin\0120_coupleA.jpg
data/kyc\train\cin\0121_coupleA.jpg,data/backup_train_synth_photoize\cin\0121_coupleA.jpg
data/kyc\train\cin\0122_coupleA.jpg,data/backup_train_synth_photoize\cin\0122_coupleA.jpg
data/kyc\train\cin\0123_coupleA.jpg,data/backup_train_synth_photoize\cin\0123_coupleA.jpg
data/kyc\train\cin\0124_coupleA.jpg,data/backup_train_synth_photoize\cin\0124_coupleA.jpg
data/kyc\train\cin\0125_coupleA.jpg,data/backup_train_synth_photoize\cin\0125_coupleA.jpg
data/kyc\train\cin\0126_coupleA.jpg,data/backup_train_synth_photoize\cin\0126_coupleA.jpg
data/kyc\train\cin\0127_coupleA.jpg,data/backup_train_synth_photoize\cin\0127_coupleA.jpg
data/kyc\train\cin\0128_coupleA.jpg,data/backup_train_synth_photoize\cin\0128_coupleA.jpg
data/kyc\train\cin\0129_coupleA.jpg,data/backup_train_synth_photoize\cin\0129_coupleA.jpg
data/kyc\train\cin\0130_coupleA.jpg,data/backup_train_synth_photoize\cin\0130_coupleA.jpg
data/kyc\train\cin\0131_coupleA.jpg,data/backup_train_synth_photoize\cin\0131_coupleA.jpg
data/kyc\train\cin\0132_coupleA.jpg,data/backup_train_synth_photoize\cin\0132_coupleA.jpg
data/kyc\train\cin\0133_coupleA.jpg,data/backup_train_synth_photoize\cin\0133_coupleA.jpg
data/kyc\train\cin\0134_coupleA.jpg,data/backup_train_synth_photoize\cin\0134_coupleA.jpg
data/kyc\train\cin\0135_coupleA.jpg,data/backup_train_synth_photoize\cin\0135_coupleA.jpg
data/kyc\train\cin\0136_coupleA.jpg,data/backup_train_synth_photoize\cin\0136_coupleA.jpg
data/kyc\train\cin\0137_coupleA.jpg,data/backup_train_synth_photoize\cin\0137_coupleA.jpg
data/kyc\train\cin\0138_coupleA.jpg,data/backup_train_synth_photoize\cin\0138_coupleA.jpg
data/kyc\train\cin\0139_coupleA.jpg,data/backup_train_synth_photoize\cin\0139_coupleA.jpg
data/kyc\train\cin\0140_coupleA.jpg,data/backup_train_synth_photoize\cin\0140_coupleA.jpg
data/kyc\train\cin\0141_coupleA.jpg,data/backup_train_synth_photoize\cin\0141_coupleA.jpg
data/kyc\train\cin\0142_coupleA.jpg,data/backup_train_synth_photoize\cin\0142_coupleA.jpg
data/kyc\train\cin\0143_coupleA.jpg,data/backup_train_synth_photoize\cin\0143_coupleA.jpg
data/kyc\train\cin\0144_coupleA.jpg,data/backup_train_synth_photoize\cin\0144_coupleA.jpg
data/kyc\train\cin\0145_coupleA.jpg,data/backup_train_synth_photoize\cin\0145_coupleA.jpg
data/kyc\train\cin\0146_coupleA.jpg,data/backup_train_synth_photoize\cin\0146_coupleA.jpg
data/kyc\train\cin\0147_coupleA.jpg,data/backup_train_synth_photoize\cin\0147_coupleA.jpg
data/kyc\train\cin\0148_coupleA.jpg,data/backup_train_synth_photoize\cin\0148_coupleA.jpg
data/kyc\train\cin\0149_coupleA.jpg,data/backup_train_synth_photoize\cin\0149_coupleA.jpg
data/kyc\train\cin\0150_coupleA.jpg,data/backup_train_synth_photoize\cin\0150_coupleA.jpg
data/kyc\train\cin\0151_coupleA.jpg,data/backup_train_synth_photoize\cin\0151_coupleA.jpg
data/kyc\train\cin\0152_coupleA.jpg,data/backup_train_synth_photoize\cin\0152_coupleA.jpg
data/kyc\train\cin\0153_coupleA.jpg,data/backup_train_synth_photoize\cin\0153_coupleA.jpg
data/kyc\train\cin\0154_coupleA.jpg,data/backup_train_synth_photoize\cin\0154_coupleA.jpg
data/kyc\train\cin\0155_coupleA.jpg,data/backup_train_synth_photoize\cin\0155_coupleA.jpg
data/kyc\train\cin\0156_coupleA.jpg,data/backup_train_synth_photoize\cin\0156_coupleA.jpg
data/kyc\train\cin\0157_coupleA.jpg,data/backup_train_synth_photoize\cin\0157_coupleA.jpg
data/kyc\train\cin\0158_coupleA.jpg,data/backup_train_synth_photoize\cin\0158_coupleA.jpg
data/kyc\train\cin\0159_coupleA.jpg,data/backup_train_synth_photoize\cin\0159_coupleA.jpg
data/kyc\train\cin\0160_coupleA.jpg,data/backup_train_synth_photoize\cin\0160_coupleA.jpg
data/kyc\train\cin\0161_coupleA.jpg,data/backup_train_synth_photoize\cin\0161_coupleA.jpg
data/kyc\train\cin\0162_coupleA.jpg,data/backup_train_synth_photoize\cin\0162_coupleA.jpg
data/kyc\train\cin\0163_coupleA.jpg,data/backup_train_synth_photoize\cin\0163_coupleA.jpg
data/kyc\train\cin\0164_coupleA.jpg,data/backup_train_synth_photoize\cin\0164_coupleA.jpg
data/kyc\train\cin\0165_coupleA.jpg,data/backup_train_synth_photoize\cin\0165_coupleA.jpg
data/kyc\train\cin\0166_coupleA.jpg,data/backup_train_synth_photoize\cin\0166_coupleA.jpg
data/kyc\train\cin\0167_coupleA.jpg,data/backup_train_synth_photoize\cin\0167_coupleA.jpg
data/kyc\train\cin\0168_coupleA.jpg,data/backup_train_synth_photoize\cin\0168_coupleA.jpg
data/kyc\train\cin\0169_coupleA.jpg,data/backup_train_synth_photoize\cin\0169_coupleA.jpg
data/kyc\train\cin\0170_coupleA.jpg,data/backup_train_synth_photoize\cin\0170_coupleA.jpg
data/kyc\train\cin\0171_coupleA.jpg,data/backup_train_synth_photoize\cin\0171_coupleA.jpg
data/kyc\train\cin\0172_coupleA.jpg,data/backup_train_synth_photoize\cin\0172_coupleA.jpg
data/kyc\train\cin\0173_coupleA.jpg,data/backup_train_synth_photoize\cin\0173_coupleA.jpg
data/kyc\train\cin\0174_coupleA.jpg,data/backup_train_synth_photoize\cin\0174_coupleA.jpg
data/kyc\train\cin\0175_coupleA.jpg,data/backup_train_synth_photoize\cin\0175_coupleA.jpg
data/kyc\train\cin\0176_coupleA.jpg,data/backup_train_synth_photoize\cin\0176_coupleA.jpg
data/kyc\train\cin\0177_coupleA.jpg,data/backup_train_synth_photoize\cin\0177_coupleA.jpg
data/kyc\train\cin\0178_coupleA.jpg,data/backup_train_synth_photoize\cin\0178_coupleA.jpg
data/kyc\train\cin\0179_coupleA.jpg,data/backup_train_synth_photoize\cin\0179_coupleA.jpg
data/kyc\train\cin\0180_coupleA.jpg,data/backup_train_synth_photoize\cin\0180_coupleA.jpg
data/kyc\train\cin\0181_coupleA.jpg,data/backup_train_synth_photoize\cin\0181_coupleA.jpg
data/kyc\train\cin\0182_coupleA.jpg,data/backup_train_synth_photoize\cin\0182_coupleA.jpg
data/kyc\train\cin\0183_coupleA.jpg,data/backup_train_synth_photoize\cin\0183_coupleA.jpg
data/kyc\train\cin\0184_coupleA.jpg,data/backup_train_synth_photoize\cin\0184_coupleA.jpg
data/kyc\train\cin\0185_coupleA.jpg,data/backup_train_synth_photoize\cin\0185_coupleA.jpg
data/kyc\train\cin\0186_coupleA.jpg,data/backup_train_synth_photoize\cin\0186_coupleA.jpg
data/kyc\train\cin\0187_coupleA.jpg,data/backup_train_synth_photoize\cin\0187_coupleA.jpg
data/kyc\train\cin\0188_coupleA.jpg,data/backup_train_synth_photoize\cin\0188_coupleA.jpg
data/kyc\train\cin\0189_coupleA.jpg,data/backup_train_synth_photoize\cin\0189_coupleA.jpg
data/kyc\train\cin\0190_coupleA.jpg,data/backup_train_synth_photoize\cin\0190_coupleA.jpg
data/kyc\train\cin\0191_coupleA.jpg,data/backup_train_synth_photoize\cin\0191_coupleA.jpg
data/kyc\train\cin\0192_coupleA.jpg,data/backup_train_synth_photoize\cin\0192_coupleA.jpg
data/kyc\train\cin\0193_coupleA.jpg,data/backup_train_synth_photoize\cin\0193_coupleA.jpg
data/kyc\train\cin\0194_coupleA.jpg,data/backup_train_synth_photoize\cin\0194_coupleA.jpg
data/kyc\train\cin\0195_coupleA.jpg,data/backup_train_synth_photoize\cin\0195_coupleA.jpg
data/kyc\train\cin\0196_coupleA.jpg,data/backup_train_synth_photoize\cin\0196_coupleA.jpg
data/kyc\train\cin\0197_coupleA.jpg,data/backup_train_synth_photoize\cin\0197_coupleA.jpg
data/kyc\train\cin\0198_coupleA.jpg,data/backup_train_synth_photoize\cin\0198_coupleA.jpg
data/kyc\train\cin\0199_coupleA.jpg,data/backup_train_synth_photoize\cin\0199_coupleA.jpg
data/kyc\train\cin\0200_coupleA.jpg,data/backup_train_synth_photoize\cin\0200_coupleA.jpg
data/kyc\train\cin\0201_coupleA.jpg,data/backup_train_synth_photoize\cin\0201_coupleA.jpg
data/kyc\train\cin\0202_coupleA.jpg,data/backup_train_synth_photoize\cin\0202_coupleA.jpg
data/kyc\train\cin\0203_coupleA.jpg,data/backup_train_synth_photoize\cin\0203_coupleA.jpg
data/kyc\train\cin\0204_coupleA.jpg,data/backup_train_synth_photoize\cin\0204_coupleA.jpg
data/kyc\train\cin\0205_coupleA.jpg,data/backup_train_synth_photoize\cin\0205_coupleA.jpg
data/kyc\train\cin\0206_coupleA.jpg,data/backup_train_synth_photoize\cin\0206_coupleA.jpg
data/kyc\train\cin\0207_coupleA.jpg,data/backup_train_synth_photoize\cin\0207_coupleA.jpg
data/kyc\train\cin\0208_coupleA.jpg,data/backup_train_synth_photoize\cin\0208_coupleA.jpg
data/kyc\train\cin\0209_coupleA.jpg,data/backup_train_synth_photoize\cin\0209_coupleA.jpg
data/kyc\train\cin\0210_coupleA.jpg,data/backup_train_synth_photoize\cin\0210_coupleA.jpg
data/kyc\train\cin\0211_coupleA.jpg,data/backup_train_synth_photoize\cin\0211_coupleA.jpg
data/kyc\train\cin\0212_coupleA.jpg,data/backup_train_synth_photoize\cin\0212_coupleA.jpg
data/kyc\train\cin\0213_coupleA.jpg,data/backup_train_synth_photoize\cin\0213_coupleA.jpg
data/kyc\train\cin\0214_coupleA.jpg,data/backup_train_synth_photoize\cin\0214_coupleA.jpg
data/kyc\train\cin\0215_coupleA.jpg,data/backup_train_synth_photoize\cin\0215_coupleA.jpg
data/kyc\train\cin\0216_coupleA.jpg,data/backup_train_synth_photoize\cin\0216_coupleA.jpg
data/kyc\train\cin\0217_coupleA.jpg,data/backup_train_synth_photoize\cin\0217_coupleA.jpg
data/kyc\train\cin\0218_coupleA.jpg,data/backup_train_synth_photoize\cin\0218_coupleA.jpg
data/kyc\train\cin\0219_coupleA.jpg,data/backup_train_synth_photoize\cin\0219_coupleA.jpg
data/kyc\train\cin\0220_coupleA.jpg,data/backup_train_synth_photoize\cin\0220_coupleA.jpg
data/kyc\train\cin\0221_coupleA.jpg,data/backup_train_synth_photoize\cin\0221_coupleA.jpg
data/kyc\train\cin\0222_coupleA.jpg,data/backup_train_synth_photoize\cin\0222_coupleA.jpg
data/kyc\train\cin\0223_coupleA.jpg,data/backup_train_synth_photoize\cin\0223_coupleA.jpg
data/kyc\train\cin\0224_coupleA.jpg,data/backup_train_synth_photoize\cin\0224_coupleA.jpg
data/kyc\train\cin\0225_coupleA.jpg,data/backup_train_synth_photoize\cin\0225_coupleA.jpg
data/kyc\train\cin\0226_coupleA.jpg,data/backup_train_synth_photoize\cin\0226_coupleA.jpg
data/kyc\train\cin\0227_coupleA.jpg,data/backup_train_synth_photoize\cin\0227_coupleA.jpg
data/kyc\train\cin\0228_coupleA.jpg,data/backup_train_synth_photoize\cin\0228_coupleA.jpg
data/kyc\train\cin\0229_coupleA.jpg,data/backup_train_synth_photoize\cin\0229_coupleA.jpg
data/kyc\train\cin\0230_coupleA.jpg,data/backup_train_synth_photoize\cin\0230_coupleA.jpg
data/kyc\train\cin\0231_coupleA.jpg,data/backup_train_synth_photoize\cin\0231_coupleA.jpg
data/kyc\train\cin\0232_coupleA.jpg,data/backup_train_synth_photoize\cin\0232_coupleA.jpg
data/kyc\train\cin\0233_coupleA.jpg,data/backup_train_synth_photoize\cin\0233_coupleA.jpg
data/kyc\train\cin\0234_coupleA.jpg,data/backup_train_synth_photoize\cin\0234_coupleA.jpg
data/kyc\train\cin\0235_coupleA.jpg,data/backup_train_synth_photoize\cin\0235_coupleA.jpg
data/kyc\train\cin\0236_coupleA.jpg,data/backup_train_synth_photoize\cin\0236_coupleA.jpg
data/kyc\train\cin\0237_coupleA.jpg,data/backup_train_synth_photoize\cin\0237_coupleA.jpg
data/kyc\train\cin\0238_coupleA.jpg,data/backup_train_synth_photoize\cin\0238_coupleA.jpg
data/kyc\train\cin\0239_coupleA.jpg,data/backup_train_synth_photoize\cin\0239_coupleA.jpg
data/kyc\train\cin\0240_coupleA.jpg,data/backup_train_synth_photoize\cin\0240_coupleA.jpg
data/kyc\train\cin\0241_coupleA.jpg,data/backup_train_synth_photoize\cin\0241_coupleA.jpg
data/kyc\train\cin\0242_coupleA.jpg,data/backup_train_synth_photoize\cin\0242_coupleA.jpg
data/kyc\train\cin\0243_coupleA.jpg,data/backup_train_synth_photoize\cin\0243_coupleA.jpg
data/kyc\train\cin\0244_coupleA.jpg,data/backup_train_synth_photoize\cin\0244_coupleA.jpg
data/kyc\train\cin\0245_coupleA.jpg,data/backup_train_synth_photoize\cin\0245_coupleA.jpg
data/kyc\train\cin\0246_coupleA.jpg,data/backup_train_synth_photoize\cin\0246_coupleA.jpg
data/kyc\train\cin\0247_coupleA.jpg,data/backup_train_synth_photoize\cin\0247_coupleA.jpg
data/kyc\train\cin\0248_coupleA.jpg,data/backup_train_synth_photoize\cin\0248_coupleA.jpg
data/kyc\train\cin\0249_coupleA.jpg,data/backup_train_synth_photoize\cin\0249_coupleA.jpg
data/kyc\train\cin\0250_coupleA.jpg,data/backup_train_synth_photoize\cin\0250_coupleA.jpg
data/kyc\train\cin\0251_coupleA.jpg,data/backup_train_synth_photoize\cin\0251_coupleA.jpg
data/kyc\train\cin\0252_coupleA.jpg,data/backup_train_synth_photoize\cin\0252_coupleA.jpg
data/kyc\train\cin\0253_coupleA.jpg,data/backup_train_synth_photoize\cin\0253_coupleA.jpg
data/kyc\train\cin\0254_coupleA.jpg,data/backup_train_synth_photoize\cin\0254_coupleA.jpg
data/kyc\train\cin\0255_coupleA.jpg,data/backup_train_synth_photoize\cin\0255_coupleA.jpg
data/kyc\train\cin\0256_coupleA.jpg,data/backup_train_synth_photoize\cin\0256_coupleA.jpg
data/kyc\train\cin\0257_coupleA.jpg,data/backup_train_synth_photoize\cin\0257_coupleA.jpg
data/kyc\train\cin\0258_coupleA.jpg,data/backup_train_synth_photoize\cin\0258_coupleA.jpg
data/kyc\train\cin\0259_coupleA.jpg,data/backup_train_synth_photoize\cin\0259_coupleA.jpg
data/kyc\train\cin\0260_coupleA.jpg,data/backup_train_synth_photoize\cin\0260_coupleA.jpg
data/kyc\train\cin\0261_coupleA.jpg,data/backup_train_synth_photoize\cin\0261_coupleA.jpg
data/kyc\train\cin\0262_coupleA.jpg,data/backup_train_synth_photoize\cin\0262_coupleA.jpg
data/kyc\train\cin\0263_coupleA.jpg,data/backup_train_synth_photoize\cin\0263_coupleA.jpg
data/kyc\train\cin\0264_coupleA.jpg,data/backup_train_synth_photoize\cin\0264_coupleA.jpg
data/kyc\train\cin\0265_coupleA.jpg,data/backup_train_synth_photoize\cin\0265_coupleA.jpg
data/kyc\train\cin\0266_coupleA.jpg,data/backup_train_synth_photoize\cin\0266_coupleA.jpg
data/kyc\train\cin\0267_coupleA.jpg,data/backup_train_synth_photoize\cin\0267_coupleA.jpg
data/kyc\train\cin\0268_coupleA.jpg,data/backup_train_synth_photoize\cin\0268_coupleA.jpg
data/kyc\train\cin\0269_coupleA.jpg,data/backup_train_synth_photoize\cin\0269_coupleA.jpg
data/kyc\train\cin\0270_coupleA.jpg,data/backup_train_synth_photoize\cin\0270_coupleA.jpg
data/kyc\train\cin\0271_coupleA.jpg,data/backup_train_synth_photoize\cin\0271_coupleA.jpg
data/kyc\train\cin\0272_coupleA.jpg,data/backup_train_synth_photoize\cin\0272_coupleA.jpg
data/kyc\train\cin\0273_coupleA.jpg,data/backup_train_synth_photoize\cin\0273_coupleA.jpg
data/kyc\train\cin\0274_coupleA.jpg,data/backup_train_synth_photoize\cin\0274_coupleA.jpg
data/kyc\train\cin\0275_coupleA.jpg,data/backup_train_synth_photoize\cin\0275_coupleA.jpg
data/kyc\train\cin\0276_coupleA.jpg,data/backup_train_synth_photoize\cin\0276_coupleA.jpg
data/kyc\train\cin\0277_coupleA.jpg,data/backup_train_synth_photoize\cin\0277_coupleA.jpg
data/kyc\train\cin\0278_coupleA.jpg,data/backup_train_synth_photoize\cin\0278_coupleA.jpg
data/kyc\train\cin\0279_coupleA.jpg,data/backup_train_synth_photoize\cin\0279_coupleA.jpg
data/kyc\train\cin\0280_coupleA.jpg,data/backup_train_synth_photoize\cin\0280_coupleA.jpg
data/kyc\train\cin\0281_coupleA.jpg,data/backup_train_synth_photoize\cin\0281_coupleA.jpg
data/kyc\train\cin\0282_coupleA.jpg,data/backup_train_synth_photoize\cin\0282_coupleA.jpg
data/kyc\train\cin\0283_coupleA.jpg,data/backup_train_synth_photoize\cin\0283_coupleA.jpg
data/kyc\train\cin\0284_coupleA.jpg,data/backup_train_synth_photoize\cin\0284_coupleA.jpg
data/kyc\train\cin\0285_coupleA.jpg,data/backup_train_synth_photoize\cin\0285_coupleA.jpg
data/kyc\train\cin\0286_coupleA.jpg,data/backup_train_synth_photoize\cin\0286_coupleA.jpg
data/kyc\train\cin\0287_coupleA.jpg,data/backup_train_synth_photoize\cin\0287_coupleA.jpg
data/kyc\train\cin\0288_coupleA.jpg,data/backup_train_synth_photoize\cin\0288_coupleA.jpg
data/kyc\train\cin\0289_coupleA.jpg,data/backup_train_synth_photoize\cin\0289_coupleA.jpg
data/kyc\train\cin\0290_coupleA.jpg,data/backup_train_synth_photoize\cin\0290_coupleA.jpg
data/kyc\train\cin\0291_coupleA.jpg,data/backup_train_synth_photoize\cin\0291_coupleA.jpg
data/kyc\train\cin\0292_coupleA.jpg,data/backup_train_synth_photoize\cin\0292_coupleA.jpg
data/kyc\train\cin\0293_coupleA.jpg,data/backup_train_synth_photoize\cin\0293_coupleA.jpg
data/kyc\train\cin\0294_coupleA.jpg,data/backup_train_synth_photoize\cin\0294_coupleA.jpg
data/kyc\train\cin\0295_coupleA.jpg,data/backup_train_synth_photoize\cin\0295_coupleA.jpg
data/kyc\train\cin\0296_coupleA.jpg,data/backup_train_synth_photoize\cin\0296_coupleA.jpg
data/kyc\train\cin\0297_coupleA.jpg,data/backup_train_synth_photoize\cin\0297_coupleA.jpg
data/kyc\train\cin\0298_coupleA.jpg,data/backup_train_synth_photoize\cin\0298_coupleA.jpg
data/kyc\train\cin\0299_coupleA.jpg,data/backup_train_synth_photoize\cin\0299_coupleA.jpg
data/kyc\train\cin\0300_coupleA.jpg,data/backup_train_synth_photoize\cin\0300_coupleA.jpg
data/kyc\train\cin\0301_coupleA.jpg,data/backup_train_synth_photoize\cin\0301_coupleA.jpg
data/kyc\train\cin\0302_coupleA.jpg,data/backup_train_synth_photoize\cin\0302_coupleA.jpg
data/kyc\train\cin\0303_coupleA.jpg,data/backup_train_synth_photoize\cin\0303_coupleA.jpg
data/kyc\train\cin\0304_coupleA.jpg,data/backup_train_synth_photoize\cin\0304_coupleA.jpg
data/kyc\train\cin\0305_coupleA.jpg,data/backup_train_synth_photoize\cin\0305_coupleA.jpg
data/kyc\train\cin\0306_coupleA.jpg,data/backup_train_synth_photoize\cin\0306_coupleA.jpg
data/kyc\train\cin\0307_coupleA.jpg,data/backup_train_synth_photoize\cin\0307_coupleA.jpg
data/kyc\train\cin\0308_coupleA.jpg,data/backup_train_synth_photoize\cin\0308_coupleA.jpg
data/kyc\train\cin\0309_coupleA.jpg,data/backup_train_synth_photoize\cin\0309_coupleA.jpg
data/kyc\train\cin\0310_coupleA.jpg,data/backup_train_synth_photoize\cin\0310_coupleA.jpg
data/kyc\train\cin\0311_coupleA.jpg,data/backup_train_synth_photoize\cin\0311_coupleA.jpg
data/kyc\train\cin\0312_coupleA.jpg,data/backup_train_synth_photoize\cin\0312_coupleA.jpg
data/kyc\train\cin\0313_coupleA.jpg,data/backup_train_synth_photoize\cin\0313_coupleA.jpg
data/kyc\train\cin\0314_coupleA.jpg,data/backup_train_synth_photoize\cin\0314_coupleA.jpg
data/kyc\train\cin\0315_coupleA.jpg,data/backup_train_synth_photoize\cin\0315_coupleA.jpg
data/kyc\train\cin\0316_coupleA.jpg,data/backup_train_synth_photoize\cin\0316_coupleA.jpg
data/kyc\train\cin\0317_coupleA.jpg,data/backup_train_synth_photoize\cin\0317_coupleA.jpg
data/kyc\train\cin\0318_coupleA.jpg,data/backup_train_synth_photoize\cin\0318_coupleA.jpg
data/kyc\train\cin\0319_coupleA.jpg,data/backup_train_synth_photoize\cin\0319_coupleA.jpg
data/kyc\train\cin\0320_coupleA.jpg,data/backup_train_synth_photoize\cin\0320_coupleA.jpg
data/kyc\train\cin\0321_coupleA.jpg,data/backup_train_synth_photoize\cin\0321_coupleA.jpg
data/kyc\train\cin\0322_coupleA.jpg,data/backup_train_synth_photoize\cin\0322_coupleA.jpg
data/kyc\train\cin\0323_coupleA.jpg,data/backup_train_synth_photoize\cin\0323_coupleA.jpg
data/kyc\train\cin\0324_coupleA.jpg,data/backup_train_synth_photoize\cin\0324_coupleA.jpg
data/kyc\train\cin\0325_coupleA.jpg,data/backup_train_synth_photoize\cin\0325_coupleA.jpg
data/kyc\train\cin\0326_coupleA.jpg,data/backup_train_synth_photoize\cin\0326_coupleA.jpg
data/kyc\train\cin\0327_coupleA.jpg,data/backup_train_synth_photoize\cin\0327_coupleA.jpg
data/kyc\train\cin\0328_coupleA.jpg,data/backup_train_synth_photoize\cin\0328_coupleA.jpg
data/kyc\train\cin\0329_coupleA.jpg,data/backup_train_synth_photoize\cin\0329_coupleA.jpg
data/kyc\train\cin\0330_coupleA.jpg,data/backup_train_synth_photoize\cin\0330_coupleA.jpg
data/kyc\train\cin\0331_coupleA.jpg,data/backup_train_synth_photoize\cin\0331_coupleA.jpg
data/kyc\train\cin\0332_coupleA.jpg,data/backup_train_synth_photoize\cin\0332_coupleA.jpg
data/kyc\train\cin\0333_coupleA.jpg,data/backup_train_synth_photoize\cin\0333_coupleA.jpg
data/kyc\train\cin\0334_coupleA.jpg,data/backup_train_synth_photoize\cin\0334_coupleA.jpg
data/kyc\train\cin\0335_coupleA.jpg,data/backup_train_synth_photoize\cin\0335_coupleA.jpg
data/kyc\train\cin\0336_coupleA.jpg,data/backup_train_synth_photoize\cin\0336_coupleA.jpg
data/kyc\train\cin\0337_coupleA.jpg,data/backup_train_synth_photoize\cin\0337_coupleA.jpg
data/kyc\train\cin\0338_coupleA.jpg,data/backup_train_synth_photoize\cin\0338_coupleA.jpg
data/kyc\train\cin\0339_coupleA.jpg,data/backup_train_synth_photoize\cin\0339_coupleA.jpg
data/kyc\train\cin\0340_coupleA.jpg,data/backup_train_synth_photoize\cin\0340_coupleA.jpg
data/kyc\train\cin\0341_coupleA.jpg,data/backup_train_synth_photoize\cin\0341_coupleA.jpg
data/kyc\train\cin\0342_coupleA.jpg,data/backup_train_synth_photoize\cin\0342_coupleA.jpg
data/kyc\train\cin\0343_coupleA.jpg,data/backup_train_synth_photoize\cin\0343_coupleA.jpg
data/kyc\train\cin\0344_coupleA.jpg,data/backup_train_synth_photoize\cin\0344_coupleA.jpg
data/kyc\train\cin\0345_coupleA.jpg,data/backup_train_synth_photoize\cin\0345_coupleA.jpg
data/kyc\train\cin\0346_coupleA.jpg,data/backup_train_synth_photoize\cin\0346_coupleA.jpg
data/kyc\train\cin\0347_coupleA.jpg,data/backup_train_synth_photoize\cin\0347_coupleA.jpg
data/kyc\train\cin\0348_coupleA.jpg,data/backup_train_synth_photoize\cin\0348_coupleA.jpg
data/kyc\train\cin\0349_coupleA.jpg,data/backup_train_synth_photoize\cin\0349_coupleA.jpg
data/kyc\train\cin\0350_coupleA.jpg,data/backup_train_synth_photoize\cin\0350_coupleA.jpg
data/kyc\train\cin\0351_coupleA.jpg,data/backup_train_synth_photoize\cin\0351_coupleA.jpg
data/kyc\train\cin\0352_coupleA.jpg,data/backup_train_synth_photoize\cin\0352_coupleA.jpg
data/kyc\train\cin\0353_coupleA.jpg,data/backup_train_synth_photoize\cin\0353_coupleA.jpg
data/kyc\train\cin\0354_coupleA.jpg,data/backup_train_synth_photoize\cin\0354_coupleA.jpg
data/kyc\train\cin\0355_coupleA.jpg,data/backup_train_synth_photoize\cin\0355_coupleA.jpg
data/kyc\train\cin\0356_coupleA.jpg,data/backup_train_synth_photoize\cin\0356_coupleA.jpg
data/kyc\train\cin\0357_coupleA.jpg,data/backup_train_synth_photoize\cin\0357_coupleA.jpg
data/kyc\train\cin\0358_coupleA.jpg,data/backup_train_synth_photoize\cin\0358_coupleA.jpg
data/kyc\train\cin\0359_coupleA.jpg,data/backup_train_synth_photoize\cin\0359_coupleA.jpg
data/kyc\train\cin\0360_coupleA.jpg,data/backup_train_synth_photoize\cin\0360_coupleA.jpg
data/kyc\train\cin\0361_coupleA.jpg,data/backup_train_synth_photoize\cin\0361_coupleA.jpg
data/kyc\train\cin\0362_coupleA.jpg,data/backup_train_synth_photoize\cin\0362_coupleA.jpg
data/kyc\train\cin\0363_coupleA.jpg,data/backup_train_synth_photoize\cin\0363_coupleA.jpg
data/kyc\train\cin\0364_coupleA.jpg,data/backup_train_synth_photoize\cin\0364_coupleA.jpg
data/kyc\train\cin\0365_coupleA.jpg,data/backup_train_synth_photoize\cin\0365_coupleA.jpg
data/kyc\train\cin\0366_coupleA.jpg,data/backup_train_synth_photoize\cin\0366_coupleA.jpg
data/kyc\train\cin\0367_coupleA.jpg,data/backup_train_synth_photoize\cin\0367_coupleA.jpg
data/kyc\train\cin\0368_coupleA.jpg,data/backup_train_synth_photoize\cin\0368_coupleA.jpg
data/kyc\train\cin\0369_coupleA.jpg,data/backup_train_synth_photoize\cin\0369_coupleA.jpg
data/kyc\train\cin\0370_coupleA.jpg,data/backup_train_synth_photoize\cin\0370_coupleA.jpg
data/kyc\train\cin\0371_coupleA.jpg,data/backup_train_synth_photoize\cin\0371_coupleA.jpg
data/kyc\train\cin\0372_coupleA.jpg,data/backup_train_synth_photoize\cin\0372_coupleA.jpg
data/kyc\train\cin\0373_coupleA.jpg,data/backup_train_synth_photoize\cin\0373_coupleA.jpg
data/kyc\train\cin\0374_coupleA.jpg,data/backup_train_synth_photoize\cin\0374_coupleA.jpg
data/kyc\train\cin\0375_coupleA.jpg,data/backup_train_synth_photoize\cin\0375_coupleA.jpg
data/kyc\train\cin\0376_coupleA.jpg,data/backup_train_synth_photoize\cin\0376_coupleA.jpg
data/kyc\train\cin\0377_coupleA.jpg,data/backup_train_synth_photoize\cin\0377_coupleA.jpg
data/kyc\train\cin\0378_coupleA.jpg,data/backup_train_synth_photoize\cin\0378_coupleA.jpg
data/kyc\train\cin\0379_coupleA.jpg,data/backup_train_synth_photoize\cin\0379_coupleA.jpg
data/kyc\train\cin\0380_coupleA.jpg,data/backup_train_synth_photoize\cin\0380_coupleA.jpg
data/kyc\train\cin\0381_coupleA.jpg,data/backup_train_synth_photoize\cin\0381_coupleA.jpg
data/kyc\train\cin\0382_coupleA.jpg,data/backup_train_synth_photoize\cin\0382_coupleA.jpg
data/kyc\train\cin\0383_coupleA.jpg,data/backup_train_synth_photoize\cin\0383_coupleA.jpg
data/kyc\train\cin\0384_coupleA.jpg,data/backup_train_synth_photoize\cin\0384_coupleA.jpg
data/kyc\train\cin\0385_coupleA.jpg,data/backup_train_synth_photoize\cin\0385_coupleA.jpg
data/kyc\train\cin\0386_coupleA.jpg,data/backup_train_synth_photoize\cin\0386_coupleA.jpg
data/kyc\train\cin\0387_coupleA.jpg,data/backup_train_synth_photoize\cin\0387_coupleA.jpg
data/kyc\train\cin\0388_coupleA.jpg,data/backup_train_synth_photoize\cin\0388_coupleA.jpg
data/kyc\train\cin\0389_coupleA.jpg,data/backup_train_synth_photoize\cin\0389_coupleA.jpg
data/kyc\train\cin\0390_coupleA.jpg,data/backup_train_synth_photoize\cin\0390_coupleA.jpg
data/kyc\train\cin\0391_coupleA.jpg,data/backup_train_synth_photoize\cin\0391_coupleA.jpg
data/kyc\train\cin\0392_coupleA.jpg,data/backup_train_synth_photoize\cin\0392_coupleA.jpg
data/kyc\train\cin\0393_coupleA.jpg,data/backup_train_synth_photoize\cin\0393_coupleA.jpg
data/kyc\train\cin\0394_coupleA.jpg,data/backup_train_synth_photoize\cin\0394_coupleA.jpg
data/kyc\train\cin\0395_coupleA.jpg,data/backup_train_synth_photoize\cin\0395_coupleA.jpg
data/kyc\train\cin\0396_coupleA.jpg,data/backup_train_synth_photoize\cin\0396_coupleA.jpg
data/kyc\train\cin\0397_coupleA.jpg,data/backup_train_synth_photoize\cin\0397_coupleA.jpg
data/kyc\train\cin\0398_coupleA.jpg,data/backup_train_synth_photoize\cin\0398_coupleA.jpg
data/kyc\train\cin\0399_coupleA.jpg,data/backup_train_synth_photoize\cin\0399_coupleA.jpg
data/kyc\train\cin\0400_coupleA.jpg,data/backup_train_synth_photoize\cin\0400_coupleA.jpg
data/kyc\train\cin\0401_coupleA.jpg,data/backup_train_synth_photoize\cin\0401_coupleA.jpg
data/kyc\train\cin\0402_coupleA.jpg,data/backup_train_synth_photoize\cin\0402_coupleA.jpg
data/kyc\train\cin\0403_coupleA.jpg,data/backup_train_synth_photoize\cin\0403_coupleA.jpg
data/kyc\train\cin\0404_coupleA.jpg,data/backup_train_synth_photoize\cin\0404_coupleA.jpg
data/kyc\train\cin\0405_coupleA.jpg,data/backup_train_synth_photoize\cin\0405_coupleA.jpg
data/kyc\train\cin\0406_coupleA.jpg,data/backup_train_synth_photoize\cin\0406_coupleA.jpg
data/kyc\train\cin\0407_coupleA.jpg,data/backup_train_synth_photoize\cin\0407_coupleA.jpg
data/kyc\train\cin\0408_coupleA.jpg,data/backup_train_synth_photoize\cin\0408_coupleA.jpg
data/kyc\train\cin\0409_coupleA.jpg,data/backup_train_synth_photoize\cin\0409_coupleA.jpg
data/kyc\train\cin\0410_coupleA.jpg,data/backup_train_synth_photoize\cin\0410_coupleA.jpg
data/kyc\train\cin\0411_coupleA.jpg,data/backup_train_synth_photoize\cin\0411_coupleA.jpg
data/kyc\train\cin\0412_coupleA.jpg,data/backup_train_synth_photoize\cin\0412_coupleA.jpg
data/kyc\train\cin\0413_coupleA.jpg,data/backup_train_synth_photoize\cin\0413_coupleA.jpg
data/kyc\train\cin\0414_coupleA.jpg,data/backup_train_synth_photoize\cin\0414_coupleA.jpg
data/kyc\train\cin\0415_coupleA.jpg,data/backup_train_synth_photoize\cin\0415_coupleA.jpg
data/kyc\train\cin\0416_coupleA.jpg,data/backup_train_synth_photoize\cin\0416_coupleA.jpg
data/kyc\train\cin\0417_coupleA.jpg,data/backup_train_synth_photoize\cin\0417_coupleA.jpg
data/kyc\train\cin\0418_coupleA.jpg,data/backup_train_synth_photoize\cin\0418_coupleA.jpg
data/kyc\train\cin\0419_coupleA.jpg,data/backup_train_synth_photoize\cin\0419_coupleA.jpg
data/kyc\train\cin\0420_coupleA.jpg,data/backup_train_synth_photoize\cin\0420_coupleA.jpg
data/kyc\train\cin\0421_coupleA.jpg,data/backup_train_synth_photoize\cin\0421_coupleA.jpg
data/kyc\train\cin\0422_coupleA.jpg,data/backup_train_synth_photoize\cin\0422_coupleA.jpg
data/kyc\train\cin\0423_coupleA.jpg,data/backup_train_synth_photoize\cin\0423_coupleA.jpg
data/kyc\train\cin\0424_coupleA.jpg,data/backup_train_synth_photoize\cin\0424_coupleA.jpg
data/kyc\train\cin\0425_coupleA.jpg,data/backup_train_synth_photoize\cin\0425_coupleA.jpg
data/kyc\train\cin\0426_coupleA.jpg,data/backup_train_synth_photoize\cin\0426_coupleA.jpg
data/kyc\train\cin\0427_coupleA.jpg,data/backup_train_synth_photoize\cin\0427_coupleA.jpg
data/kyc\train\cin\0428_coupleA.jpg,data/backup_train_synth_photoize\cin\0428_coupleA.jpg
data/kyc\train\cin\0429_coupleA.jpg,data/backup_train_synth_photoize\cin\0429_coupleA.jpg
data/kyc\train\cin\0430_coupleA.jpg,data/backup_train_synth_photoize\cin\0430_coupleA.jpg
data/kyc\train\cin\0431_coupleA.jpg,data/backup_train_synth_photoize\cin\0431_coupleA.jpg
data/kyc\train\cin\0432_coupleA.jpg,data/backup_train_synth_photoize\cin\0432_coupleA.jpg
data/kyc\train\cin\0433_coupleA.jpg,data/backup_train_synth_photoize\cin\0433_coupleA.jpg
data/kyc\train\cin\0434_coupleA.jpg,data/backup_train_synth_photoize\cin\0434_coupleA.jpg
data/kyc\train\cin\0435_coupleA.jpg,data/backup_train_synth_photoize\cin\0435_coupleA.jpg
data/kyc\train\cin\0436_coupleA.jpg,data/backup_train_synth_photoize\cin\0436_coupleA.jpg
data/kyc\train\cin\0437_coupleA.jpg,data/backup_train_synth_photoize\cin\0437_coupleA.jpg
data/kyc\train\cin\0438_coupleA.jpg,data/backup_train_synth_photoize\cin\0438_coupleA.jpg
data/kyc\train\cin\0439_coupleA.jpg,data/backup_train_synth_photoize\cin\0439_coupleA.jpg
data/kyc\train\cin\0440_coupleA.jpg,data/backup_train_synth_photoize\cin\0440_coupleA.jpg
data/kyc\train\cin\0441_coupleA.jpg,data/backup_train_synth_photoize\cin\0441_coupleA.jpg
data/kyc\train\cin\0442_coupleA.jpg,data/backup_train_synth_photoize\cin\0442_coupleA.jpg
data/kyc\train\cin\0443_coupleA.jpg,data/backup_train_synth_photoize\cin\0443_coupleA.jpg
data/kyc\train\cin\0444_coupleA.jpg,data/backup_train_synth_photoize\cin\0444_coupleA.jpg
data/kyc\train\cin\0445_coupleA.jpg,data/backup_train_synth_photoize\cin\0445_coupleA.jpg
data/kyc\train\cin\0446_coupleA.jpg,data/backup_train_synth_photoize\cin\0446_coupleA.jpg
data/kyc\train\cin\0447_coupleA.jpg,data/backup_train_synth_photoize\cin\0447_coupleA.jpg
data/kyc\train\cin\0448_coupleA.jpg,data/backup_train_synth_photoize\cin\0448_coupleA.jpg
data/kyc\train\cin\0449_coupleA.jpg,data/backup_train_synth_photoize\cin\0449_coupleA.jpg
data/kyc\train\cin\0450_coupleA.jpg,data/backup_train_synth_photoize\cin\0450_coupleA.jpg
data/kyc\train\cin\0451_coupleA.jpg,data/backup_train_synth_photoize\cin\0451_coupleA.jpg
data/kyc\train\cin\0452_coupleA.jpg,data/backup_train_synth_photoize\cin\0452_coupleA.jpg
data/kyc\train\cin\0453_coupleA.jpg,data/backup_train_synth_photoize\cin\0453_coupleA.jpg
data/kyc\train\cin\0454_coupleA.jpg,data/backup_train_synth_photoize\cin\0454_coupleA.jpg
data/kyc\train\cin\0455_coupleA.jpg,data/backup_train_synth_photoize\cin\0455_coupleA.jpg
data/kyc\train\cin\0456_coupleA.jpg,data/backup_train_synth_photoize\cin\0456_coupleA.jpg
data/kyc\train\cin\0457_coupleA.jpg,data/backup_train_synth_photoize\cin\0457_coupleA.jpg
data/kyc\train\cin\0458_coupleA.jpg,data/backup_train_synth_photoize\cin\0458_coupleA.jpg
data/kyc\train\cin\0459_coupleA.jpg,data/backup_train_synth_photoize\cin\0459_coupleA.jpg
data/kyc\train\cin\0460_coupleA.jpg,data/backup_train_synth_photoize\cin\0460_coupleA.jpg
data/kyc\train\cin\0461_coupleA.jpg,data/backup_train_synth_photoize\cin\0461_coupleA.jpg
data/kyc\train\cin\0462_coupleA.jpg,data/backup_train_synth_photoize\cin\0462_coupleA.jpg
data/kyc\train\cin\0463_coupleA.jpg,data/backup_train_synth_photoize\cin\0463_coupleA.jpg
data/kyc\train\cin\0464_coupleA.jpg,data/backup_train_synth_photoize\cin\0464_coupleA.jpg
data/kyc\train\cin\0465_coupleA.jpg,data/backup_train_synth_photoize\cin\0465_coupleA.jpg
data/kyc\train\cin\0466_coupleA.jpg,data/backup_train_synth_photoize\cin\0466_coupleA.jpg
data/kyc\train\cin\0467_coupleA.jpg,data/backup_train_synth_photoize\cin\0467_coupleA.jpg
data/kyc\train\cin\0468_coupleA.jpg,data/backup_train_synth_photoize\cin\0468_coupleA.jpg
data/kyc\train\cin\0469_coupleA.jpg,data/backup_train_synth_photoize\cin\0469_coupleA.jpg
data/kyc\train\cin\0470_coupleA.jpg,data/backup_train_synth_photoize\cin\0470_coupleA.jpg
data/kyc\train\cin\0471_coupleA.jpg,data/backup_train_synth_photoize\cin\0471_coupleA.jpg
data/kyc\train\cin\0472_coupleA.jpg,data/backup_train_synth_photoize\cin\0472_coupleA.jpg
data/kyc\train\cin\0473_coupleA.jpg,data/backup_train_synth_photoize\cin\0473_coupleA.jpg
data/kyc\train\cin\0474_coupleA.jpg,data/backup_train_synth_photoize\cin\0474_coupleA.jpg
data/kyc\train\cin\0475_coupleA.jpg,data/backup_train_synth_photoize\cin\0475_coupleA.jpg
data/kyc\train\cin\0476_coupleA.jpg,data/backup_train_synth_photoize\cin\0476_coupleA.jpg
data/kyc\train\cin\0477_coupleA.jpg,data/backup_train_synth_photoize\cin\0477_coupleA.jpg
data/kyc\train\cin\0478_coupleA.jpg,data/backup_train_synth_photoize\cin\0478_coupleA.jpg
data/kyc\train\cin\0479_coupleA.jpg,data/backup_train_synth_photoize\cin\0479_coupleA.jpg
data/kyc\train\cin\0480_coupleA.jpg,data/backup_train_synth_photoize\cin\0480_coupleA.jpg
data/kyc\train\cin\0481_coupleA.jpg,data/backup_train_synth_photoize\cin\0481_coupleA.jpg
data/kyc\train\cin\0482_coupleA.jpg,data/backup_train_synth_photoize\cin\0482_coupleA.jpg
data/kyc\train\cin\0483_coupleA.jpg,data/backup_train_synth_photoize\cin\0483_coupleA.jpg
data/kyc\train\cin\0484_coupleA.jpg,data/backup_train_synth_photoize\cin\0484_coupleA.jpg
data/kyc\train\cin\0485_coupleA.jpg,data/backup_train_synth_photoize\cin\0485_coupleA.jpg
data/kyc\train\cin\0486_coupleA.jpg,data/backup_train_synth_photoize\cin\0486_coupleA.jpg
data/kyc\train\cin\0487_coupleA.jpg,data/backup_train_synth_photoize\cin\0487_coupleA.jpg
data/kyc\train\cin\0488_coupleA.jpg,data/backup_train_synth_photoize\cin\0488_coupleA.jpg
data/kyc\train\cin\0489_coupleA.jpg,data/backup_train_synth_photoize\cin\0489_coupleA.jpg
data/kyc\train\cin\0490_coupleA.jpg,data/backup_train_synth_photoize\cin\0490_coupleA.jpg
data/kyc\train\cin\0491_coupleA.jpg,data/backup_train_synth_photoize\cin\0491_coupleA.jpg
data/kyc\train\cin\0492_coupleA.jpg,data/backup_train_synth_photoize\cin\0492_coupleA.jpg
data/kyc\train\cin\0493_coupleA.jpg,data/backup_train_synth_photoize\cin\0493_coupleA.jpg
data/kyc\train\cin\0494_coupleA.jpg,data/backup_train_synth_photoize\cin\0494_coupleA.jpg
data/kyc\train\cin\0495_coupleA.jpg,data/backup_train_synth_photoize\cin\0495_coupleA.jpg
data/kyc\train\cin\0496_coupleA.jpg,data/backup_train_synth_photoize\cin\0496_coupleA.jpg
data/kyc\train\cin\0497_coupleA.jpg,data/backup_train_synth_photoize\cin\0497_coupleA.jpg
data/kyc\train\cin\0498_coupleA.jpg,data/backup_train_synth_photoize\cin\0498_coupleA.jpg
data/kyc\train\cin\0499_coupleA.jpg,data/backup_train_synth_photoize\cin\0499_coupleA.jpg
data/kyc\train\cin\0500_coupleA.jpg,data/backup_train_synth_photoize\cin\0500_coupleA.jpg
data/kyc\train\cin\0501_coupleA.jpg,data/backup_train_synth_photoize\cin\0501_coupleA.jpg
data/kyc\train\cin\0502_coupleA.jpg,data/backup_train_synth_photoize\cin\0502_coupleA.jpg
data/kyc\train\cin\0503_coupleA.jpg,data/backup_train_synth_photoize\cin\0503_coupleA.jpg
data/kyc\train\cin\0504_coupleA.jpg,data/backup_train_synth_photoize\cin\0504_coupleA.jpg
data/kyc\train\cin\0505_coupleA.jpg,data/backup_train_synth_photoize\cin\0505_coupleA.jpg
data/kyc\train\cin\0506_coupleA.jpg,data/backup_train_synth_photoize\cin\0506_coupleA.jpg
data/kyc\train\cin\0507_coupleA.jpg,data/backup_train_synth_photoize\cin\0507_coupleA.jpg
data/kyc\train\cin\0508_coupleA.jpg,data/backup_train_synth_photoize\cin\0508_coupleA.jpg
data/kyc\train\cin\0509_coupleA.jpg,data/backup_train_synth_photoize\cin\0509_coupleA.jpg
data/kyc\train\cin\0510_coupleA.jpg,data/backup_train_synth_photoize\cin\0510_coupleA.jpg
data/kyc\train\cin\0511_coupleA.jpg,data/backup_train_synth_photoize\cin\0511_coupleA.jpg
data/kyc\train\cin\0512_coupleA.jpg,data/backup_train_synth_photoize\cin\0512_coupleA.jpg
data/kyc\train\cin\0513_coupleA.jpg,data/backup_train_synth_photoize\cin\0513_coupleA.jpg
data/kyc\train\cin\0514_coupleA.jpg,data/backup_train_synth_photoize\cin\0514_coupleA.jpg
data/kyc\train\cin\0515_coupleA.jpg,data/backup_train_synth_photoize\cin\0515_coupleA.jpg
data/kyc\train\cin\0516_coupleA.jpg,data/backup_train_synth_photoize\cin\0516_coupleA.jpg
data/kyc\train\cin\0517_coupleA.jpg,data/backup_train_synth_photoize\cin\0517_coupleA.jpg
data/kyc\train\cin\0518_coupleA.jpg,data/backup_train_synth_photoize\cin\0518_coupleA.jpg
data/kyc\train\cin\0519_coupleA.jpg,data/backup_train_synth_photoize\cin\0519_coupleA.jpg
data/kyc\train\cin\0520_coupleA.jpg,data/backup_train_synth_photoize\cin\0520_coupleA.jpg
data/kyc\train\cin\0521_coupleA.jpg,data/backup_train_synth_photoize\cin\0521_coupleA.jpg
data/kyc\train\cin\0522_coupleA.jpg,data/backup_train_synth_photoize\cin\0522_coupleA.jpg
data/kyc\train\cin\0523_coupleA.jpg,data/backup_train_synth_photoize\cin\0523_coupleA.jpg
data/kyc\train\cin\0524_coupleA.jpg,data/backup_train_synth_photoize\cin\0524_coupleA.jpg
data/kyc\train\cin\0525_coupleA.jpg,data/backup_train_synth_photoize\cin\0525_coupleA.jpg
data/kyc\train\cin\0526_coupleA.jpg,data/backup_train_synth_photoize\cin\0526_coupleA.jpg
data/kyc\train\cin\0527_coupleA.jpg,data/backup_train_synth_photoize\cin\0527_coupleA.jpg
data/kyc\train\cin\0528_coupleA.jpg,data/backup_train_synth_photoize\cin\0528_coupleA.jpg
data/kyc\train\cin\0529_coupleA.jpg,data/backup_train_synth_photoize\cin\0529_coupleA.jpg
data/kyc\train\cin\0530_coupleA.jpg,data/backup_train_synth_photoize\cin\0530_coupleA.jpg
data/kyc\train\cin\0531_coupleA.jpg,data/backup_train_synth_photoize\cin\0531_coupleA.jpg
data/kyc\train\cin\0532_coupleA.jpg,data/backup_train_synth_photoize\cin\0532_coupleA.jpg
data/kyc\train\cin\0533_coupleA.jpg,data/backup_train_synth_photoize\cin\0533_coupleA.jpg
data/kyc\train\cin\0534_coupleA.jpg,data/backup_train_synth_photoize\cin\0534_coupleA.jpg
data/kyc\train\cin\0535_coupleA.jpg,data/backup_train_synth_photoize\cin\0535_coupleA.jpg
data/kyc\train\cin\0536_coupleA.jpg,data/backup_train_synth_photoize\cin\0536_coupleA.jpg
data/kyc\train\cin\0537_coupleA.jpg,data/backup_train_synth_photoize\cin\0537_coupleA.jpg
data/kyc\train\cin\0538_coupleA.jpg,data/backup_train_synth_photoize\cin\0538_coupleA.jpg
data/kyc\train\cin\0539_coupleA.jpg,data/backup_train_synth_photoize\cin\0539_coupleA.jpg
data/kyc\train\cin\0540_coupleA.jpg,data/backup_train_synth_photoize\cin\0540_coupleA.jpg
data/kyc\train\cin\0541_coupleA.jpg,data/backup_train_synth_photoize\cin\0541_coupleA.jpg
data/kyc\train\cin\0542_coupleA.jpg,data/backup_train_synth_photoize\cin\0542_coupleA.jpg
data/kyc\train\cin\0543_coupleA.jpg,data/backup_train_synth_photoize\cin\0543_coupleA.jpg
data/kyc\train\cin\0544_coupleA.jpg,data/backup_train_synth_photoize\cin\0544_coupleA.jpg
data/kyc\train\cin\0545_coupleA.jpg,data/backup_train_synth_photoize\cin\0545_coupleA.jpg
data/kyc\train\cin\0546_coupleA.jpg,data/backup_train_synth_photoize\cin\0546_coupleA.jpg
data/kyc\train\cin\0547_coupleA.jpg,data/backup_train_synth_photoize\cin\0547_coupleA.jpg
data/kyc\train\cin\0548_coupleA.jpg,data/backup_train_synth_photoize\cin\0548_coupleA.jpg
data/kyc\train\cin\0549_coupleA.jpg,data/backup_train_synth_photoize\cin\0549_coupleA.jpg
data/kyc\train\cin\0550_coupleA.jpg,data/backup_train_synth_photoize\cin\0550_coupleA.jpg
data/kyc\train\cin\0551_coupleA.jpg,data/backup_train_synth_photoize\cin\0551_coupleA.jpg
data/kyc\train\cin\0552_coupleA.jpg,data/backup_train_synth_photoize\cin\0552_coupleA.jpg
data/kyc\train\cin\0553_coupleA.jpg,data/backup_train_synth_photoize\cin\0553_coupleA.jpg
data/kyc\train\cin\0554_coupleA.jpg,data/backup_train_synth_photoize\cin\0554_coupleA.jpg
data/kyc\train\cin\0555_coupleA.jpg,data/backup_train_synth_photoize\cin\0555_coupleA.jpg
data/kyc\train\cin\0556_coupleA.jpg,data/backup_train_synth_photoize\cin\0556_coupleA.jpg
data/kyc\train\cin\0557_coupleA.jpg,data/backup_train_synth_photoize\cin\0557_coupleA.jpg
data/kyc\train\cin\0558_coupleA.jpg,data/backup_train_synth_photoize\cin\0558_coupleA.jpg
data/kyc\train\cin\0559_coupleA.jpg,data/backup_train_synth_photoize\cin\0559_coupleA.jpg
data/kyc\train\cin\0560_coupleA.jpg,data/backup_train_synth_photoize\cin\0560_coupleA.jpg
data/kyc\train\cin\0561_coupleA.jpg,data/backup_train_synth_photoize\cin\0561_coupleA.jpg
data/kyc\train\cin\0562_coupleA.jpg,data/backup_train_synth_photoize\cin\0562_coupleA.jpg
data/kyc\train\cin\0563_coupleA.jpg,data/backup_train_synth_photoize\cin\0563_coupleA.jpg
data/kyc\train\cin\0564_coupleA.jpg,data/backup_train_synth_photoize\cin\0564_coupleA.jpg
data/kyc\train\cin\0565_coupleA.jpg,data/backup_train_synth_photoize\cin\0565_coupleA.jpg
data/kyc\train\cin\0566_coupleA.jpg,data/backup_train_synth_photoize\cin\0566_coupleA.jpg
data/kyc\train\cin\0567_coupleA.jpg,data/backup_train_synth_photoize\cin\0567_coupleA.jpg
data/kyc\train\cin\0568_coupleA.jpg,data/backup_train_synth_photoize\cin\0568_coupleA.jpg
data/kyc\train\cin\0569_coupleA.jpg,data/backup_train_synth_photoize\cin\0569_coupleA.jpg
data/kyc\train\cin\0570_coupleA.jpg,data/backup_train_synth_photoize\cin\0570_coupleA.jpg
data/kyc\train\cin\0571_coupleA.jpg,data/backup_train_synth_photoize\cin\0571_coupleA.jpg
data/kyc\train\cin\0572_coupleA.jpg,data/backup_train_synth_photoize\cin\0572_coupleA.jpg
data/kyc\train\cin\0573_coupleA.jpg,data/backup_train_synth_photoize\cin\0573_coupleA.jpg
data/kyc\train\cin\0574_coupleA.jpg,data/backup_train_synth_photoize\cin\0574_coupleA.jpg
data/kyc\train\cin\0575_coupleA.jpg,data/backup_train_synth_photoize\cin\0575_coupleA.jpg
data/kyc\train\cin\0576_coupleA.jpg,data/backup_train_synth_photoize\cin\0576_coupleA.jpg
data/kyc\train\cin\0577_coupleA.jpg,data/backup_train_synth_photoize\cin\0577_coupleA.jpg
data/kyc\train\cin\0578_coupleA.jpg,data/backup_train_synth_photoize\cin\0578_coupleA.jpg
data/kyc\train\cin\0579_coupleA.jpg,data/backup_train_synth_photoize\cin\0579_coupleA.jpg
data/kyc\train\cin\0580_coupleA.jpg,data/backup_train_synth_photoize\cin\0580_coupleA.jpg
data/kyc\train\cin\0581_coupleA.jpg,data/backup_train_synth_photoize\cin\0581_coupleA.jpg
data/kyc\train\cin\0582_coupleA.jpg,data/backup_train_synth_photoize\cin\0582_coupleA.jpg
data/kyc\train\cin\0583_coupleA.jpg,data/backup_train_synth_photoize\cin\0583_coupleA.jpg
data/kyc\train\cin\0584_coupleA.jpg,data/backup_train_synth_photoize\cin\0584_coupleA.jpg
data/kyc\train\cin\0585_coupleA.jpg,data/backup_train_synth_photoize\cin\0585_coupleA.jpg
data/kyc\train\cin\0586_coupleA.jpg,data/backup_train_synth_photoize\cin\0586_coupleA.jpg
data/kyc\train\cin\0587_coupleA.jpg,data/backup_train_synth_photoize\cin\0587_coupleA.jpg
data/kyc\train\cin\0588_coupleA.jpg,data/backup_train_synth_photoize\cin\0588_coupleA.jpg
data/kyc\train\cin\0589_coupleA.jpg,data/backup_train_synth_photoize\cin\0589_coupleA.jpg
data/kyc\train\cin\0590_coupleA.jpg,data/backup_train_synth_photoize\cin\0590_coupleA.jpg
data/kyc\train\cin\0591_coupleA.jpg,data/backup_train_synth_photoize\cin\0591_coupleA.jpg
data/kyc\train\cin\0592_coupleA.jpg,data/backup_train_synth_photoize\cin\0592_coupleA.jpg
data/kyc\train\cin\0593_coupleA.jpg,data/backup_train_synth_photoize\cin\0593_coupleA.jpg
data/kyc\train\cin\0594_coupleA.jpg,data/backup_train_synth_photoize\cin\0594_coupleA.jpg
data/kyc\train\cin\0595_coupleA.jpg,data/backup_train_synth_photoize\cin\0595_coupleA.jpg
data/kyc\train\cin\0596_coupleA.jpg,data/backup_train_synth_photoize\cin\0596_coupleA.jpg
data/kyc\train\cin\0597_coupleA.jpg,data/backup_train_synth_photoize\cin\0597_coupleA.jpg
data/kyc\train\cin\0598_coupleA.jpg,data/backup_train_synth_photoize\cin\0598_coupleA.jpg
data/kyc\train\cin\0599_coupleA.jpg,data/backup_train_synth_photoize\cin\0599_coupleA.jpg
data/kyc\train\cin\0600_coupleA.jpg,data/backup_train_synth_photoize\cin\0600_coupleA.jpg
data/kyc\train\cin\0601_coupleA.jpg,data/backup_train_synth_photoize\cin\0601_coupleA.jpg
data/kyc\train\cin\0602_coupleA.jpg,data/backup_train_synth_photoize\cin\0602_coupleA.jpg
data/kyc\train\cin\0603_coupleA.jpg,data/backup_train_synth_photoize\cin\0603_coupleA.jpg
data/kyc\train\cin\0604_coupleA.jpg,data/backup_train_synth_photoize\cin\0604_coupleA.jpg
data/kyc\train\cin\0605_coupleA.jpg,data/backup_train_synth_photoize\cin\0605_coupleA.jpg
data/kyc\train\cin\0606_coupleA.jpg,data/backup_train_synth_photoize\cin\0606_coupleA.jpg
data/kyc\train\cin\0607_coupleA.jpg,data/backup_train_synth_photoize\cin\0607_coupleA.jpg
data/kyc\train\cin\0608_coupleA.jpg,data/backup_train_synth_photoize\cin\0608_coupleA.jpg
data/kyc\train\cin\0609_coupleA.jpg,data/backup_train_synth_photoize\cin\0609_coupleA.jpg
data/kyc\train\cin\0610_coupleA.jpg,data/backup_train_synth_photoize\cin\0610_coupleA.jpg
data/kyc\train\cin\0611_coupleA.jpg,data/backup_train_synth_photoize\cin\0611_coupleA.jpg
data/kyc\train\cin\0612_coupleA.jpg,data/backup_train_synth_photoize\cin\0612_coupleA.jpg
data/kyc\train\cin\0613_coupleA.jpg,data/backup_train_synth_photoize\cin\0613_coupleA.jpg
data/kyc\train\cin\0614_coupleA.jpg,data/backup_train_synth_photoize\cin\0614_coupleA.jpg
data/kyc\train\cin\0615_coupleA.jpg,data/backup_train_synth_photoize\cin\0615_coupleA.jpg
data/kyc\train\cin\0616_coupleA.jpg,data/backup_train_synth_photoize\cin\0616_coupleA.jpg
data/kyc\train\cin\0617_coupleA.jpg,data/backup_train_synth_photoize\cin\0617_coupleA.jpg
data/kyc\train\cin\0618_coupleA.jpg,data/backup_train_synth_photoize\cin\0618_coupleA.jpg
data/kyc\train\cin\0619_coupleA.jpg,data/backup_train_synth_photoize\cin\0619_coupleA.jpg
data/kyc\train\cin\0620_coupleA.jpg,data/backup_train_synth_photoize\cin\0620_coupleA.jpg
data/kyc\train\cin\0621_coupleA.jpg,data/backup_train_synth_photoize\cin\0621_coupleA.jpg
data/kyc\train\cin\0622_coupleA.jpg,data/backup_train_synth_photoize\cin\0622_coupleA.jpg
data/kyc\train\cin\0623_coupleA.jpg,data/backup_train_synth_photoize\cin\0623_coupleA.jpg
data/kyc\train\cin\0624_coupleA.jpg,data/backup_train_synth_photoize\cin\0624_coupleA.jpg
data/kyc\train\cin\0625_coupleA.jpg,data/backup_train_synth_photoize\cin\0625_coupleA.jpg
data/kyc\train\cin\0626_coupleA.jpg,data/backup_train_synth_photoize\cin\0626_coupleA.jpg
data/kyc\train\cin\0627_coupleA.jpg,data/backup_train_synth_photoize\cin\0627_coupleA.jpg
data/kyc\train\cin\0628_coupleA.jpg,data/backup_train_synth_photoize\cin\0628_coupleA.jpg
data/kyc\train\cin\0629_coupleA.jpg,data/backup_train_synth_photoize\cin\0629_coupleA.jpg
data/kyc\train\cin\0630_coupleA.jpg,data/backup_train_synth_photoize\cin\0630_coupleA.jpg
data/kyc\train\cin\0631_coupleA.jpg,data/backup_train_synth_photoize\cin\0631_coupleA.jpg
data/kyc\train\cin\0632_coupleA.jpg,data/backup_train_synth_photoize\cin\0632_coupleA.jpg
data/kyc\train\cin\0633_coupleA.jpg,data/backup_train_synth_photoize\cin\0633_coupleA.jpg
data/kyc\train\cin\0634_coupleA.jpg,data/backup_train_synth_photoize\cin\0634_coupleA.jpg
data/kyc\train\cin\0635_coupleA.jpg,data/backup_train_synth_photoize\cin\0635_coupleA.jpg
data/kyc\train\cin\0636_coupleA.jpg,data/backup_train_synth_photoize\cin\0636_coupleA.jpg
data/kyc\train\cin\0637_coupleA.jpg,data/backup_train_synth_photoize\cin\0637_coupleA.jpg
data/kyc\train\cin\0638_coupleA.jpg,data/backup_train_synth_photoize\cin\0638_coupleA.jpg
data/kyc\train\cin\0639_coupleA.jpg,data/backup_train_synth_photoize\cin\0639_coupleA.jpg
data/kyc\train\cin\0640_coupleA.jpg,data/backup_train_synth_photoize\cin\0640_coupleA.jpg
data/kyc\train\cin\0641_coupleA.jpg,data/backup_train_synth_photoize\cin\0641_coupleA.jpg
data/kyc\train\cin\0642_coupleA.jpg,data/backup_train_synth_photoize\cin\0642_coupleA.jpg
data/kyc\train\cin\0643_coupleA.jpg,data/backup_train_synth_photoize\cin\0643_coupleA.jpg
data/kyc\train\cin\0644_coupleA.jpg,data/backup_train_synth_photoize\cin\0644_coupleA.jpg
data/kyc\train\cin\0645_coupleA.jpg,data/backup_train_synth_photoize\cin\0645_coupleA.jpg
data/kyc\train\cin\0646_coupleA.jpg,data/backup_train_synth_photoize\cin\0646_coupleA.jpg
data/kyc\train\cin\0647_coupleA.jpg,data/backup_train_synth_photoize\cin\0647_coupleA.jpg
data/kyc\train\cin\0648_coupleA.jpg,data/backup_train_synth_photoize\cin\0648_coupleA.jpg
data/kyc\train\cin\0649_coupleA.jpg,data/backup_train_synth_photoize\cin\0649_coupleA.jpg
data/kyc\train\cin\0650_coupleA.jpg,data/backup_train_synth_photoize\cin\0650_coupleA.jpg
data/kyc\train\cin\0651_coupleA.jpg,data/backup_train_synth_photoize\cin\0651_coupleA.jpg
data/kyc\train\cin\0652_coupleA.jpg,data/backup_train_synth_photoize\cin\0652_coupleA.jpg
data/kyc\train\cin\0653_coupleA.jpg,data/backup_train_synth_photoize\cin\0653_coupleA.jpg
data/kyc\train\cin\0654_coupleA.jpg,data/backup_train_synth_photoize\cin\0654_coupleA.jpg
data/kyc\train\cin\0655_coupleA.jpg,data/backup_train_synth_photoize\cin\0655_coupleA.jpg
data/kyc\train\cin\0656_coupleA.jpg,data/backup_train_synth_photoize\cin\0656_coupleA.jpg
data/kyc\train\cin\0657_coupleA.jpg,data/backup_train_synth_photoize\cin\0657_coupleA.jpg
data/kyc\train\cin\0658_coupleA.jpg,data/backup_train_synth_photoize\cin\0658_coupleA.jpg
data/kyc\train\cin\0659_coupleA.jpg,data/backup_train_synth_photoize\cin\0659_coupleA.jpg
data/kyc\train\cin\0660_coupleA.jpg,data/backup_train_synth_photoize\cin\0660_coupleA.jpg
data/kyc\train\cin\0661_coupleA.jpg,data/backup_train_synth_photoize\cin\0661_coupleA.jpg
data/kyc\train\cin\0662_coupleA.jpg,data/backup_train_synth_photoize\cin\0662_coupleA.jpg
data/kyc\train\cin\0663_coupleA.jpg,data/backup_train_synth_photoize\cin\0663_coupleA.jpg
data/kyc\train\cin\0664_coupleA.jpg,data/backup_train_synth_photoize\cin\0664_coupleA.jpg
data/kyc\train\cin\0665_coupleA.jpg,data/backup_train_synth_photoize\cin\0665_coupleA.jpg
data/kyc\train\cin\0666_coupleA.jpg,data/backup_train_synth_photoize\cin\0666_coupleA.jpg
data/kyc\train\cin\0667_coupleA.jpg,data/backup_train_synth_photoize\cin\0667_coupleA.jpg
data/kyc\train\cin\0668_coupleA.jpg,data/backup_train_synth_photoize\cin\0668_coupleA.jpg
data/kyc\train\cin\0669_coupleA.jpg,data/backup_train_synth_photoize\cin\0669_coupleA.jpg
data/kyc\train\cin\0670_coupleA.jpg,data/backup_train_synth_photoize\cin\0670_coupleA.jpg
data/kyc\train\cin\0671_coupleA.jpg,data/backup_train_synth_photoize\cin\0671_coupleA.jpg
data/kyc\train\cin\0672_coupleA.jpg,data/backup_train_synth_photoize\cin\0672_coupleA.jpg
data/kyc\train\cin\0673_coupleA.jpg,data/backup_train_synth_photoize\cin\0673_coupleA.jpg
data/kyc\train\cin\0674_coupleA.jpg,data/backup_train_synth_photoize\cin\0674_coupleA.jpg
data/kyc\train\cin\0675_coupleA.jpg,data/backup_train_synth_photoize\cin\0675_coupleA.jpg
data/kyc\train\cin\0676_coupleA.jpg,data/backup_train_synth_photoize\cin\0676_coupleA.jpg
data/kyc\train\cin\0677_coupleA.jpg,data/backup_train_synth_photoize\cin\0677_coupleA.jpg
data/kyc\train\cin\0678_coupleA.jpg,data/backup_train_synth_photoize\cin\0678_coupleA.jpg
data/kyc\train\cin\0679_coupleA.jpg,data/backup_train_synth_photoize\cin\0679_coupleA.jpg
data/kyc\train\cin\0680_coupleA.jpg,data/backup_train_synth_photoize\cin\0680_coupleA.jpg
data/kyc\train\cin\0681_coupleA.jpg,data/backup_train_synth_photoize\cin\0681_coupleA.jpg
data/kyc\train\cin\0682_coupleA.jpg,data/backup_train_synth_photoize\cin\0682_coupleA.jpg
data/kyc\train\cin\0683_coupleA.jpg,data/backup_train_synth_photoize\cin\0683_coupleA.jpg
data/kyc\train\cin\0684_coupleA.jpg,data/backup_train_synth_photoize\cin\0684_coupleA.jpg
data/kyc\train\cin\0685_coupleA.jpg,data/backup_train_synth_photoize\cin\0685_coupleA.jpg
data/kyc\train\cin\0686_coupleA.jpg,data/backup_train_synth_photoize\cin\0686_coupleA.jpg
data/kyc\train\cin\0687_coupleA.jpg,data/backup_train_synth_photoize\cin\0687_coupleA.jpg
data/kyc\train\cin\0688_coupleA.jpg,data/backup_train_synth_photoize\cin\0688_coupleA.jpg
data/kyc\train\cin\0689_coupleA.jpg,data/backup_train_synth_photoize\cin\0689_coupleA.jpg
data/kyc\train\cin\0690_coupleA.jpg,data/backup_train_synth_photoize\cin\0690_coupleA.jpg
data/kyc\train\cin\0691_coupleA.jpg,data/backup_train_synth_photoize\cin\0691_coupleA.jpg
data/kyc\train\cin\0692_coupleA.jpg,data/backup_train_synth_photoize\cin\0692_coupleA.jpg
data/kyc\train\cin\0693_coupleA.jpg,data/backup_train_synth_photoize\cin\0693_coupleA.jpg
data/kyc\train\cin\0694_coupleA.jpg,data/backup_train_synth_photoize\cin\0694_coupleA.jpg
data/kyc\train\cin\0695_coupleA.jpg,data/backup_train_synth_photoize\cin\0695_coupleA.jpg
data/kyc\train\cin\0696_coupleA.jpg,data/backup_train_synth_photoize\cin\0696_coupleA.jpg
data/kyc\train\cin\0697_coupleA.jpg,data/backup_train_synth_photoize\cin\0697_coupleA.jpg
data/kyc\train\cin\0698_coupleA.jpg,data/backup_train_synth_photoize\cin\0698_coupleA.jpg
data/kyc\train\cin\0699_coupleA.jpg,data/backup_train_synth_photoize\cin\0699_coupleA.jpg
data/kyc\train\cin\0700_coupleA.jpg,data/backup_train_synth_photoize\cin\0700_coupleA.jpg
data/kyc\train\cin\0701_coupleA.jpg,data/backup_train_synth_photoize\cin\0701_coupleA.jpg
data/kyc\train\cin\0702_coupleA.jpg,data/backup_train_synth_photoize\cin\0702_coupleA.jpg
data/kyc\train\cin\0703_coupleA.jpg,data/backup_train_synth_photoize\cin\0703_coupleA.jpg
data/kyc\train\cin\0704_coupleA.jpg,data/backup_train_synth_photoize\cin\0704_coupleA.jpg
data/kyc\train\cin\0705_coupleA.jpg,data/backup_train_synth_photoize\cin\0705_coupleA.jpg
data/kyc\train\cin\0706_coupleA.jpg,data/backup_train_synth_photoize\cin\0706_coupleA.jpg
data/kyc\train\cin\0707_coupleA.jpg,data/backup_train_synth_photoize\cin\0707_coupleA.jpg
data/kyc\train\cin\0708_coupleA.jpg,data/backup_train_synth_photoize\cin\0708_coupleA.jpg
data/kyc\train\cin\0709_coupleA.jpg,data/backup_train_synth_photoize\cin\0709_coupleA.jpg
data/kyc\train\cin\0710_coupleA.jpg,data/backup_train_synth_photoize\cin\0710_coupleA.jpg
data/kyc\train\cin\0711_coupleA.jpg,data/backup_train_synth_photoize\cin\0711_coupleA.jpg
data/kyc\train\cin\0712_coupleA.jpg,data/backup_train_synth_photoize\cin\0712_coupleA.jpg
data/kyc\train\cin\0713_coupleA.jpg,data/backup_train_synth_photoize\cin\0713_coupleA.jpg
data/kyc\train\cin\0714_coupleA.jpg,data/backup_train_synth_photoize\cin\0714_coupleA.jpg
data/kyc\train\cin\0715_coupleA.jpg,data/backup_train_synth_photoize\cin\0715_coupleA.jpg
data/kyc\train\cin\0716_coupleA.jpg,data/backup_train_synth_photoize\cin\0716_coupleA.jpg
data/kyc\train\cin\0717_coupleA.jpg,data/backup_train_synth_photoize\cin\0717_coupleA.jpg
data/kyc\train\cin\0718_coupleA.jpg,data/backup_train_synth_photoize\cin\0718_coupleA.jpg
data/kyc\train\cin\0719_coupleA.jpg,data/backup_train_synth_photoize\cin\0719_coupleA.jpg
data/kyc\train\cin\0720_coupleA.jpg,data/backup_train_synth_photoize\cin\0720_coupleA.jpg
data/kyc\train\cin\0721_coupleA.jpg,data/backup_train_synth_photoize\cin\0721_coupleA.jpg
data/kyc\train\cin\0722_coupleA.jpg,data/backup_train_synth_photoize\cin\0722_coupleA.jpg
data/kyc\train\cin\0723_coupleA.jpg,data/backup_train_synth_photoize\cin\0723_coupleA.jpg
data/kyc\train\cin\0724_coupleA.jpg,data/backup_train_synth_photoize\cin\0724_coupleA.jpg
data/kyc\train\cin\0725_coupleA.jpg,data/backup_train_synth_photoize\cin\0725_coupleA.jpg
data/kyc\train\cin\0726_coupleA.jpg,data/backup_train_synth_photoize\cin\0726_coupleA.jpg
data/kyc\train\cin\0727_coupleA.jpg,data/backup_train_synth_photoize\cin\0727_coupleA.jpg
data/kyc\train\cin\0728_coupleA.jpg,data/backup_train_synth_photoize\cin\0728_coupleA.jpg
data/kyc\train\cin\0729_coupleA.jpg,data/backup_train_synth_photoize\cin\0729_coupleA.jpg
data/kyc\train\cin\0730_coupleA.jpg,data/backup_train_synth_photoize\cin\0730_coupleA.jpg
data/kyc\train\cin\0731_coupleA.jpg,data/backup_train_synth_photoize\cin\0731_coupleA.jpg
data/kyc\train\cin\0732_coupleA.jpg,data/backup_train_synth_photoize\cin\0732_coupleA.jpg
data/kyc\train\cin\0733_coupleA.jpg,data/backup_train_synth_photoize\cin\0733_coupleA.jpg
data/kyc\train\cin\0734_coupleA.jpg,data/backup_train_synth_photoize\cin\0734_coupleA.jpg
data/kyc\train\cin\0735_coupleA.jpg,data/backup_train_synth_photoize\cin\0735_coupleA.jpg
data/kyc\train\cin\0736_coupleA.jpg,data/backup_train_synth_photoize\cin\0736_coupleA.jpg
data/kyc\train\cin\0737_coupleA.jpg,data/backup_train_synth_photoize\cin\0737_coupleA.jpg
data/kyc\train\cin\0738_coupleA.jpg,data/backup_train_synth_photoize\cin\0738_coupleA.jpg
data/kyc\train\cin\0739_coupleA.jpg,data/backup_train_synth_photoize\cin\0739_coupleA.jpg
data/kyc\train\cin\0740_coupleA.jpg,data/backup_train_synth_photoize\cin\0740_coupleA.jpg
data/kyc\train\cin\0741_coupleA.jpg,data/backup_train_synth_photoize\cin\0741_coupleA.jpg
data/kyc\train\cin\0742_coupleA.jpg,data/backup_train_synth_photoize\cin\0742_coupleA.jpg
data/kyc\train\cin\0743_coupleA.jpg,data/backup_train_synth_photoize\cin\0743_coupleA.jpg
data/kyc\train\cin\0744_coupleA.jpg,data/backup_train_synth_photoize\cin\0744_coupleA.jpg
data/kyc\train\cin\0745_coupleA.jpg,data/backup_train_synth_photoize\cin\0745_coupleA.jpg
data/kyc\train\cin\0746_coupleA.jpg,data/backup_train_synth_photoize\cin\0746_coupleA.jpg
data/kyc\train\cin\0747_coupleA.jpg,data/backup_train_synth_photoize\cin\0747_coupleA.jpg
data/kyc\train\cin\0748_coupleA.jpg,data/backup_train_synth_photoize\cin\0748_coupleA.jpg
data/kyc\train\cin\0749_coupleA.jpg,data/backup_train_synth_photoize\cin\0749_coupleA.jpg
data/kyc\train\cin\0750_coupleA.jpg,data/backup_train_synth_photoize\cin\0750_coupleA.jpg
data/kyc\train\cin\0751_coupleA.jpg,data/backup_train_synth_photoize\cin\0751_coupleA.jpg
data/kyc\train\cin\0752_coupleA.jpg,data/backup_train_synth_photoize\cin\0752_coupleA.jpg
data/kyc\train\cin\0753_coupleA.jpg,data/backup_train_synth_photoize\cin\0753_coupleA.jpg
data/kyc\train\cin\0754_coupleA.jpg,data/backup_train_synth_photoize\cin\0754_coupleA.jpg
data/kyc\train\cin\0755_coupleA.jpg,data/backup_train_synth_photoize\cin\0755_coupleA.jpg
data/kyc\train\cin\0756_coupleA.jpg,data/backup_train_synth_photoize\cin\0756_coupleA.jpg
data/kyc\train\cin\0757_coupleA.jpg,data/backup_train_synth_photoize\cin\0757_coupleA.jpg
data/kyc\train\cin\0758_coupleA.jpg,data/backup_train_synth_photoize\cin\0758_coupleA.jpg
data/kyc\train\cin\0759_coupleA.jpg,data/backup_train_synth_photoize\cin\0759_coupleA.jpg
data/kyc\train\cin\0760_coupleA.jpg,data/backup_train_synth_photoize\cin\0760_coupleA.jpg
data/kyc\train\cin\0761_coupleA.jpg,data/backup_train_synth_photoize\cin\0761_coupleA.jpg
data/kyc\train\cin\0762_coupleA.jpg,data/backup_train_synth_photoize\cin\0762_coupleA.jpg
data/kyc\train\cin\0763_coupleA.jpg,data/backup_train_synth_photoize\cin\0763_coupleA.jpg
data/kyc\train\cin\0764_coupleA.jpg,data/backup_train_synth_photoize\cin\0764_coupleA.jpg
data/kyc\train\cin\0765_coupleA.jpg,data/backup_train_synth_photoize\cin\0765_coupleA.jpg
data/kyc\train\cin\0766_coupleA.jpg,data/backup_train_synth_photoize\cin\0766_coupleA.jpg
data/kyc\train\cin\0767_coupleA.jpg,data/backup_train_synth_photoize\cin\0767_coupleA.jpg
data/kyc\train\cin\0768_coupleA.jpg,data/backup_train_synth_photoize\cin\0768_coupleA.jpg
data/kyc\train\cin\0769_coupleA.jpg,data/backup_train_synth_photoize\cin\0769_coupleA.jpg
data/kyc\train\cin\0770_coupleA.jpg,data/backup_train_synth_photoize\cin\0770_coupleA.jpg
data/kyc\train\cin\0771_coupleA.jpg,data/backup_train_synth_photoize\cin\0771_coupleA.jpg
data/kyc\train\cin\0772_coupleA.jpg,data/backup_train_synth_photoize\cin\0772_coupleA.jpg
data/kyc\train\cin\0773_coupleA.jpg,data/backup_train_synth_photoize\cin\0773_coupleA.jpg
data/kyc\train\cin\0774_coupleA.jpg,data/backup_train_synth_photoize\cin\0774_coupleA.jpg
data/kyc\train\cin\0775_coupleA.jpg,data/backup_train_synth_photoize\cin\0775_coupleA.jpg
data/kyc\train\cin\0776_coupleA.jpg,data/backup_train_synth_photoize\cin\0776_coupleA.jpg
data/kyc\train\cin\0777_coupleA.jpg,data/backup_train_synth_photoize\cin\0777_coupleA.jpg
data/kyc\train\cin\0778_coupleA.jpg,data/backup_train_synth_photoize\cin\0778_coupleA.jpg
data/kyc\train\cin\0779_coupleA.jpg,data/backup_train_synth_photoize\cin\0779_coupleA.jpg
data/kyc\train\cin\0780_coupleA.jpg,data/backup_train_synth_photoize\cin\0780_coupleA.jpg
data/kyc\train\cin\0781_coupleA.jpg,data/backup_train_synth_photoize\cin\0781_coupleA.jpg
data/kyc\train\cin\0782_coupleA.jpg,data/backup_train_synth_photoize\cin\0782_coupleA.jpg
data/kyc\train\cin\0783_coupleA.jpg,data/backup_train_synth_photoize\cin\0783_coupleA.jpg
data/kyc\train\cin\0784_coupleA.jpg,data/backup_train_synth_photoize\cin\0784_coupleA.jpg
data/kyc\train\cin\0785_coupleA.jpg,data/backup_train_synth_photoize\cin\0785_coupleA.jpg
data/kyc\train\cin\0786_coupleA.jpg,data/backup_train_synth_photoize\cin\0786_coupleA.jpg
data/kyc\train\cin\0787_coupleA.jpg,data/backup_train_synth_photoize\cin\0787_coupleA.jpg
data/kyc\train\cin\0788_coupleA.jpg,data/backup_train_synth_photoize\cin\0788_coupleA.jpg
data/kyc\train\cin\0789_coupleA.jpg,data/backup_train_synth_photoize\cin\0789_coupleA.jpg
data/kyc\train\cin\0790_coupleA.jpg,data/backup_train_synth_photoize\cin\0790_coupleA.jpg
data/kyc\train\cin\0791_coupleA.jpg,data/backup_train_synth_photoize\cin\0791_coupleA.jpg
data/kyc\train\cin\0792_coupleA.jpg,data/backup_train_synth_photoize\cin\0792_coupleA.jpg
data/kyc\train\cin\0793_coupleA.jpg,data/backup_train_synth_photoize\cin\0793_coupleA.jpg
data/kyc\train\cin\0794_coupleA.jpg,data/backup_train_synth_photoize\cin\0794_coupleA.jpg
data/kyc\train\cin\0795_coupleA.jpg,data/backup_train_synth_photoize\cin\0795_coupleA.jpg
data/kyc\train\cin\0796_coupleA.jpg,data/backup_train_synth_photoize\cin\0796_coupleA.jpg
data/kyc\train\cin\0797_coupleA.jpg,data/backup_train_synth_photoize\cin\0797_coupleA.jpg
data/kyc\train\cin\0798_coupleA.jpg,data/backup_train_synth_photoize\cin\0798_coupleA.jpg
data/kyc\train\cin\0799_coupleA.jpg,data/backup_train_synth_photoize\cin\0799_coupleA.jpg
data/kyc\train\cin\0800_coupleA.jpg,data/backup_train_synth_photoize\cin\0800_coupleA.jpg
data/kyc\train\cin\0801_coupleA.jpg,data/backup_train_synth_photoize\cin\0801_coupleA.jpg
data/kyc\train\cin\0802_coupleA.jpg,data/backup_train_synth_photoize\cin\0802_coupleA.jpg
data/kyc\train\cin\0803_coupleA.jpg,data/backup_train_synth_photoize\cin\0803_coupleA.jpg
data/kyc\train\cin\0804_coupleA.jpg,data/backup_train_synth_photoize\cin\0804_coupleA.jpg
data/kyc\train\cin\0805_coupleA.jpg,data/backup_train_synth_photoize\cin\0805_coupleA.jpg
data/kyc\train\cin\0806_coupleA.jpg,data/backup_train_synth_photoize\cin\0806_coupleA.jpg
data/kyc\train\cin\0807_coupleA.jpg,data/backup_train_synth_photoize\cin\0807_coupleA.jpg
data/kyc\train\cin\0808_coupleA.jpg,data/backup_train_synth_photoize\cin\0808_coupleA.jpg
data/kyc\train\cin\0809_coupleA.jpg,data/backup_train_synth_photoize\cin\0809_coupleA.jpg
data/kyc\train\cin\0810_coupleA.jpg,data/backup_train_synth_photoize\cin\0810_coupleA.jpg
data/kyc\train\cin\0811_coupleA.jpg,data/backup_train_synth_photoize\cin\0811_coupleA.jpg
data/kyc\train\cin\0812_coupleA.jpg,data/backup_train_synth_photoize\cin\0812_coupleA.jpg
data/kyc\train\cin\0813_coupleA.jpg,data/backup_train_synth_photoize\cin\0813_coupleA.jpg
data/kyc\train\cin\0814_coupleA.jpg,data/backup_train_synth_photoize\cin\0814_coupleA.jpg
data/kyc\train\cin\0815_coupleA.jpg,data/backup_train_synth_photoize\cin\0815_coupleA.jpg
data/kyc\train\cin\0816_coupleA.jpg,data/backup_train_synth_photoize\cin\0816_coupleA.jpg
data/kyc\train\cin\0817_coupleA.jpg,data/backup_train_synth_photoize\cin\0817_coupleA.jpg
data/kyc\train\cin\0818_coupleA.jpg,data/backup_train_synth_photoize\cin\0818_coupleA.jpg
data/kyc\train\cin\0819_coupleA.jpg,data/backup_train_synth_photoize\cin\0819_coupleA.jpg
data/kyc\train\cin\0820_coupleA.jpg,data/backup_train_synth_photoize\cin\0820_coupleA.jpg
data/kyc\train\cin\0821_coupleA.jpg,data/backup_train_synth_photoize\cin\0821_coupleA.jpg
data/kyc\train\cin\0822_coupleA.jpg,data/backup_train_synth_photoize\cin\0822_coupleA.jpg
data/kyc\train\cin\0823_coupleA.jpg,data/backup_train_synth_photoize\cin\0823_coupleA.jpg
data/kyc\train\cin\0824_coupleA.jpg,data/backup_train_synth_photoize\cin\0824_coupleA.jpg
data/kyc\train\cin\0825_coupleA.jpg,data/backup_train_synth_photoize\cin\0825_coupleA.jpg
data/kyc\train\cin\0826_coupleA.jpg,data/backup_train_synth_photoize\cin\0826_coupleA.jpg
data/kyc\train\cin\0827_coupleA.jpg,data/backup_train_synth_photoize\cin\0827_coupleA.jpg
data/kyc\train\cin\0828_coupleA.jpg,data/backup_train_synth_photoize\cin\0828_coupleA.jpg
data/kyc\train\cin\0829_coupleA.jpg,data/backup_train_synth_photoize\cin\0829_coupleA.jpg
data/kyc\train\cin\0830_coupleA.jpg,data/backup_train_synth_photoize\cin\0830_coupleA.jpg
data/kyc\train\cin\0831_coupleA.jpg,data/backup_train_synth_photoize\cin\0831_coupleA.jpg
data/kyc\train\cin\0832_coupleA.jpg,data/backup_train_synth_photoize\cin\0832_coupleA.jpg
data/kyc\train\cin\0833_coupleA.jpg,data/backup_train_synth_photoize\cin\0833_coupleA.jpg
data/kyc\train\cin\0834_coupleA.jpg,data/backup_train_synth_photoize\cin\0834_coupleA.jpg
data/kyc\train\cin\0835_coupleA.jpg,data/backup_train_synth_photoize\cin\0835_coupleA.jpg
data/kyc\train\cin\0836_coupleA.jpg,data/backup_train_synth_photoize\cin\0836_coupleA.jpg
data/kyc\train\cin\0837_coupleA.jpg,data/backup_train_synth_photoize\cin\0837_coupleA.jpg
data/kyc\train\cin\0838_coupleA.jpg,data/backup_train_synth_photoize\cin\0838_coupleA.jpg
data/kyc\train\cin\0839_coupleA.jpg,data/backup_train_synth_photoize\cin\0839_coupleA.jpg
data/kyc\train\cin\0840_coupleA.jpg,data/backup_train_synth_photoize\cin\0840_coupleA.jpg
data/kyc\train\cin\0841_coupleA.jpg,data/backup_train_synth_photoize\cin\0841_coupleA.jpg
data/kyc\train\cin\0842_coupleA.jpg,data/backup_train_synth_photoize\cin\0842_coupleA.jpg
data/kyc\train\cin\0843_coupleA.jpg,data/backup_train_synth_photoize\cin\0843_coupleA.jpg
data/kyc\train\cin\0844_coupleA.jpg,data/backup_train_synth_photoize\cin\0844_coupleA.jpg
data/kyc\train\cin\0845_coupleA.jpg,data/backup_train_synth_photoize\cin\0845_coupleA.jpg
data/kyc\train\cin\0846_coupleA.jpg,data/backup_train_synth_photoize\cin\0846_coupleA.jpg
data/kyc\train\cin\0847_coupleA.jpg,data/backup_train_synth_photoize\cin\0847_coupleA.jpg
data/kyc\train\cin\0848_coupleA.jpg,data/backup_train_synth_photoize\cin\0848_coupleA.jpg
data/kyc\train\cin\0849_coupleA.jpg,data/backup_train_synth_photoize\cin\0849_coupleA.jpg
data/kyc\train\cin\0850_coupleA.jpg,data/backup_train_synth_photoize\cin\0850_coupleA.jpg
data/kyc\train\cin\0851_coupleA.jpg,data/backup_train_synth_photoize\cin\0851_coupleA.jpg
data/kyc\train\cin\0852_coupleA.jpg,data/backup_train_synth_photoize\cin\0852_coupleA.jpg
data/kyc\train\cin\0853_coupleA.jpg,data/backup_train_synth_photoize\cin\0853_coupleA.jpg
data/kyc\train\cin\0854_coupleA.jpg,data/backup_train_synth_photoize\cin\0854_coupleA.jpg
data/kyc\train\cin\0855_coupleA.jpg,data/backup_train_synth_photoize\cin\0855_coupleA.jpg
data/kyc\train\cin\0856_coupleA.jpg,data/backup_train_synth_photoize\cin\0856_coupleA.jpg
data/kyc\train\cin\0857_coupleA.jpg,data/backup_train_synth_photoize\cin\0857_coupleA.jpg
data/kyc\train\cin\0858_coupleA.jpg,data/backup_train_synth_photoize\cin\0858_coupleA.jpg
data/kyc\train\cin\0859_coupleA.jpg,data/backup_train_synth_photoize\cin\0859_coupleA.jpg
data/kyc\train\cin\0860_coupleA.jpg,data/backup_train_synth_photoize\cin\0860_coupleA.jpg
data/kyc\train\cin\0861_coupleA.jpg,data/backup_train_synth_photoize\cin\0861_coupleA.jpg
data/kyc\train\cin\0862_coupleA.jpg,data/backup_train_synth_photoize\cin\0862_coupleA.jpg
data/kyc\train\cin\0863_coupleA.jpg,data/backup_train_synth_photoize\cin\0863_coupleA.jpg
data/kyc\train\cin\0864_coupleA.jpg,data/backup_train_synth_photoize\cin\0864_coupleA.jpg
data/kyc\train\cin\0865_coupleA.jpg,data/backup_train_synth_photoize\cin\0865_coupleA.jpg
data/kyc\train\cin\0866_coupleA.jpg,data/backup_train_synth_photoize\cin\0866_coupleA.jpg
data/kyc\train\cin\0867_coupleA.jpg,data/backup_train_synth_photoize\cin\0867_coupleA.jpg
data/kyc\train\cin\0868_coupleA.jpg,data/backup_train_synth_photoize\cin\0868_coupleA.jpg
data/kyc\train\cin\0869_coupleA.jpg,data/backup_train_synth_photoize\cin\0869_coupleA.jpg
data/kyc\train\cin\0870_coupleA.jpg,data/backup_train_synth_photoize\cin\0870_coupleA.jpg
data/kyc\train\cin\0871_coupleA.jpg,data/backup_train_synth_photoize\cin\0871_coupleA.jpg
data/kyc\train\cin\0872_coupleA.jpg,data/backup_train_synth_photoize\cin\0872_coupleA.jpg
data/kyc\train\cin\0873_coupleA.jpg,data/backup_train_synth_photoize\cin\0873_coupleA.jpg
data/kyc\train\cin\0874_coupleA.jpg,data/backup_train_synth_photoize\cin\0874_coupleA.jpg
data/kyc\train\cin\0875_coupleA.jpg,data/backup_train_synth_photoize\cin\0875_coupleA.jpg
data/kyc\train\cin\0876_coupleA.jpg,data/backup_train_synth_photoize\cin\0876_coupleA.jpg
data/kyc\train\cin\0877_coupleA.jpg,data/backup_train_synth_photoize\cin\0877_coupleA.jpg
data/kyc\train\cin\0878_coupleA.jpg,data/backup_train_synth_photoize\cin\0878_coupleA.jpg
data/kyc\train\cin\0879_coupleA.jpg,data/backup_train_synth_photoize\cin\0879_coupleA.jpg
data/kyc\train\cin\0880_coupleA.jpg,data/backup_train_synth_photoize\cin\0880_coupleA.jpg
data/kyc\train\cin\0881_coupleA.jpg,data/backup_train_synth_photoize\cin\0881_coupleA.jpg
data/kyc\train\cin\0882_coupleA.jpg,data/backup_train_synth_photoize\cin\0882_coupleA.jpg
data/kyc\train\cin\0883_coupleA.jpg,data/backup_train_synth_photoize\cin\0883_coupleA.jpg
data/kyc\train\cin\0884_coupleA.jpg,data/backup_train_synth_photoize\cin\0884_coupleA.jpg
data/kyc\train\cin\0885_coupleA.jpg,data/backup_train_synth_photoize\cin\0885_coupleA.jpg
data/kyc\train\cin\0886_coupleA.jpg,data/backup_train_synth_photoize\cin\0886_coupleA.jpg
data/kyc\train\cin\0887_coupleA.jpg,data/backup_train_synth_photoize\cin\0887_coupleA.jpg
data/kyc\train\cin\0888_coupleA.jpg,data/backup_train_synth_photoize\cin\0888_coupleA.jpg
data/kyc\train\cin\0889_coupleA.jpg,data/backup_train_synth_photoize\cin\0889_coupleA.jpg
data/kyc\train\cin\0890_coupleA.jpg,data/backup_train_synth_photoize\cin\0890_coupleA.jpg
data/kyc\train\cin\0891_coupleA.jpg,data/backup_train_synth_photoize\cin\0891_coupleA.jpg
data/kyc\train\cin\0892_coupleA.jpg,data/backup_train_synth_photoize\cin\0892_coupleA.jpg
data/kyc\train\cin\0893_coupleA.jpg,data/backup_train_synth_photoize\cin\0893_coupleA.jpg
data/kyc\train\cin\0894_coupleA.jpg,data/backup_train_synth_photoize\cin\0894_coupleA.jpg
data/kyc\train\cin\0895_coupleA.jpg,data/backup_train_synth_photoize\cin\0895_coupleA.jpg
data/kyc\train\cin\0896_coupleA.jpg,data/backup_train_synth_photoize\cin\0896_coupleA.jpg
data/kyc\train\cin\0897_coupleA.jpg,data/backup_train_synth_photoize\cin\0897_coupleA.jpg
data/kyc\train\cin\0898_coupleA.jpg,data/backup_train_synth_photoize\cin\0898_coupleA.jpg
data/kyc\train\cin\0899_coupleA.jpg,data/backup_train_synth_photoize\cin\0899_coupleA.jpg
data/kyc\train\cin\0900_coupleA.jpg,data/backup_train_synth_photoize\cin\0900_coupleA.jpg
data/kyc\train\cin\0901_coupleA.jpg,data/backup_train_synth_photoize\cin\0901_coupleA.jpg
data/kyc\train\cin\0902_coupleA.jpg,data/backup_train_synth_photoize\cin\0902_coupleA.jpg
data/kyc\train\cin\0903_coupleA.jpg,data/backup_train_synth_photoize\cin\0903_coupleA.jpg
data/kyc\train\cin\0904_coupleA.jpg,data/backup_train_synth_photoize\cin\0904_coupleA.jpg
data/kyc\train\cin\0905_coupleA.jpg,data/backup_train_synth_photoize\cin\0905_coupleA.jpg
data/kyc\train\cin\0906_coupleA.jpg,data/backup_train_synth_photoize\cin\0906_coupleA.jpg
data/kyc\train\cin\0907_coupleA.jpg,data/backup_train_synth_photoize\cin\0907_coupleA.jpg
data/kyc\train\cin\0908_coupleA.jpg,data/backup_train_synth_photoize\cin\0908_coupleA.jpg
data/kyc\train\cin\0909_coupleA.jpg,data/backup_train_synth_photoize\cin\0909_coupleA.jpg
data/kyc\train\cin\0910_coupleA.jpg,data/backup_train_synth_photoize\cin\0910_coupleA.jpg
data/kyc\train\cin\0911_coupleA.jpg,data/backup_train_synth_photoize\cin\0911_coupleA.jpg
data/kyc\train\cin\0912_coupleA.jpg,data/backup_train_synth_photoize\cin\0912_coupleA.jpg
data/kyc\train\cin\0913_coupleA.jpg,data/backup_train_synth_photoize\cin\0913_coupleA.jpg
data/kyc\train\cin\0914_coupleA.jpg,data/backup_train_synth_photoize\cin\0914_coupleA.jpg
data/kyc\train\cin\0915_coupleA.jpg,data/backup_train_synth_photoize\cin\0915_coupleA.jpg
data/kyc\train\cin\0916_coupleA.jpg,data/backup_train_synth_photoize\cin\0916_coupleA.jpg
data/kyc\train\cin\0917_coupleA.jpg,data/backup_train_synth_photoize\cin\0917_coupleA.jpg
data/kyc\train\cin\0918_coupleA.jpg,data/backup_train_synth_photoize\cin\0918_coupleA.jpg
data/kyc\train\cin\0919_coupleA.jpg,data/backup_train_synth_photoize\cin\0919_coupleA.jpg
data/kyc\train\cin\0920_coupleA.jpg,data/backup_train_synth_photoize\cin\0920_coupleA.jpg
data/kyc\train\cin\0921_coupleA.jpg,data/backup_train_synth_photoize\cin\0921_coupleA.jpg
data/kyc\train\cin\0922_coupleA.jpg,data/backup_train_synth_photoize\cin\0922_coupleA.jpg
data/kyc\train\cin\0923_coupleA.jpg,data/backup_train_synth_photoize\cin\0923_coupleA.jpg
data/kyc\train\cin\0924_coupleA.jpg,data/backup_train_synth_photoize\cin\0924_coupleA.jpg
data/kyc\train\cin\0925_coupleA.jpg,data/backup_train_synth_photoize\cin\0925_coupleA.jpg
data/kyc\train\cin\0926_coupleA.jpg,data/backup_train_synth_photoize\cin\0926_coupleA.jpg
data/kyc\train\cin\0927_coupleA.jpg,data/backup_train_synth_photoize\cin\0927_coupleA.jpg
data/kyc\train\cin\0928_coupleA.jpg,data/backup_train_synth_photoize\cin\0928_coupleA.jpg
data/kyc\train\cin\0929_coupleA.jpg,data/backup_train_synth_photoize\cin\0929_coupleA.jpg
data/kyc\train\cin\0930_coupleA.jpg,data/backup_train_synth_photoize\cin\0930_coupleA.jpg
data/kyc\train\cin\0931_coupleA.jpg,data/backup_train_synth_photoize\cin\0931_coupleA.jpg
data/kyc\train\cin\0932_coupleA.jpg,data/backup_train_synth_photoize\cin\0932_coupleA.jpg
data/kyc\train\cin\0933_coupleA.jpg,data/backup_train_synth_photoize\cin\0933_coupleA.jpg
data/kyc\train\cin\0934_coupleA.jpg,data/backup_train_synth_photoize\cin\0934_coupleA.jpg
data/kyc\train\cin\0935_coupleA.jpg,data/backup_train_synth_photoize\cin\0935_coupleA.jpg
data/kyc\train\cin\0936_coupleA.jpg,data/backup_train_synth_photoize\cin\0936_coupleA.jpg
data/kyc\train\cin\0937_coupleA.jpg,data/backup_train_synth_photoize\cin\0937_coupleA.jpg
data/kyc\train\cin\0938_coupleA.jpg,data/backup_train_synth_photoize\cin\0938_coupleA.jpg
data/kyc\train\cin\0939_coupleA.jpg,data/backup_train_synth_photoize\cin\0939_coupleA.jpg
data/kyc\train\cin\0940_coupleA.jpg,data/backup_train_synth_photoize\cin\0940_coupleA.jpg
data/kyc\train\cin\0941_coupleA.jpg,data/backup_train_synth_photoize\cin\0941_coupleA.jpg
data/kyc\train\cin\0942_coupleA.jpg,data/backup_train_synth_photoize\cin\0942_coupleA.jpg
data/kyc\train\cin\0943_coupleA.jpg,data/backup_train_synth_photoize\cin\0943_coupleA.jpg
data/kyc\train\cin\0944_coupleA.jpg,data/backup_train_synth_photoize\cin\0944_coupleA.jpg
data/kyc\train\cin\0945_coupleA.jpg,data/backup_train_synth_photoize\cin\0945_coupleA.jpg
data/kyc\train\cin\0946_coupleA.jpg,data/backup_train_synth_photoize\cin\0946_coupleA.jpg
data/kyc\train\cin\0947_coupleA.jpg,data/backup_train_synth_photoize\cin\0947_coupleA.jpg
data/kyc\train\cin\0948_coupleA.jpg,data/backup_train_synth_photoize\cin\0948_coupleA.jpg
data/kyc\train\cin\0949_coupleA.jpg,data/backup_train_synth_photoize\cin\0949_coupleA.jpg
data/kyc\train\cin\0950_coupleA.jpg,data/backup_train_synth_photoize\cin\0950_coupleA.jpg
data/kyc\train\cin\0951_coupleA.jpg,data/backup_train_synth_photoize\cin\0951_coupleA.jpg
data/kyc\train\cin\0952_coupleA.jpg,data/backup_train_synth_photoize\cin\0952_coupleA.jpg
data/kyc\train\cin\0953_coupleA.jpg,data/backup_train_synth_photoize\cin\0953_coupleA.jpg
data/kyc\train\cin\0954_coupleA.jpg,data/backup_train_synth_photoize\cin\0954_coupleA.jpg
data/kyc\train\cin\0955_coupleA.jpg,data/backup_train_synth_photoize\cin\0955_coupleA.jpg
data/kyc\train\cin\0956_coupleA.jpg,data/backup_train_synth_photoize\cin\0956_coupleA.jpg
data/kyc\train\cin\0957_coupleA.jpg,data/backup_train_synth_photoize\cin\0957_coupleA.jpg
data/kyc\train\cin\0958_coupleA.jpg,data/backup_train_synth_photoize\cin\0958_coupleA.jpg
data/kyc\train\cin\0959_coupleA.jpg,data/backup_train_synth_photoize\cin\0959_coupleA.jpg
data/kyc\train\cin\0960_coupleA.jpg,data/backup_train_synth_photoize\cin\0960_coupleA.jpg
data/kyc\train\cin\0961_coupleA.jpg,data/backup_train_synth_photoize\cin\0961_coupleA.jpg
data/kyc\train\cin\0962_coupleA.jpg,data/backup_train_synth_photoize\cin\0962_coupleA.jpg
data/kyc\train\cin\0963_coupleA.jpg,data/backup_train_synth_photoize\cin\0963_coupleA.jpg
data/kyc\train\cin\0964_coupleA.jpg,data/backup_train_synth_photoize\cin\0964_coupleA.jpg
data/kyc\train\cin\0965_coupleA.jpg,data/backup_train_synth_photoize\cin\0965_coupleA.jpg
data/kyc\train\cin\0966_coupleA.jpg,data/backup_train_synth_photoize\cin\0966_coupleA.jpg
data/kyc\train\cin\0967_coupleA.jpg,data/backup_train_synth_photoize\cin\0967_coupleA.jpg
data/kyc\train\cin\0968_coupleA.jpg,data/backup_train_synth_photoize\cin\0968_coupleA.jpg
data/kyc\train\cin\0969_coupleA.jpg,data/backup_train_synth_photoize\cin\0969_coupleA.jpg
data/kyc\train\cin\0970_coupleA.jpg,data/backup_train_synth_photoize\cin\0970_coupleA.jpg
data/kyc\train\cin\0971_coupleA.jpg,data/backup_train_synth_photoize\cin\0971_coupleA.jpg
data/kyc\train\cin\0972_coupleA.jpg,data/backup_train_synth_photoize\cin\0972_coupleA.jpg
data/kyc\train\cin\0973_coupleA.jpg,data/backup_train_synth_photoize\cin\0973_coupleA.jpg
data/kyc\train\cin\0974_coupleA.jpg,data/backup_train_synth_photoize\cin\0974_coupleA.jpg
data/kyc\train\cin\0975_coupleA.jpg,data/backup_train_synth_photoize\cin\0975_coupleA.jpg
data/kyc\train\cin\0976_coupleA.jpg,data/backup_train_synth_photoize\cin\0976_coupleA.jpg
data/kyc\train\cin\0977_coupleA.jpg,data/backup_train_synth_photoize\cin\0977_coupleA.jpg
data/kyc\train\cin\0978_coupleA.jpg,data/backup_train_synth_photoize\cin\0978_coupleA.jpg
data/kyc\train\cin\0979_coupleA.jpg,data/backup_train_synth_photoize\cin\0979_coupleA.jpg
data/kyc\train\cin\0980_coupleA.jpg,data/backup_train_synth_photoize\cin\0980_coupleA.jpg
data/kyc\train\cin\0981_coupleA.jpg,data/backup_train_synth_photoize\cin\0981_coupleA.jpg
data/kyc\train\cin\0982_coupleA.jpg,data/backup_train_synth_photoize\cin\0982_coupleA.jpg
data/kyc\train\cin\0983_coupleA.jpg,data/backup_train_synth_photoize\cin\0983_coupleA.jpg
data/kyc\train\cin\0984_coupleA.jpg,data/backup_train_synth_photoize\cin\0984_coupleA.jpg
data/kyc\train\cin\0985_coupleA.jpg,data/backup_train_synth_photoize\cin\0985_coupleA.jpg
data/kyc\train\cin\0986_coupleA.jpg,data/backup_train_synth_photoize\cin\0986_coupleA.jpg
data/kyc\train\cin\0987_coupleA.jpg,data/backup_train_synth_photoize\cin\0987_coupleA.jpg
data/kyc\train\cin\0988_coupleA.jpg,data/backup_train_synth_photoize\cin\0988_coupleA.jpg
data/kyc\train\cin\0989_coupleA.jpg,data/backup_train_synth_photoize\cin\0989_coupleA.jpg
data/kyc\train\cin\0990_coupleA.jpg,data/backup_train_synth_photoize\cin\0990_coupleA.jpg
data/kyc\train\cin\0991_coupleA.jpg,data/backup_train_synth_photoize\cin\0991_coupleA.jpg
data/kyc\train\cin\0992_coupleA.jpg,data/backup_train_synth_photoize\cin\0992_coupleA.jpg
data/kyc\train\cin\0993_coupleA.jpg,data/backup_train_synth_photoize\cin\0993_coupleA.jpg
data/kyc\train\cin\0994_coupleA.jpg,data/backup_train_synth_photoize\cin\0994_coupleA.jpg
data/kyc\train\cin\0995_coupleA.jpg,data/backup_train_synth_photoize\cin\0995_coupleA.jpg
data/kyc\train\cin\0996_coupleA.jpg,data/backup_train_synth_photoize\cin\0996_coupleA.jpg
data/kyc\train\cin\0997_coupleA.jpg,data/backup_train_synth_photoize\cin\0997_coupleA.jpg
data/kyc\train\cin\0998_coupleA.jpg,data/backup_train_synth_photoize\cin\0998_coupleA.jpg
data/kyc\train\cin\0999_coupleA.jpg,data/backup_train_synth_photoize\cin\0999_coupleA.jpg
data/kyc\train\cin\1000_coupleA.jpg,data/backup_train_synth_photoize\cin\1000_coupleA.jpg
data/kyc\train\cin\1001_coupleA.jpg,data/backup_train_synth_photoize\cin\1001_coupleA.jpg
data/kyc\train\cin\1002_coupleA.jpg,data/backup_train_synth_photoize\cin\1002_coupleA.jpg
data/kyc\train\cin\1003_coupleA.jpg,data/backup_train_synth_photoize\cin\1003_coupleA.jpg
data/kyc\train\cin\1004_coupleA.jpg,data/backup_train_synth_photoize\cin\1004_coupleA.jpg
data/kyc\train\cin\1005_coupleA.jpg,data/backup_train_synth_photoize\cin\1005_coupleA.jpg
data/kyc\train\cin\1006_coupleA.jpg,data/backup_train_synth_photoize\cin\1006_coupleA.jpg
data/kyc\train\cin\1007_coupleA.jpg,data/backup_train_synth_photoize\cin\1007_coupleA.jpg
data/kyc\train\cin\1008_coupleA.jpg,data/backup_train_synth_photoize\cin\1008_coupleA.jpg
data/kyc\train\cin\1009_coupleA.jpg,data/backup_train_synth_photoize\cin\1009_coupleA.jpg
data/kyc\train\cin\1010_coupleA.jpg,data/backup_train_synth_photoize\cin\1010_coupleA.jpg
data/kyc\train\cin\1011_coupleA.jpg,data/backup_train_synth_photoize\cin\1011_coupleA.jpg
data/kyc\train\cin\1012_coupleA.jpg,data/backup_train_synth_photoize\cin\1012_coupleA.jpg
data/kyc\train\cin\1013_coupleA.jpg,data/backup_train_synth_photoize\cin\1013_coupleA.jpg
data/kyc\train\cin\1014_coupleA.jpg,data/backup_train_synth_photoize\cin\1014_coupleA.jpg
data/kyc\train\cin\1015_coupleA.jpg,data/backup_train_synth_photoize\cin\1015_coupleA.jpg
data/kyc\train\cin\1016_coupleA.jpg,data/backup_train_synth_photoize\cin\1016_coupleA.jpg
data/kyc\train\cin\1017_coupleA.jpg,data/backup_train_synth_photoize\cin\1017_coupleA.jpg
data/kyc\train\cin\1018_coupleA.jpg,data/backup_train_synth_photoize\cin\1018_coupleA.jpg
data/kyc\train\cin\1019_coupleA.jpg,data/backup_train_synth_photoize\cin\1019_coupleA.jpg
data/kyc\train\cin\1020_coupleA.jpg,data/backup_train_synth_photoize\cin\1020_coupleA.jpg
data/kyc\train\cin\1021_coupleA.jpg,data/backup_train_synth_photoize\cin\1021_coupleA.jpg
data/kyc\train\cin\1022_coupleA.jpg,data/backup_train_synth_photoize\cin\1022_coupleA.jpg
data/kyc\train\cin\1023_coupleA.jpg,data/backup_train_synth_photoize\cin\1023_coupleA.jpg
data/kyc\train\cin\1024_coupleA.jpg,data/backup_train_synth_photoize\cin\1024_coupleA.jpg
data/kyc\train\cin\1025_coupleA.jpg,data/backup_train_synth_photoize\cin\1025_coupleA.jpg
data/kyc\train\cin\1026_coupleA.jpg,data/backup_train_synth_photoize\cin\1026_coupleA.jpg
data/kyc\train\cin\1027_coupleA.jpg,data/backup_train_synth_photoize\cin\1027_coupleA.jpg
data/kyc\train\cin\1028_coupleA.jpg,data/backup_train_synth_photoize\cin\1028_coupleA.jpg
data/kyc\train\cin\1029_coupleA.jpg,data/backup_train_synth_photoize\cin\1029_coupleA.jpg
data/kyc\train\cin\1030_coupleA.jpg,data/backup_train_synth_photoize\cin\1030_coupleA.jpg
data/kyc\train\cin\1031_coupleA.jpg,data/backup_train_synth_photoize\cin\1031_coupleA.jpg
data/kyc\train\cin\1032_coupleA.jpg,data/backup_train_synth_photoize\cin\1032_coupleA.jpg
data/kyc\train\cin\1033_coupleA.jpg,data/backup_train_synth_photoize\cin\1033_coupleA.jpg
data/kyc\train\cin\1034_coupleA.jpg,data/backup_train_synth_photoize\cin\1034_coupleA.jpg
data/kyc\train\cin\1035_coupleA.jpg,data/backup_train_synth_photoize\cin\1035_coupleA.jpg
data/kyc\train\cin\1036_coupleA.jpg,data/backup_train_synth_photoize\cin\1036_coupleA.jpg
data/kyc\train\cin\1037_coupleA.jpg,data/backup_train_synth_photoize\cin\1037_coupleA.jpg
data/kyc\train\cin\1038_coupleA.jpg,data/backup_train_synth_photoize\cin\1038_coupleA.jpg
data/kyc\train\cin\1039_coupleA.jpg,data/backup_train_synth_photoize\cin\1039_coupleA.jpg
data/kyc\train\cin\1040_coupleA.jpg,data/backup_train_synth_photoize\cin\1040_coupleA.jpg
data/kyc\train\cin\1041_coupleA.jpg,data/backup_train_synth_photoize\cin\1041_coupleA.jpg
data/kyc\train\cin\1042_coupleA.jpg,data/backup_train_synth_photoize\cin\1042_coupleA.jpg
data/kyc\train\cin\1043_coupleA.jpg,data/backup_train_synth_photoize\cin\1043_coupleA.jpg
data/kyc\train\cin\1044_coupleA.jpg,data/backup_train_synth_photoize\cin\1044_coupleA.jpg
data/kyc\train\cin\1045_coupleA.jpg,data/backup_train_synth_photoize\cin\1045_coupleA.jpg
data/kyc\train\cin\1046_coupleA.jpg,data/backup_train_synth_photoize\cin\1046_coupleA.jpg
data/kyc\train\cin\1047_coupleA.jpg,data/backup_train_synth_photoize\cin\1047_coupleA.jpg
data/kyc\train\cin\1048_coupleA.jpg,data/backup_train_synth_photoize\cin\1048_coupleA.jpg
data/kyc\train\cin\1049_coupleA.jpg,data/backup_train_synth_photoize\cin\1049_coupleA.jpg
data/kyc\train\cin\1050_coupleA.jpg,data/backup_train_synth_photoize\cin\1050_coupleA.jpg
data/kyc\train\cin\1051_coupleA.jpg,data/backup_train_synth_photoize\cin\1051_coupleA.jpg
data/kyc\train\cin\1052_coupleA.jpg,data/backup_train_synth_photoize\cin\1052_coupleA.jpg
data/kyc\train\cin\1053_coupleA.jpg,data/backup_train_synth_photoize\cin\1053_coupleA.jpg
data/kyc\train\cin\1054_coupleA.jpg,data/backup_train_synth_photoize\cin\1054_coupleA.jpg
data/kyc\train\cin\1055_coupleA.jpg,data/backup_train_synth_photoize\cin\1055_coupleA.jpg
data/kyc\train\cin\1056_coupleA.jpg,data/backup_train_synth_photoize\cin\1056_coupleA.jpg
data/kyc\train\cin\1057_coupleA.jpg,data/backup_train_synth_photoize\cin\1057_coupleA.jpg
data/kyc\train\cin\1058_coupleA.jpg,data/backup_train_synth_photoize\cin\1058_coupleA.jpg
data/kyc\train\cin\1059_coupleA.jpg,data/backup_train_synth_photoize\cin\1059_coupleA.jpg
data/kyc\train\cin\1060_coupleA.jpg,data/backup_train_synth_photoize\cin\1060_coupleA.jpg
data/kyc\train\cin\1061_coupleA.jpg,data/backup_train_synth_photoize\cin\1061_coupleA.jpg
data/kyc\train\cin\1062_coupleA.jpg,data/backup_train_synth_photoize\cin\1062_coupleA.jpg
data/kyc\train\cin\1063_coupleA.jpg,data/backup_train_synth_photoize\cin\1063_coupleA.jpg
data/kyc\train\cin\1064_coupleA.jpg,data/backup_train_synth_photoize\cin\1064_coupleA.jpg
data/kyc\train\cin\1065_coupleA.jpg,data/backup_train_synth_photoize\cin\1065_coupleA.jpg
data/kyc\train\cin\1066_coupleA.jpg,data/backup_train_synth_photoize\cin\1066_coupleA.jpg
data/kyc\train\cin\1067_coupleA.jpg,data/backup_train_synth_photoize\cin\1067_coupleA.jpg
data/kyc\train\cin\1068_coupleA.jpg,data/backup_train_synth_photoize\cin\1068_coupleA.jpg
data/kyc\train\cin\1069_coupleA.jpg,data/backup_train_synth_photoize\cin\1069_coupleA.jpg
data/kyc\train\cin\1070_coupleA.jpg,data/backup_train_synth_photoize\cin\1070_coupleA.jpg
data/kyc\train\cin\1071_coupleA.jpg,data/backup_train_synth_photoize\cin\1071_coupleA.jpg
data/kyc\train\cin\1072_coupleA.jpg,data/backup_train_synth_photoize\cin\1072_coupleA.jpg
data/kyc\train\cin\1073_coupleA.jpg,data/backup_train_synth_photoize\cin\1073_coupleA.jpg
data/kyc\train\cin\1074_coupleA.jpg,data/backup_train_synth_photoize\cin\1074_coupleA.jpg
data/kyc\train\cin\1075_coupleA.jpg,data/backup_train_synth_photoize\cin\1075_coupleA.jpg
data/kyc\train\cin\1076_coupleA.jpg,data/backup_train_synth_photoize\cin\1076_coupleA.jpg
data/kyc\train\cin\1077_coupleA.jpg,data/backup_train_synth_photoize\cin\1077_coupleA.jpg
data/kyc\train\cin\1078_coupleA.jpg,data/backup_train_synth_photoize\cin\1078_coupleA.jpg
data/kyc\train\cin\1079_coupleA.jpg,data/backup_train_synth_photoize\cin\1079_coupleA.jpg
data/kyc\train\cin\1080_coupleA.jpg,data/backup_train_synth_photoize\cin\1080_coupleA.jpg
data/kyc\train\cin\1081_coupleA.jpg,data/backup_train_synth_photoize\cin\1081_coupleA.jpg
data/kyc\train\cin\1082_coupleA.jpg,data/backup_train_synth_photoize\cin\1082_coupleA.jpg
data/kyc\train\cin\1083_coupleA.jpg,data/backup_train_synth_photoize\cin\1083_coupleA.jpg
data/kyc\train\cin\1084_coupleA.jpg,data/backup_train_synth_photoize\cin\1084_coupleA.jpg
data/kyc\train\cin\1085_coupleA.jpg,data/backup_train_synth_photoize\cin\1085_coupleA.jpg
data/kyc\train\cin\1086_coupleA.jpg,data/backup_train_synth_photoize\cin\1086_coupleA.jpg
data/kyc\train\cin\1087_coupleA.jpg,data/backup_train_synth_photoize\cin\1087_coupleA.jpg
data/kyc\train\cin\1088_coupleA.jpg,data/backup_train_synth_photoize\cin\1088_coupleA.jpg
data/kyc\train\cin\1089_coupleA.jpg,data/backup_train_synth_photoize\cin\1089_coupleA.jpg
data/kyc\train\cin\1090_coupleA.jpg,data/backup_train_synth_photoize\cin\1090_coupleA.jpg
data/kyc\train\cin\1091_coupleA.jpg,data/backup_train_synth_photoize\cin\1091_coupleA.jpg
data/kyc\train\cin\1092_coupleA.jpg,data/backup_train_synth_photoize\cin\1092_coupleA.jpg
data/kyc\train\cin\1093_coupleA.jpg,data/backup_train_synth_photoize\cin\1093_coupleA.jpg
data/kyc\train\cin\1094_coupleA.jpg,data/backup_train_synth_photoize\cin\1094_coupleA.jpg
data/kyc\train\cin\1095_coupleA.jpg,data/backup_train_synth_photoize\cin\1095_coupleA.jpg
data/kyc\train\cin\1096_coupleA.jpg,data/backup_train_synth_photoize\cin\1096_coupleA.jpg
data/kyc\train\cin\1097_coupleA.jpg,data/backup_train_synth_photoize\cin\1097_coupleA.jpg
data/kyc\train\cin\1098_coupleA.jpg,data/backup_train_synth_photoize\cin\1098_coupleA.jpg
data/kyc\train\cin\1099_coupleA.jpg,data/backup_train_synth_photoize\cin\1099_coupleA.jpg
data/kyc\train\cin\1100_coupleA.jpg,data/backup_train_synth_photoize\cin\1100_coupleA.jpg
data/kyc\train\cin\1101_coupleA.jpg,data/backup_train_synth_photoize\cin\1101_coupleA.jpg
data/kyc\train\cin\1102_coupleA.jpg,data/backup_train_synth_photoize\cin\1102_coupleA.jpg
data/kyc\train\cin\1103_coupleA.jpg,data/backup_train_synth_photoize\cin\1103_coupleA.jpg
data/kyc\train\cin\1104_coupleA.jpg,data/backup_train_synth_photoize\cin\1104_coupleA.jpg
data/kyc\train\cin\1105_coupleA.jpg,data/backup_train_synth_photoize\cin\1105_coupleA.jpg
data/kyc\train\cin\1106_coupleA.jpg,data/backup_train_synth_photoize\cin\1106_coupleA.jpg
data/kyc\train\cin\1107_coupleA.jpg,data/backup_train_synth_photoize\cin\1107_coupleA.jpg
data/kyc\train\cin\1108_coupleA.jpg,data/backup_train_synth_photoize\cin\1108_coupleA.jpg
data/kyc\train\cin\1109_coupleA.jpg,data/backup_train_synth_photoize\cin\1109_coupleA.jpg
data/kyc\train\cin\1110_coupleA.jpg,data/backup_train_synth_photoize\cin\1110_coupleA.jpg
data/kyc\train\cin\1111_coupleA.jpg,data/backup_train_synth_photoize\cin\1111_coupleA.jpg
data/kyc\train\cin\1112_coupleA.jpg,data/backup_train_synth_photoize\cin\1112_coupleA.jpg
data/kyc\train\cin\1113_coupleA.jpg,data/backup_train_synth_photoize\cin\1113_coupleA.jpg
data/kyc\train\cin\1114_coupleA.jpg,data/backup_train_synth_photoize\cin\1114_coupleA.jpg
data/kyc\train\cin\1115_coupleA.jpg,data/backup_train_synth_photoize\cin\1115_coupleA.jpg
data/kyc\train\cin\1116_coupleA.jpg,data/backup_train_synth_photoize\cin\1116_coupleA.jpg
data/kyc\train\cin\1117_coupleA.jpg,data/backup_train_synth_photoize\cin\1117_coupleA.jpg
data/kyc\train\cin\1118_coupleA.jpg,data/backup_train_synth_photoize\cin\1118_coupleA.jpg
data/kyc\train\cin\1119_coupleA.jpg,data/backup_train_synth_photoize\cin\1119_coupleA.jpg
data/kyc\train\cin\1120_coupleA.jpg,data/backup_train_synth_photoize\cin\1120_coupleA.jpg
data/kyc\train\cin\1121_coupleA.jpg,data/backup_train_synth_photoize\cin\1121_coupleA.jpg
data/kyc\train\cin\1122_coupleA.jpg,data/backup_train_synth_photoize\cin\1122_coupleA.jpg
data/kyc\train\cin\1123_coupleA.jpg,data/backup_train_synth_photoize\cin\1123_coupleA.jpg
data/kyc\train\cin\1124_coupleA.jpg,data/backup_train_synth_photoize\cin\1124_coupleA.jpg
data/kyc\train\cin\1125_coupleA.jpg,data/backup_train_synth_photoize\cin\1125_coupleA.jpg
data/kyc\train\cin\1126_coupleA.jpg,data/backup_train_synth_photoize\cin\1126_coupleA.jpg
data/kyc\train\cin\1127_coupleA.jpg,data/backup_train_synth_photoize\cin\1127_coupleA.jpg
data/kyc\train\cin\1128_coupleA.jpg,data/backup_train_synth_photoize\cin\1128_coupleA.jpg
data/kyc\train\cin\1129_coupleA.jpg,data/backup_train_synth_photoize\cin\1129_coupleA.jpg
data/kyc\train\cin\1130_coupleA.jpg,data/backup_train_synth_photoize\cin\1130_coupleA.jpg
data/kyc\train\cin\1131_coupleA.jpg,data/backup_train_synth_photoize\cin\1131_coupleA.jpg
data/kyc\train\cin\1132_coupleA.jpg,data/backup_train_synth_photoize\cin\1132_coupleA.jpg
data/kyc\train\cin\1133_coupleA.jpg,data/backup_train_synth_photoize\cin\1133_coupleA.jpg
data/kyc\train\cin\1134_coupleA.jpg,data/backup_train_synth_photoize\cin\1134_coupleA.jpg
data/kyc\train\cin\1135_coupleA.jpg,data/backup_train_synth_photoize\cin\1135_coupleA.jpg
data/kyc\train\cin\1136_coupleA.jpg,data/backup_train_synth_photoize\cin\1136_coupleA.jpg
data/kyc\train\cin\1137_coupleA.jpg,data/backup_train_synth_photoize\cin\1137_coupleA.jpg
data/kyc\train\cin\1138_coupleA.jpg,data/backup_train_synth_photoize\cin\1138_coupleA.jpg
data/kyc\train\cin\1139_coupleA.jpg,data/backup_train_synth_photoize\cin\1139_coupleA.jpg
data/kyc\train\cin\1140_coupleA.jpg,data/backup_train_synth_photoize\cin\1140_coupleA.jpg
data/kyc\train\cin\1141_coupleA.jpg,data/backup_train_synth_photoize\cin\1141_coupleA.jpg
data/kyc\train\cin\1142_coupleA.jpg,data/backup_train_synth_photoize\cin\1142_coupleA.jpg
data/kyc\train\cin\1143_coupleA.jpg,data/backup_train_synth_photoize\cin\1143_coupleA.jpg
data/kyc\train\cin\1144_coupleA.jpg,data/backup_train_synth_photoize\cin\1144_coupleA.jpg
data/kyc\train\cin\1145_coupleA.jpg,data/backup_train_synth_photoize\cin\1145_coupleA.jpg
data/kyc\train\cin\1146_coupleA.jpg,data/backup_train_synth_photoize\cin\1146_coupleA.jpg
data/kyc\train\cin\1147_coupleA.jpg,data/backup_train_synth_photoize\cin\1147_coupleA.jpg
data/kyc\train\cin\1148_coupleA.jpg,data/backup_train_synth_photoize\cin\1148_coupleA.jpg
data/kyc\train\cin\1149_coupleA.jpg,data/backup_train_synth_photoize\cin\1149_coupleA.jpg
data/kyc\train\cin\1150_coupleA.jpg,data/backup_train_synth_photoize\cin\1150_coupleA.jpg
data/kyc\train\cin\1151_coupleA.jpg,data/backup_train_synth_photoize\cin\1151_coupleA.jpg
data/kyc\train\cin\1152_coupleA.jpg,data/backup_train_synth_photoize\cin\1152_coupleA.jpg
data/kyc\train\cin\1153_coupleA.jpg,data/backup_train_synth_photoize\cin\1153_coupleA.jpg
data/kyc\train\cin\1154_coupleA.jpg,data/backup_train_synth_photoize\cin\1154_coupleA.jpg
data/kyc\train\cin\1155_coupleA.jpg,data/backup_train_synth_photoize\cin\1155_coupleA.jpg
data/kyc\train\cin\1156_coupleA.jpg,data/backup_train_synth_photoize\cin\1156_coupleA.jpg
data/kyc\train\cin\1157_coupleA.jpg,data/backup_train_synth_photoize\cin\1157_coupleA.jpg
data/kyc\train\cin\1158_coupleA.jpg,data/backup_train_synth_photoize\cin\1158_coupleA.jpg
data/kyc\train\cin\1159_coupleA.jpg,data/backup_train_synth_photoize\cin\1159_coupleA.jpg
data/kyc\train\cin\1160_coupleA.jpg,data/backup_train_synth_photoize\cin\1160_coupleA.jpg
data/kyc\train\cin\1161_coupleA.jpg,data/backup_train_synth_photoize\cin\1161_coupleA.jpg
data/kyc\train\cin\1162_coupleA.jpg,data/backup_train_synth_photoize\cin\1162_coupleA.jpg
data/kyc\train\cin\1163_coupleA.jpg,data/backup_train_synth_photoize\cin\1163_coupleA.jpg
data/kyc\train\cin\1164_coupleA.jpg,data/backup_train_synth_photoize\cin\1164_coupleA.jpg
data/kyc\train\cin\1165_coupleA.jpg,data/backup_train_synth_photoize\cin\1165_coupleA.jpg
data/kyc\train\cin\1166_coupleA.jpg,data/backup_train_synth_photoize\cin\1166_coupleA.jpg
data/kyc\train\cin\1167_coupleA.jpg,data/backup_train_synth_photoize\cin\1167_coupleA.jpg
data/kyc\train\cin\1168_coupleA.jpg,data/backup_train_synth_photoize\cin\1168_coupleA.jpg
data/kyc\train\cin\1169_coupleA.jpg,data/backup_train_synth_photoize\cin\1169_coupleA.jpg
data/kyc\train\cin\1170_coupleA.jpg,data/backup_train_synth_photoize\cin\1170_coupleA.jpg
data/kyc\train\cin\1171_coupleA.jpg,data/backup_train_synth_photoize\cin\1171_coupleA.jpg
data/kyc\train\cin\1172_coupleA.jpg,data/backup_train_synth_photoize\cin\1172_coupleA.jpg
data/kyc\train\cin\1173_coupleA.jpg,data/backup_train_synth_photoize\cin\1173_coupleA.jpg
data/kyc\train\cin\1174_coupleA.jpg,data/backup_train_synth_photoize\cin\1174_coupleA.jpg
data/kyc\train\cin\1175_coupleA.jpg,data/backup_train_synth_photoize\cin\1175_coupleA.jpg
data/kyc\train\cin\1176_coupleA.jpg,data/backup_train_synth_photoize\cin\1176_coupleA.jpg
data/kyc\train\cin\1177_coupleA.jpg,data/backup_train_synth_photoize\cin\1177_coupleA.jpg
data/kyc\train\cin\1178_coupleA.jpg,data/backup_train_synth_photoize\cin\1178_coupleA.jpg
data/kyc\train\cin\1179_coupleA.jpg,data/backup_train_synth_photoize\cin\1179_coupleA.jpg
data/kyc\train\cin\1180_coupleA.jpg,data/backup_train_synth_photoize\cin\1180_coupleA.jpg
data/kyc\train\cin\1181_coupleA.jpg,data/backup_train_synth_photoize\cin\1181_coupleA.jpg
data/kyc\train\cin\1182_coupleA.jpg,data/backup_train_synth_photoize\cin\1182_coupleA.jpg
data/kyc\train\cin\1183_coupleA.jpg,data/backup_train_synth_photoize\cin\1183_coupleA.jpg
data/kyc\train\cin\1184_coupleA.jpg,data/backup_train_synth_photoize\cin\1184_coupleA.jpg
data/kyc\train\cin\1185_coupleA.jpg,data/backup_train_synth_photoize\cin\1185_coupleA.jpg
data/kyc\train\cin\1186_coupleA.jpg,data/backup_train_synth_photoize\cin\1186_coupleA.jpg
data/kyc\train\cin\1187_coupleA.jpg,data/backup_train_synth_photoize\cin\1187_coupleA.jpg
data/kyc\train\cin\1188_coupleA.jpg,data/backup_train_synth_photoize\cin\1188_coupleA.jpg
data/kyc\train\cin\1189_coupleA.jpg,data/backup_train_synth_photoize\cin\1189_coupleA.jpg
data/kyc\train\cin\1190_coupleA.jpg,data/backup_train_synth_photoize\cin\1190_coupleA.jpg
data/kyc\train\cin\1191_coupleA.jpg,data/backup_train_synth_photoize\cin\1191_coupleA.jpg
data/kyc\train\cin\1192_coupleA.jpg,data/backup_train_synth_photoize\cin\1192_coupleA.jpg
data/kyc\train\cin\1193_coupleA.jpg,data/backup_train_synth_photoize\cin\1193_coupleA.jpg
data/kyc\train\cin\1194_coupleA.jpg,data/backup_train_synth_photoize\cin\1194_coupleA.jpg
data/kyc\train\cin\1195_coupleA.jpg,data/backup_train_synth_photoize\cin\1195_coupleA.jpg
data/kyc\train\cin\1196_coupleA.jpg,data/backup_train_synth_photoize\cin\1196_coupleA.jpg
data/kyc\train\cin\1197_coupleA.jpg,data/backup_train_synth_photoize\cin\1197_coupleA.jpg
data/kyc\train\cin\1198_coupleA.jpg,data/backup_train_synth_photoize\cin\1198_coupleA.jpg
data/kyc\train\cin\1199_coupleA.jpg,data/backup_train_synth_photoize\cin\1199_coupleA.jpg
data/kyc\train\stat\0000_coupleA.jpg,data/backup_train_synth_photoize\stat\0000_coupleA.jpg
data/kyc\train\stat\0001_coupleB.jpg,data/backup_train_synth_photoize\stat\0001_coupleB.jpg
data/kyc\train\stat\0002_coupleB.jpg,data/backup_train_synth_photoize\stat\0002_coupleB.jpg
data/kyc\train\stat\0003_coupleB.jpg,data/backup_train_synth_photoize\stat\0003_coupleB.jpg
data/kyc\train\stat\0004_coupleA.jpg,data/backup_train_synth_photoize\stat\0004_coupleA.jpg
data/kyc\train\stat\0005_coupleB.jpg,data/backup_train_synth_photoize\stat\0005_coupleB.jpg
data/kyc\train\stat\0006_coupleA.jpg,data/backup_train_synth_photoize\stat\0006_coupleA.jpg
data/kyc\train\stat\0007_coupleB.jpg,data/backup_train_synth_photoize\stat\0007_coupleB.jpg
data/kyc\train\stat\0008_coupleA.jpg,data/backup_train_synth_photoize\stat\0008_coupleA.jpg
data/kyc\train\stat\0009_coupleB.jpg,data/backup_train_synth_photoize\stat\0009_coupleB.jpg
data/kyc\train\stat\0010_coupleA.jpg,data/backup_train_synth_photoize\stat\0010_coupleA.jpg
data/kyc\train\stat\0011_coupleB.jpg,data/backup_train_synth_photoize\stat\0011_coupleB.jpg
data/kyc\train\stat\0012_coupleB.jpg,data/backup_train_synth_photoize\stat\0012_coupleB.jpg
data/kyc\train\stat\0013_coupleA.jpg,data/backup_train_synth_photoize\stat\0013_coupleA.jpg
data/kyc\train\stat\0014_coupleA.jpg,data/backup_train_synth_photoize\stat\0014_coupleA.jpg
data/kyc\train\stat\0015_coupleA.jpg,data/backup_train_synth_photoize\stat\0015_coupleA.jpg
data/kyc\train\stat\0016_coupleA.jpg,data/backup_train_synth_photoize\stat\0016_coupleA.jpg
data/kyc\train\stat\0017_coupleA.jpg,data/backup_train_synth_photoize\stat\0017_coupleA.jpg
data/kyc\train\stat\0018_coupleA.jpg,data/backup_train_synth_photoize\stat\0018_coupleA.jpg
data/kyc\train\stat\0019_coupleA.jpg,data/backup_train_synth_photoize\stat\0019_coupleA.jpg
data/kyc\train\stat\0020_coupleB.jpg,data/backup_train_synth_photoize\stat\0020_coupleB.jpg
data/kyc\train\stat\0021_coupleB.jpg,data/backup_train_synth_photoize\stat\0021_coupleB.jpg
data/kyc\train\stat\0022_coupleA.jpg,data/backup_train_synth_photoize\stat\0022_coupleA.jpg
data/kyc\train\stat\0023_coupleA.jpg,data/backup_train_synth_photoize\stat\0023_coupleA.jpg
data/kyc\train\stat\0024_coupleA.jpg,data/backup_train_synth_photoize\stat\0024_coupleA.jpg
data/kyc\train\stat\0025_coupleA.jpg,data/backup_train_synth_photoize\stat\0025_coupleA.jpg
data/kyc\train\stat\0026_coupleB.jpg,data/backup_train_synth_photoize\stat\0026_coupleB.jpg
data/kyc\train\stat\0027_coupleB.jpg,data/backup_train_synth_photoize\stat\0027_coupleB.jpg
data/kyc\train\stat\0028_coupleA.jpg,data/backup_train_synth_photoize\stat\0028_coupleA.jpg
data/kyc\train\stat\0029_coupleB.jpg,data/backup_train_synth_photoize\stat\0029_coupleB.jpg
data/kyc\train\stat\0030_coupleB.jpg,data/backup_train_synth_photoize\stat\0030_coupleB.jpg
data/kyc\train\stat\0031_coupleB.jpg,data/backup_train_synth_photoize\stat\0031_coupleB.jpg
data/kyc\train\stat\0032_coupleB.jpg,data/backup_train_synth_photoize\stat\0032_coupleB.jpg
data/kyc\train\stat\0033_coupleA.jpg,data/backup_train_synth_photoize\stat\0033_coupleA.jpg
data/kyc\train\stat\0034_coupleB.jpg,data/backup_train_synth_photoize\stat\0034_coupleB.jpg
data/kyc\train\stat\0035_coupleA.jpg,data/backup_train_synth_photoize\stat\0035_coupleA.jpg
data/kyc\train\stat\0036_coupleA.jpg,data/backup_train_synth_photoize\stat\0036_coupleA.jpg
data/kyc\train\stat\0037_coupleB.jpg,data/backup_train_synth_photoize\stat\0037_coupleB.jpg
data/kyc\train\stat\0038_coupleB.jpg,data/backup_train_synth_photoize\stat\0038_coupleB.jpg
data/kyc\train\stat\0039_coupleA.jpg,data/backup_train_synth_photoize\stat\0039_coupleA.jpg
data/kyc\train\stat\0040_coupleA.jpg,data/backup_train_synth_photoize\stat\0040_coupleA.jpg
data/kyc\train\stat\0041_coupleB.jpg,data/backup_train_synth_photoize\stat\0041_coupleB.jpg
data/kyc\train\stat\0042_coupleA.jpg,data/backup_train_synth_photoize\stat\0042_coupleA.jpg
data/kyc\train\stat\0043_coupleB.jpg,data/backup_train_synth_photoize\stat\0043_coupleB.jpg
data/kyc\train\stat\0044_coupleA.jpg,data/backup_train_synth_photoize\stat\0044_coupleA.jpg
data/kyc\train\stat\0045_coupleA.jpg,data/backup_train_synth_photoize\stat\0045_coupleA.jpg
data/kyc\train\stat\0046_coupleA.jpg,data/backup_train_synth_photoize\stat\0046_coupleA.jpg
data/kyc\train\stat\0047_coupleB.jpg,data/backup_train_synth_photoize\stat\0047_coupleB.jpg
data/kyc\train\stat\0048_coupleB.jpg,data/backup_train_synth_photoize\stat\0048_coupleB.jpg
data/kyc\train\stat\0049_coupleB.jpg,data/backup_train_synth_photoize\stat\0049_coupleB.jpg
data/kyc\train\stat\0050_coupleB.jpg,data/backup_train_synth_photoize\stat\0050_coupleB.jpg
data/kyc\train\stat\0051_coupleB.jpg,data/backup_train_synth_photoize\stat\0051_coupleB.jpg
data/kyc\train\stat\0052_coupleA.jpg,data/backup_train_synth_photoize\stat\0052_coupleA.jpg
data/kyc\train\stat\0053_coupleA.jpg,data/backup_train_synth_photoize\stat\0053_coupleA.jpg
data/kyc\train\stat\0054_coupleA.jpg,data/backup_train_synth_photoize\stat\0054_coupleA.jpg
data/kyc\train\stat\0055_coupleB.jpg,data/backup_train_synth_photoize\stat\0055_coupleB.jpg
data/kyc\train\stat\0056_coupleA.jpg,data/backup_train_synth_photoize\stat\0056_coupleA.jpg
data/kyc\train\stat\0057_coupleA.jpg,data/backup_train_synth_photoize\stat\0057_coupleA.jpg
data/kyc\train\stat\0058_coupleB.jpg,data/backup_train_synth_photoize\stat\0058_coupleB.jpg
data/kyc\train\stat\0059_coupleB.jpg,data/backup_train_synth_photoize\stat\0059_coupleB.jpg
data/kyc\train\stat\0060_coupleA.jpg,data/backup_train_synth_photoize\stat\0060_coupleA.jpg
data/kyc\train\stat\0061_coupleA.jpg,data/backup_train_synth_photoize\stat\0061_coupleA.jpg
data/kyc\train\stat\0062_coupleB.jpg,data/backup_train_synth_photoize\stat\0062_coupleB.jpg
data/kyc\train\stat\0063_coupleA.jpg,data/backup_train_synth_photoize\stat\0063_coupleA.jpg
data/kyc\train\stat\0064_coupleB.jpg,data/backup_train_synth_photoize\stat\0064_coupleB.jpg
data/kyc\train\stat\0065_coupleB.jpg,data/backup_train_synth_photoize\stat\0065_coupleB.jpg
data/kyc\train\stat\0066_coupleB.jpg,data/backup_train_synth_photoize\stat\0066_coupleB.jpg
data/kyc\train\stat\0067_coupleB.jpg,data/backup_train_synth_photoize\stat\0067_coupleB.jpg
data/kyc\train\stat\0068_coupleB.jpg,data/backup_train_synth_photoize\stat\0068_coupleB.jpg
data/kyc\train\stat\0069_coupleA.jpg,data/backup_train_synth_photoize\stat\0069_coupleA.jpg
data/kyc\train\stat\0070_coupleA.jpg,data/backup_train_synth_photoize\stat\0070_coupleA.jpg
data/kyc\train\stat\0071_coupleA.jpg,data/backup_train_synth_photoize\stat\0071_coupleA.jpg
data/kyc\train\stat\0072_coupleA.jpg,data/backup_train_synth_photoize\stat\0072_coupleA.jpg
data/kyc\train\stat\0073_coupleA.jpg,data/backup_train_synth_photoize\stat\0073_coupleA.jpg
data/kyc\train\stat\0074_coupleA.jpg,data/backup_train_synth_photoize\stat\0074_coupleA.jpg
data/kyc\train\stat\0075_coupleA.jpg,data/backup_train_synth_photoize\stat\0075_coupleA.jpg
data/kyc\train\stat\0076_coupleB.jpg,data/backup_train_synth_photoize\stat\0076_coupleB.jpg
data/kyc\train\stat\0077_coupleB.jpg,data/backup_train_synth_photoize\stat\0077_coupleB.jpg
data/kyc\train\stat\0078_coupleA.jpg,data/backup_train_synth_photoize\stat\0078_coupleA.jpg
data/kyc\train\stat\0079_coupleB.jpg,data/backup_train_synth_photoize\stat\0079_coupleB.jpg
data/kyc\train\stat\0080_coupleA.jpg,data/backup_train_synth_photoize\stat\0080_coupleA.jpg
data/kyc\train\stat\0081_coupleA.jpg,data/backup_train_synth_photoize\stat\0081_coupleA.jpg
data/kyc\train\stat\0082_coupleA.jpg,data/backup_train_synth_photoize\stat\0082_coupleA.jpg
data/kyc\train\stat\0083_coupleB.jpg,data/backup_train_synth_photoize\stat\0083_coupleB.jpg
data/kyc\train\stat\0084_coupleB.jpg,data/backup_train_synth_photoize\stat\0084_coupleB.jpg
data/kyc\train\stat\0085_coupleB.jpg,data/backup_train_synth_photoize\stat\0085_coupleB.jpg
data/kyc\train\stat\0086_coupleB.jpg,data/backup_train_synth_photoize\stat\0086_coupleB.jpg
data/kyc\train\stat\0087_coupleA.jpg,data/backup_train_synth_photoize\stat\0087_coupleA.jpg
data/kyc\train\stat\0088_coupleB.jpg,data/backup_train_synth_photoize\stat\0088_coupleB.jpg
data/kyc\train\stat\0089_coupleA.jpg,data/backup_train_synth_photoize\stat\0089_coupleA.jpg
data/kyc\train\stat\0090_coupleA.jpg,data/backup_train_synth_photoize\stat\0090_coupleA.jpg
data/kyc\train\stat\0091_coupleB.jpg,data/backup_train_synth_photoize\stat\0091_coupleB.jpg
data/kyc\train\stat\0092_coupleA.jpg,data/backup_train_synth_photoize\stat\0092_coupleA.jpg
data/kyc\train\stat\0093_coupleB.jpg,data/backup_train_synth_photoize\stat\0093_coupleB.jpg
data/kyc\train\stat\0094_coupleA.jpg,data/backup_train_synth_photoize\stat\0094_coupleA.jpg
data/kyc\train\stat\0095_coupleA.jpg,data/backup_train_synth_photoize\stat\0095_coupleA.jpg
data/kyc\train\stat\0096_coupleA.jpg,data/backup_train_synth_photoize\stat\0096_coupleA.jpg
data/kyc\train\stat\0097_coupleA.jpg,data/backup_train_synth_photoize\stat\0097_coupleA.jpg
data/kyc\train\stat\0098_coupleA.jpg,data/backup_train_synth_photoize\stat\0098_coupleA.jpg
data/kyc\train\stat\0099_coupleA.jpg,data/backup_train_synth_photoize\stat\0099_coupleA.jpg
data/kyc\train\stat\0100_coupleA.jpg,data/backup_train_synth_photoize\stat\0100_coupleA.jpg
data/kyc\train\stat\0101_coupleA.jpg,data/backup_train_synth_photoize\stat\0101_coupleA.jpg
data/kyc\train\stat\0102_coupleA.jpg,data/backup_train_synth_photoize\stat\0102_coupleA.jpg
data/kyc\train\stat\0103_coupleA.jpg,data/backup_train_synth_photoize\stat\0103_coupleA.jpg
data/kyc\train\stat\0104_coupleA.jpg,data/backup_train_synth_photoize\stat\0104_coupleA.jpg
data/kyc\train\stat\0105_coupleB.jpg,data/backup_train_synth_photoize\stat\0105_coupleB.jpg
data/kyc\train\stat\0106_coupleB.jpg,data/backup_train_synth_photoize\stat\0106_coupleB.jpg
data/kyc\train\stat\0107_coupleA.jpg,data/backup_train_synth_photoize\stat\0107_coupleA.jpg
data/kyc\train\stat\0108_coupleB.jpg,data/backup_train_synth_photoize\stat\0108_coupleB.jpg
data/kyc\train\stat\0109_coupleB.jpg,data/backup_train_synth_photoize\stat\0109_coupleB.jpg
data/kyc\train\stat\0110_coupleA.jpg,data/backup_train_synth_photoize\stat\0110_coupleA.jpg
data/kyc\train\stat\0111_coupleB.jpg,data/backup_train_synth_photoize\stat\0111_coupleB.jpg
data/kyc\train\stat\0112_coupleA.jpg,data/backup_train_synth_photoize\stat\0112_coupleA.jpg
data/kyc\train\stat\0113_coupleA.jpg,data/backup_train_synth_photoize\stat\0113_coupleA.jpg
data/kyc\train\stat\0114_coupleB.jpg,data/backup_train_synth_photoize\stat\0114_coupleB.jpg
data/kyc\train\stat\0115_coupleB.jpg,data/backup_train_synth_photoize\stat\0115_coupleB.jpg
data/kyc\train\stat\0116_coupleB.jpg,data/backup_train_synth_photoize\stat\0116_coupleB.jpg
data/kyc\train\stat\0117_coupleB.jpg,data/backup_train_synth_photoize\stat\0117_coupleB.jpg
data/kyc\train\stat\0118_coupleA.jpg,data/backup_train_synth_photoize\stat\0118_coupleA.jpg
data/kyc\train\stat\0119_coupleA.jpg,data/backup_train_synth_photoize\stat\0119_coupleA.jpg
data/kyc\train\stat\0120_coupleA.jpg,data/backup_train_synth_photoize\stat\0120_coupleA.jpg
data/kyc\train\stat\0121_coupleB.jpg,data/backup_train_synth_photoize\stat\0121_coupleB.jpg
data/kyc\train\stat\0122_coupleA.jpg,data/backup_train_synth_photoize\stat\0122_coupleA.jpg
data/kyc\train\stat\0123_coupleB.jpg,data/backup_train_synth_photoize\stat\0123_coupleB.jpg
data/kyc\train\stat\0124_coupleB.jpg,data/backup_train_synth_photoize\stat\0124_coupleB.jpg
data/kyc\train\stat\0125_coupleA.jpg,data/backup_train_synth_photoize\stat\0125_coupleA.jpg
data/kyc\train\stat\0126_coupleA.jpg,data/backup_train_synth_photoize\stat\0126_coupleA.jpg
data/kyc\train\stat\0127_coupleB.jpg,data/backup_train_synth_photoize\stat\0127_coupleB.jpg
data/kyc\train\stat\0128_coupleB.jpg,data/backup_train_synth_photoize\stat\0128_coupleB.jpg
data/kyc\train\stat\0129_coupleA.jpg,data/backup_train_synth_photoize\stat\0129_coupleA.jpg
data/kyc\train\stat\0130_coupleA.jpg,data/backup_train_synth_photoize\stat\0130_coupleA.jpg
data/kyc\train\stat\0131_coupleA.jpg,data/backup_train_synth_photoize\stat\0131_coupleA.jpg
data/kyc\train\stat\0132_coupleA.jpg,data/backup_train_synth_photoize\stat\0132_coupleA.jpg
data/kyc\train\stat\0133_coupleA.jpg,data/backup_train_synth_photoize\stat\0133_coupleA.jpg
data/kyc\train\stat\0134_coupleA.jpg,data/backup_train_synth_photoize\stat\0134_coupleA.jpg
data/kyc\train\stat\0135_coupleB.jpg,data/backup_train_synth_photoize\stat\0135_coupleB.jpg
data/kyc\train\stat\0136_coupleA.jpg,data/backup_train_synth_photoize\stat\0136_coupleA.jpg
data/kyc\train\stat\0137_coupleA.jpg,data/backup_train_synth_photoize\stat\0137_coupleA.jpg
data/kyc\train\stat\0138_coupleA.jpg,data/backup_train_synth_photoize\stat\0138_coupleA.jpg
data/kyc\train\stat\0139_coupleA.jpg,data/backup_train_synth_photoize\stat\0139_coupleA.jpg
data/kyc\train\stat\0140_coupleA.jpg,data/backup_train_synth_photoize\stat\0140_coupleA.jpg
data/kyc\train\stat\0141_coupleA.jpg,data/backup_train_synth_photoize\stat\0141_coupleA.jpg
data/kyc\train\stat\0142_coupleA.jpg,data/backup_train_synth_photoize\stat\0142_coupleA.jpg
data/kyc\train\stat\0143_coupleA.jpg,data/backup_train_synth_photoize\stat\0143_coupleA.jpg
data/kyc\train\stat\0144_coupleA.jpg,data/backup_train_synth_photoize\stat\0144_coupleA.jpg
data/kyc\train\stat\0145_coupleA.jpg,data/backup_train_synth_photoize\stat\0145_coupleA.jpg
data/kyc\train\stat\0146_coupleB.jpg,data/backup_train_synth_photoize\stat\0146_coupleB.jpg
data/kyc\train\stat\0147_coupleB.jpg,data/backup_train_synth_photoize\stat\0147_coupleB.jpg
data/kyc\train\stat\0148_coupleB.jpg,data/backup_train_synth_photoize\stat\0148_coupleB.jpg
data/kyc\train\stat\0149_coupleB.jpg,data/backup_train_synth_photoize\stat\0149_coupleB.jpg
data/kyc\train\stat\0150_coupleA.jpg,data/backup_train_synth_photoize\stat\0150_coupleA.jpg
data/kyc\train\stat\0151_coupleA.jpg,data/backup_train_synth_photoize\stat\0151_coupleA.jpg
data/kyc\train\stat\0152_coupleA.jpg,data/backup_train_synth_photoize\stat\0152_coupleA.jpg
data/kyc\train\stat\0153_coupleA.jpg,data/backup_train_synth_photoize\stat\0153_coupleA.jpg
data/kyc\train\stat\0154_coupleB.jpg,data/backup_train_synth_photoize\stat\0154_coupleB.jpg
data/kyc\train\stat\0155_coupleB.jpg,data/backup_train_synth_photoize\stat\0155_coupleB.jpg
data/kyc\train\stat\0156_coupleA.jpg,data/backup_train_synth_photoize\stat\0156_coupleA.jpg
data/kyc\train\stat\0157_coupleA.jpg,data/backup_train_synth_photoize\stat\0157_coupleA.jpg
data/kyc\train\stat\0158_coupleB.jpg,data/backup_train_synth_photoize\stat\0158_coupleB.jpg
data/kyc\train\stat\0159_coupleA.jpg,data/backup_train_synth_photoize\stat\0159_coupleA.jpg
data/kyc\train\stat\0160_coupleA.jpg,data/backup_train_synth_photoize\stat\0160_coupleA.jpg
data/kyc\train\stat\0161_coupleB.jpg,data/backup_train_synth_photoize\stat\0161_coupleB.jpg
data/kyc\train\stat\0162_coupleB.jpg,data/backup_train_synth_photoize\stat\0162_coupleB.jpg
data/kyc\train\stat\0163_coupleB.jpg,data/backup_train_synth_photoize\stat\0163_coupleB.jpg
data/kyc\train\stat\0164_coupleB.jpg,data/backup_train_synth_photoize\stat\0164_coupleB.jpg
data/kyc\train\stat\0165_coupleA.jpg,data/backup_train_synth_photoize\stat\0165_coupleA.jpg
data/kyc\train\stat\0166_coupleA.jpg,data/backup_train_synth_photoize\stat\0166_coupleA.jpg
data/kyc\train\stat\0167_coupleA.jpg,data/backup_train_synth_photoize\stat\0167_coupleA.jpg
data/kyc\train\stat\0168_coupleA.jpg,data/backup_train_synth_photoize\stat\0168_coupleA.jpg
data/kyc\train\stat\0169_coupleB.jpg,data/backup_train_synth_photoize\stat\0169_coupleB.jpg
data/kyc\train\stat\0170_coupleB.jpg,data/backup_train_synth_photoize\stat\0170_coupleB.jpg
data/kyc\train\stat\0171_coupleA.jpg,data/backup_train_synth_photoize\stat\0171_coupleA.jpg
data/kyc\train\stat\0172_coupleB.jpg,data/backup_train_synth_photoize\stat\0172_coupleB.jpg
data/kyc\train\stat\0173_coupleA.jpg,data/backup_train_synth_photoize\stat\0173_coupleA.jpg
data/kyc\train\stat\0174_coupleB.jpg,data/backup_train_synth_photoize\stat\0174_coupleB.jpg
data/kyc\train\stat\0175_coupleB.jpg,data/backup_train_synth_photoize\stat\0175_coupleB.jpg
data/kyc\train\stat\0176_coupleB.jpg,data/backup_train_synth_photoize\stat\0176_coupleB.jpg
data/kyc\train\stat\0177_coupleB.jpg,data/backup_train_synth_photoize\stat\0177_coupleB.jpg
data/kyc\train\stat\0178_coupleB.jpg,data/backup_train_synth_photoize\stat\0178_coupleB.jpg
data/kyc\train\stat\0179_coupleA.jpg,data/backup_train_synth_photoize\stat\0179_coupleA.jpg
data/kyc\train\stat\0180_coupleB.jpg,data/backup_train_synth_photoize\stat\0180_coupleB.jpg
data/kyc\train\stat\0181_coupleB.jpg,data/backup_train_synth_photoize\stat\0181_coupleB.jpg
data/kyc\train\stat\0182_coupleB.jpg,data/backup_train_synth_photoize\stat\0182_coupleB.jpg
data/kyc\train\stat\0183_coupleA.jpg,data/backup_train_synth_photoize\stat\0183_coupleA.jpg
data/kyc\train\stat\0184_coupleB.jpg,data/backup_train_synth_photoize\stat\0184_coupleB.jpg
data/kyc\train\stat\0185_coupleB.jpg,data/backup_train_synth_photoize\stat\0185_coupleB.jpg
data/kyc\train\stat\0186_coupleA.jpg,data/backup_train_synth_photoize\stat\0186_coupleA.jpg
data/kyc\train\stat\0187_coupleA.jpg,data/backup_train_synth_photoize\stat\0187_coupleA.jpg
data/kyc\train\stat\0188_coupleB.jpg,data/backup_train_synth_photoize\stat\0188_coupleB.jpg
data/kyc\train\stat\0189_coupleA.jpg,data/backup_train_synth_photoize\stat\0189_coupleA.jpg
data/kyc\train\stat\0190_coupleB.jpg,data/backup_train_synth_photoize\stat\0190_coupleB.jpg
data/kyc\train\stat\0191_coupleB.jpg,data/backup_train_synth_photoize\stat\0191_coupleB.jpg
data/kyc\train\stat\0192_coupleA.jpg,data/backup_train_synth_photoize\stat\0192_coupleA.jpg
data/kyc\train\stat\0193_coupleA.jpg,data/backup_train_synth_photoize\stat\0193_coupleA.jpg
data/kyc\train\stat\0194_coupleB.jpg,data/backup_train_synth_photoize\stat\0194_coupleB.jpg
data/kyc\train\stat\0195_coupleB.jpg,data/backup_train_synth_photoize\stat\0195_coupleB.jpg
data/kyc\train\stat\0196_coupleA.jpg,data/backup_train_synth_photoize\stat\0196_coupleA.jpg
data/kyc\train\stat\0197_coupleB.jpg,data/backup_train_synth_photoize\stat\0197_coupleB.jpg
data/kyc\train\stat\0198_coupleA.jpg,data/backup_train_synth_photoize\stat\0198_coupleA.jpg
data/kyc\train\stat\0199_coupleB.jpg,data/backup_train_synth_photoize\stat\0199_coupleB.jpg
data/kyc\train\stat\0200_coupleA.jpg,data/backup_train_synth_photoize\stat\0200_coupleA.jpg
data/kyc\train\stat\0201_coupleA.jpg,data/backup_train_synth_photoize\stat\0201_coupleA.jpg
data/kyc\train\stat\0202_coupleB.jpg,data/backup_train_synth_photoize\stat\0202_coupleB.jpg
data/kyc\train\stat\0203_coupleA.jpg,data/backup_train_synth_photoize\stat\0203_coupleA.jpg
data/kyc\train\stat\0204_coupleA.jpg,data/backup_train_synth_photoize\stat\0204_coupleA.jpg
data/kyc\train\stat\0205_coupleA.jpg,data/backup_train_synth_photoize\stat\0205_coupleA.jpg
data/kyc\train\stat\0206_coupleA.jpg,data/backup_train_synth_photoize\stat\0206_coupleA.jpg
data/kyc\train\stat\0207_coupleA.jpg,data/backup_train_synth_photoize\stat\0207_coupleA.jpg
data/kyc\train\stat\0208_coupleA.jpg,data/backup_train_synth_photoize\stat\0208_coupleA.jpg
data/kyc\train\stat\0209_coupleA.jpg,data/backup_train_synth_photoize\stat\0209_coupleA.jpg
data/kyc\train\stat\0210_coupleB.jpg,data/backup_train_synth_photoize\stat\0210_coupleB.jpg
data/kyc\train\stat\0211_coupleB.jpg,data/backup_train_synth_photoize\stat\0211_coupleB.jpg
data/kyc\train\stat\0212_coupleA.jpg,data/backup_train_synth_photoize\stat\0212_coupleA.jpg
data/kyc\train\stat\0213_coupleB.jpg,data/backup_train_synth_photoize\stat\0213_coupleB.jpg
data/kyc\train\stat\0214_coupleB.jpg,data/backup_train_synth_photoize\stat\0214_coupleB.jpg
data/kyc\train\stat\0215_coupleA.jpg,data/backup_train_synth_photoize\stat\0215_coupleA.jpg
data/kyc\train\stat\0216_coupleA.jpg,data/backup_train_synth_photoize\stat\0216_coupleA.jpg
data/kyc\train\stat\0217_coupleB.jpg,data/backup_train_synth_photoize\stat\0217_coupleB.jpg
data/kyc\train\stat\0218_coupleA.jpg,data/backup_train_synth_photoize\stat\0218_coupleA.jpg
data/kyc\train\stat\0219_coupleB.jpg,data/backup_train_synth_photoize\stat\0219_coupleB.jpg
data/kyc\train\stat\0220_coupleB.jpg,data/backup_train_synth_photoize\stat\0220_coupleB.jpg
data/kyc\train\stat\0221_coupleA.jpg,data/backup_train_synth_photoize\stat\0221_coupleA.jpg
data/kyc\train\stat\0222_coupleB.jpg,data/backup_train_synth_photoize\stat\0222_coupleB.jpg
data/kyc\train\stat\0223_coupleB.jpg,data/backup_train_synth_photoize\stat\0223_coupleB.jpg
data/kyc\train\stat\0224_coupleA.jpg,data/backup_train_synth_photoize\stat\0224_coupleA.jpg
data/kyc\train\stat\0225_coupleA.jpg,data/backup_train_synth_photoize\stat\0225_coupleA.jpg
data/kyc\train\stat\0226_coupleB.jpg,data/backup_train_synth_photoize\stat\0226_coupleB.jpg
data/kyc\train\stat\0227_coupleB.jpg,data/backup_train_synth_photoize\stat\0227_coupleB.jpg
data/kyc\train\stat\0228_coupleA.jpg,data/backup_train_synth_photoize\stat\0228_coupleA.jpg
data/kyc\train\stat\0229_coupleB.jpg,data/backup_train_synth_photoize\stat\0229_coupleB.jpg
data/kyc\train\stat\0230_coupleB.jpg,data/backup_train_synth_photoize\stat\0230_coupleB.jpg
data/kyc\train\stat\0231_coupleA.jpg,data/backup_train_synth_photoize\stat\0231_coupleA.jpg
data/kyc\train\stat\0232_coupleB.jpg,data/backup_train_synth_photoize\stat\0232_coupleB.jpg
data/kyc\train\stat\0233_coupleA.jpg,data/backup_train_synth_photoize\stat\0233_coupleA.jpg
data/kyc\train\stat\0234_coupleB.jpg,data/backup_train_synth_photoize\stat\0234_coupleB.jpg
data/kyc\train\stat\0235_coupleB.jpg,data/backup_train_synth_photoize\stat\0235_coupleB.jpg
data/kyc\train\stat\0236_coupleB.jpg,data/backup_train_synth_photoize\stat\0236_coupleB.jpg
data/kyc\train\stat\0237_coupleB.jpg,data/backup_train_synth_photoize\stat\0237_coupleB.jpg
data/kyc\train\stat\0238_coupleB.jpg,data/backup_train_synth_photoize\stat\0238_coupleB.jpg
data/kyc\train\stat\0239_coupleA.jpg,data/backup_train_synth_photoize\stat\0239_coupleA.jpg
data/kyc\train\stat\0240_coupleB.jpg,data/backup_train_synth_photoize\stat\0240_coupleB.jpg
data/kyc\train\stat\0241_coupleB.jpg,data/backup_train_synth_photoize\stat\0241_coupleB.jpg
data/kyc\train\stat\0242_coupleB.jpg,data/backup_train_synth_photoize\stat\0242_coupleB.jpg
data/kyc\train\stat\0243_coupleA.jpg,data/backup_train_synth_photoize\stat\0243_coupleA.jpg
data/kyc\train\stat\0244_coupleB.jpg,data/backup_train_synth_photoize\stat\0244_coupleB.jpg
data/kyc\train\stat\0245_coupleA.jpg,data/backup_train_synth_photoize\stat\0245_coupleA.jpg
data/kyc\train\stat\0246_coupleA.jpg,data/backup_train_synth_photoize\stat\0246_coupleA.jpg
data/kyc\train\stat\0247_coupleA.jpg,data/backup_train_synth_photoize\stat\0247_coupleA.jpg
data/kyc\train\stat\0248_coupleA.jpg,data/backup_train_synth_photoize\stat\0248_coupleA.jpg
data/kyc\train\stat\0249_coupleA.jpg,data/backup_train_synth_photoize\stat\0249_coupleA.jpg
data/kyc\train\stat\0250_coupleB.jpg,data/backup_train_synth_photoize\stat\0250_coupleB.jpg
data/kyc\train\stat\0251_coupleB.jpg,data/backup_train_synth_photoize\stat\0251_coupleB.jpg
data/kyc\train\stat\0252_coupleA.jpg,data/backup_train_synth_photoize\stat\0252_coupleA.jpg
data/kyc\train\stat\0253_coupleA.jpg,data/backup_train_synth_photoize\stat\0253_coupleA.jpg
data/kyc\train\stat\0254_coupleB.jpg,data/backup_train_synth_photoize\stat\0254_coupleB.jpg
data/kyc\train\stat\0255_coupleA.jpg,data/backup_train_synth_photoize\stat\0255_coupleA.jpg
data/kyc\train\stat\0256_coupleA.jpg,data/backup_train_synth_photoize\stat\0256_coupleA.jpg
data/kyc\train\stat\0257_coupleB.jpg,data/backup_train_synth_photoize\stat\0257_coupleB.jpg
data/kyc\train\stat\0258_coupleA.jpg,data/backup_train_synth_photoize\stat\0258_coupleA.jpg
data/kyc\train\stat\0259_coupleA.jpg,data/backup_train_synth_photoize\stat\0259_coupleA.jpg
data/kyc\train\stat\0260_coupleA.jpg,data/backup_train_synth_photoize\stat\0260_coupleA.jpg
data/kyc\train\stat\0261_coupleB.jpg,data/backup_train_synth_photoize\stat\0261_coupleB.jpg
data/kyc\train\stat\0262_coupleB.jpg,data/backup_train_synth_photoize\stat\0262_coupleB.jpg
data/kyc\train\stat\0263_coupleB.jpg,data/backup_train_synth_photoize\stat\0263_coupleB.jpg
data/kyc\train\stat\0264_coupleB.jpg,data/backup_train_synth_photoize\stat\0264_coupleB.jpg
data/kyc\train\stat\0265_coupleB.jpg,data/backup_train_synth_photoize\stat\0265_coupleB.jpg
data/kyc\train\stat\0266_coupleA.jpg,data/backup_train_synth_photoize\stat\0266_coupleA.jpg
data/kyc\train\stat\0267_coupleA.jpg,data/backup_train_synth_photoize\stat\0267_coupleA.jpg
data/kyc\train\stat\0268_coupleA.jpg,data/backup_train_synth_photoize\stat\0268_coupleA.jpg
data/kyc\train\stat\0269_coupleA.jpg,data/backup_train_synth_photoize\stat\0269_coupleA.jpg
data/kyc\train\stat\0270_coupleA.jpg,data/backup_train_synth_photoize\stat\0270_coupleA.jpg
data/kyc\train\stat\0271_coupleB.jpg,data/backup_train_synth_photoize\stat\0271_coupleB.jpg
data/kyc\train\stat\0272_coupleA.jpg,data/backup_train_synth_photoize\stat\0272_coupleA.jpg
data/kyc\train\stat\0273_coupleA.jpg,data/backup_train_synth_photoize\stat\0273_coupleA.jpg
data/kyc\train\stat\0274_coupleA.jpg,data/backup_train_synth_photoize\stat\0274_coupleA.jpg
data/kyc\train\stat\0275_coupleB.jpg,data/backup_train_synth_photoize\stat\0275_coupleB.jpg
data/kyc\train\stat\0276_coupleA.jpg,data/backup_train_synth_photoize\stat\0276_coupleA.jpg
data/kyc\train\stat\0277_coupleB.jpg,data/backup_train_synth_photoize\stat\0277_coupleB.jpg
data/kyc\train\stat\0278_coupleB.jpg,data/backup_train_synth_photoize\stat\0278_coupleB.jpg
data/kyc\train\stat\0279_coupleA.jpg,data/backup_train_synth_photoize\stat\0279_coupleA.jpg
data/kyc\train\stat\0280_coupleB.jpg,data/backup_train_synth_photoize\stat\0280_coupleB.jpg
data/kyc\train\stat\0281_coupleB.jpg,data/backup_train_synth_photoize\stat\0281_coupleB.jpg
data/kyc\train\stat\0282_coupleA.jpg,data/backup_train_synth_photoize\stat\0282_coupleA.jpg
data/kyc\train\stat\0283_coupleB.jpg,data/backup_train_synth_photoize\stat\0283_coupleB.jpg
data/kyc\train\stat\0284_coupleB.jpg,data/backup_train_synth_photoize\stat\0284_coupleB.jpg
data/kyc\train\stat\0285_coupleA.jpg,data/backup_train_synth_photoize\stat\0285_coupleA.jpg
data/kyc\train\stat\0286_coupleB.jpg,data/backup_train_synth_photoize\stat\0286_coupleB.jpg
data/kyc\train\stat\0287_coupleA.jpg,data/backup_train_synth_photoize\stat\0287_coupleA.jpg
data/kyc\train\stat\0288_coupleB.jpg,data/backup_train_synth_photoize\stat\0288_coupleB.jpg
data/kyc\train\stat\0289_coupleA.jpg,data/backup_train_synth_photoize\stat\0289_coupleA.jpg
data/kyc\train\stat\0290_coupleA.jpg,data/backup_train_synth_photoize\stat\0290_coupleA.jpg
data/kyc\train\stat\0291_coupleA.jpg,data/backup_train_synth_photoize\stat\0291_coupleA.jpg
data/kyc\train\stat\0292_coupleB.jpg,data/backup_train_synth_photoize\stat\0292_coupleB.jpg
data/kyc\train\stat\0293_coupleB.jpg,data/backup_train_synth_photoize\stat\0293_coupleB.jpg
data/kyc\train\stat\0294_coupleB.jpg,data/backup_train_synth_photoize\stat\0294_coupleB.jpg
data/kyc\train\stat\0295_coupleB.jpg,data/backup_train_synth_photoize\stat\0295_coupleB.jpg
data/kyc\train\stat\0296_coupleB.jpg,data/backup_train_synth_photoize\stat\0296_coupleB.jpg
data/kyc\train\stat\0297_coupleA.jpg,data/backup_train_synth_photoize\stat\0297_coupleA.jpg
data/kyc\train\stat\0298_coupleA.jpg,data/backup_train_synth_photoize\stat\0298_coupleA.jpg
data/kyc\train\stat\0299_coupleA.jpg,data/backup_train_synth_photoize\stat\0299_coupleA.jpg
data/kyc\train\stat\0300_coupleA.jpg,data/backup_train_synth_photoize\stat\0300_coupleA.jpg
data/kyc\train\stat\0301_coupleB.jpg,data/backup_train_synth_photoize\stat\0301_coupleB.jpg
data/kyc\train\stat\0302_coupleA.jpg,data/backup_train_synth_photoize\stat\0302_coupleA.jpg
data/kyc\train\stat\0303_coupleA.jpg,data/backup_train_synth_photoize\stat\0303_coupleA.jpg
data/kyc\train\stat\0304_coupleB.jpg,data/backup_train_synth_photoize\stat\0304_coupleB.jpg
data/kyc\train\stat\0305_coupleA.jpg,data/backup_train_synth_photoize\stat\0305_coupleA.jpg
data/kyc\train\stat\0306_coupleA.jpg,data/backup_train_synth_photoize\stat\0306_coupleA.jpg
data/kyc\train\stat\0307_coupleA.jpg,data/backup_train_synth_photoize\stat\0307_coupleA.jpg
data/kyc\train\stat\0308_coupleB.jpg,data/backup_train_synth_photoize\stat\0308_coupleB.jpg
data/kyc\train\stat\0309_coupleA.jpg,data/backup_train_synth_photoize\stat\0309_coupleA.jpg
data/kyc\train\stat\0310_coupleA.jpg,data/backup_train_synth_photoize\stat\0310_coupleA.jpg
data/kyc\train\stat\0311_coupleA.jpg,data/backup_train_synth_photoize\stat\0311_coupleA.jpg
data/kyc\train\stat\0312_coupleB.jpg,data/backup_train_synth_photoize\stat\0312_coupleB.jpg
data/kyc\train\stat\0313_coupleB.jpg,data/backup_train_synth_photoize\stat\0313_coupleB.jpg
data/kyc\train\stat\0314_coupleB.jpg,data/backup_train_synth_photoize\stat\0314_coupleB.jpg
data/kyc\train\stat\0315_coupleB.jpg,data/backup_train_synth_photoize\stat\0315_coupleB.jpg
data/kyc\train\stat\0316_coupleB.jpg,data/backup_train_synth_photoize\stat\0316_coupleB.jpg
data/kyc\train\stat\0317_coupleA.jpg,data/backup_train_synth_photoize\stat\0317_coupleA.jpg
data/kyc\train\stat\0318_coupleB.jpg,data/backup_train_synth_photoize\stat\0318_coupleB.jpg
data/kyc\train\stat\0319_coupleA.jpg,data/backup_train_synth_photoize\stat\0319_coupleA.jpg
data/kyc\train\stat\0320_coupleA.jpg,data/backup_train_synth_photoize\stat\0320_coupleA.jpg
data/kyc\train\stat\0321_coupleA.jpg,data/backup_train_synth_photoize\stat\0321_coupleA.jpg
data/kyc\train\stat\0322_coupleB.jpg,data/backup_train_synth_photoize\stat\0322_coupleB.jpg
data/kyc\train\stat\0323_coupleB.jpg,data/backup_train_synth_photoize\stat\0323_coupleB.jpg
data/kyc\train\stat\0324_coupleB.jpg,data/backup_train_synth_photoize\stat\0324_coupleB.jpg
data/kyc\train\stat\0325_coupleA.jpg,data/backup_train_synth_photoize\stat\0325_coupleA.jpg
data/kyc\train\stat\0326_coupleB.jpg,data/backup_train_synth_photoize\stat\0326_coupleB.jpg
data/kyc\train\stat\0327_coupleA.jpg,data/backup_train_synth_photoize\stat\0327_coupleA.jpg
data/kyc\train\stat\0328_coupleB.jpg,data/backup_train_synth_photoize\stat\0328_coupleB.jpg
data/kyc\train\stat\0329_coupleA.jpg,data/backup_train_synth_photoize\stat\0329_coupleA.jpg
data/kyc\train\stat\0330_coupleA.jpg,data/backup_train_synth_photoize\stat\0330_coupleA.jpg
data/kyc\train\stat\0331_coupleA.jpg,data/backup_train_synth_photoize\stat\0331_coupleA.jpg
data/kyc\train\stat\0332_coupleB.jpg,data/backup_train_synth_photoize\stat\0332_coupleB.jpg
data/kyc\train\stat\0333_coupleA.jpg,data/backup_train_synth_photoize\stat\0333_coupleA.jpg
data/kyc\train\stat\0334_coupleA.jpg,data/backup_train_synth_photoize\stat\0334_coupleA.jpg
data/kyc\train\stat\0335_coupleA.jpg,data/backup_train_synth_photoize\stat\0335_coupleA.jpg
data/kyc\train\stat\0336_coupleB.jpg,data/backup_train_synth_photoize\stat\0336_coupleB.jpg
data/kyc\train\stat\0337_coupleA.jpg,data/backup_train_synth_photoize\stat\0337_coupleA.jpg
data/kyc\train\stat\0338_coupleA.jpg,data/backup_train_synth_photoize\stat\0338_coupleA.jpg
data/kyc\train\stat\0339_coupleB.jpg,data/backup_train_synth_photoize\stat\0339_coupleB.jpg
data/kyc\train\stat\0340_coupleB.jpg,data/backup_train_synth_photoize\stat\0340_coupleB.jpg
data/kyc\train\stat\0341_coupleA.jpg,data/backup_train_synth_photoize\stat\0341_coupleA.jpg
data/kyc\train\stat\0342_coupleB.jpg,data/backup_train_synth_photoize\stat\0342_coupleB.jpg
data/kyc\train\stat\0343_coupleA.jpg,data/backup_train_synth_photoize\stat\0343_coupleA.jpg
data/kyc\train\stat\0344_coupleA.jpg,data/backup_train_synth_photoize\stat\0344_coupleA.jpg
data/kyc\train\stat\0345_coupleA.jpg,data/backup_train_synth_photoize\stat\0345_coupleA.jpg
data/kyc\train\stat\0346_coupleB.jpg,data/backup_train_synth_photoize\stat\0346_coupleB.jpg
data/kyc\train\stat\0347_coupleB.jpg,data/backup_train_synth_photoize\stat\0347_coupleB.jpg
data/kyc\train\stat\0348_coupleB.jpg,data/backup_train_synth_photoize\stat\0348_coupleB.jpg
data/kyc\train\stat\0349_coupleA.jpg,data/backup_train_synth_photoize\stat\0349_coupleA.jpg
data/kyc\train\stat\0350_coupleB.jpg,data/backup_train_synth_photoize\stat\0350_coupleB.jpg
data/kyc\train\stat\0351_coupleA.jpg,data/backup_train_synth_photoize\stat\0351_coupleA.jpg
data/kyc\train\stat\0352_coupleA.jpg,data/backup_train_synth_photoize\stat\0352_coupleA.jpg
data/kyc\train\stat\0353_coupleA.jpg,data/backup_train_synth_photoize\stat\0353_coupleA.jpg
data/kyc\train\stat\0354_coupleB.jpg,data/backup_train_synth_photoize\stat\0354_coupleB.jpg
data/kyc\train\stat\0355_coupleA.jpg,data/backup_train_synth_photoize\stat\0355_coupleA.jpg
data/kyc\train\stat\0356_coupleB.jpg,data/backup_train_synth_photoize\stat\0356_coupleB.jpg
data/kyc\train\stat\0357_coupleB.jpg,data/backup_train_synth_photoize\stat\0357_coupleB.jpg
data/kyc\train\stat\0358_coupleB.jpg,data/backup_train_synth_photoize\stat\0358_coupleB.jpg
data/kyc\train\stat\0359_coupleB.jpg,data/backup_train_synth_photoize\stat\0359_coupleB.jpg
data/kyc\train\stat\0360_coupleA.jpg,data/backup_train_synth_photoize\stat\0360_coupleA.jpg
data/kyc\train\stat\0361_coupleA.jpg,data/backup_train_synth_photoize\stat\0361_coupleA.jpg
data/kyc\train\stat\0362_coupleB.jpg,data/backup_train_synth_photoize\stat\0362_coupleB.jpg
data/kyc\train\stat\0363_coupleA.jpg,data/backup_train_synth_photoize\stat\0363_coupleA.jpg
data/kyc\train\stat\0364_coupleB.jpg,data/backup_train_synth_photoize\stat\0364_coupleB.jpg
data/kyc\train\stat\0365_coupleA.jpg,data/backup_train_synth_photoize\stat\0365_coupleA.jpg
data/kyc\train\stat\0366_coupleB.jpg,data/backup_train_synth_photoize\stat\0366_coupleB.jpg
data/kyc\train\stat\0367_coupleA.jpg,data/backup_train_synth_photoize\stat\0367_coupleA.jpg
data/kyc\train\stat\0368_coupleA.jpg,data/backup_train_synth_photoize\stat\0368_coupleA.jpg
data/kyc\train\stat\0369_coupleA.jpg,data/backup_train_synth_photoize\stat\0369_coupleA.jpg
data/kyc\train\stat\0370_coupleA.jpg,data/backup_train_synth_photoize\stat\0370_coupleA.jpg
data/kyc\train\stat\0371_coupleB.jpg,data/backup_train_synth_photoize\stat\0371_coupleB.jpg
data/kyc\train\stat\0372_coupleB.jpg,data/backup_train_synth_photoize\stat\0372_coupleB.jpg
data/kyc\train\stat\0373_coupleA.jpg,data/backup_train_synth_photoize\stat\0373_coupleA.jpg
data/kyc\train\stat\0374_coupleA.jpg,data/backup_train_synth_photoize\stat\0374_coupleA.jpg
data/kyc\train\stat\0375_coupleA.jpg,data/backup_train_synth_photoize\stat\0375_coupleA.jpg
data/kyc\train\stat\0376_coupleA.jpg,data/backup_train_synth_photoize\stat\0376_coupleA.jpg
data/kyc\train\stat\0377_coupleA.jpg,data/backup_train_synth_photoize\stat\0377_coupleA.jpg
data/kyc\train\stat\0378_coupleB.jpg,data/backup_train_synth_photoize\stat\0378_coupleB.jpg
data/kyc\train\stat\0379_coupleA.jpg,data/backup_train_synth_photoize\stat\0379_coupleA.jpg
data/kyc\train\stat\0380_coupleA.jpg,data/backup_train_synth_photoize\stat\0380_coupleA.jpg
data/kyc\train\stat\0381_coupleA.jpg,data/backup_train_synth_photoize\stat\0381_coupleA.jpg
data/kyc\train\stat\0382_coupleB.jpg,data/backup_train_synth_photoize\stat\0382_coupleB.jpg
data/kyc\train\stat\0383_coupleB.jpg,data/backup_train_synth_photoize\stat\0383_coupleB.jpg
data/kyc\train\stat\0384_coupleB.jpg,data/backup_train_synth_photoize\stat\0384_coupleB.jpg
data/kyc\train\stat\0385_coupleA.jpg,data/backup_train_synth_photoize\stat\0385_coupleA.jpg
data/kyc\train\stat\0386_coupleB.jpg,data/backup_train_synth_photoize\stat\0386_coupleB.jpg
data/kyc\train\stat\0387_coupleA.jpg,data/backup_train_synth_photoize\stat\0387_coupleA.jpg
data/kyc\train\stat\0388_coupleA.jpg,data/backup_train_synth_photoize\stat\0388_coupleA.jpg
data/kyc\train\stat\0389_coupleA.jpg,data/backup_train_synth_photoize\stat\0389_coupleA.jpg
data/kyc\train\stat\0390_coupleB.jpg,data/backup_train_synth_photoize\stat\0390_coupleB.jpg
data/kyc\train\stat\0391_coupleA.jpg,data/backup_train_synth_photoize\stat\0391_coupleA.jpg
data/kyc\train\stat\0392_coupleA.jpg,data/backup_train_synth_photoize\stat\0392_coupleA.jpg
data/kyc\train\stat\0393_coupleB.jpg,data/backup_train_synth_photoize\stat\0393_coupleB.jpg
data/kyc\train\stat\0394_coupleB.jpg,data/backup_train_synth_photoize\stat\0394_coupleB.jpg
data/kyc\train\stat\0395_coupleB.jpg,data/backup_train_synth_photoize\stat\0395_coupleB.jpg
data/kyc\train\stat\0396_coupleB.jpg,data/backup_train_synth_photoize\stat\0396_coupleB.jpg
data/kyc\train\stat\0397_coupleA.jpg,data/backup_train_synth_photoize\stat\0397_coupleA.jpg
data/kyc\train\stat\0398_coupleB.jpg,data/backup_train_synth_photoize\stat\0398_coupleB.jpg
data/kyc\train\stat\0399_coupleA.jpg,data/backup_train_synth_photoize\stat\0399_coupleA.jpg
data/kyc\train\stat\0400_coupleB.jpg,data/backup_train_synth_photoize\stat\0400_coupleB.jpg
data/kyc\train\stat\0401_coupleA.jpg,data/backup_train_synth_photoize\stat\0401_coupleA.jpg
data/kyc\train\stat\0402_coupleB.jpg,data/backup_train_synth_photoize\stat\0402_coupleB.jpg
data/kyc\train\stat\0403_coupleB.jpg,data/backup_train_synth_photoize\stat\0403_coupleB.jpg
data/kyc\train\stat\0404_coupleB.jpg,data/backup_train_synth_photoize\stat\0404_coupleB.jpg
data/kyc\train\stat\0405_coupleA.jpg,data/backup_train_synth_photoize\stat\0405_coupleA.jpg
data/kyc\train\stat\0406_coupleA.jpg,data/backup_train_synth_photoize\stat\0406_coupleA.jpg
data/kyc\train\stat\0407_coupleB.jpg,data/backup_train_synth_photoize\stat\0407_coupleB.jpg
data/kyc\train\stat\0408_coupleB.jpg,data/backup_train_synth_photoize\stat\0408_coupleB.jpg
data/kyc\train\stat\0409_coupleB.jpg,data/backup_train_synth_photoize\stat\0409_coupleB.jpg
data/kyc\train\stat\0410_coupleB.jpg,data/backup_train_synth_photoize\stat\0410_coupleB.jpg
data/kyc\train\stat\0411_coupleA.jpg,data/backup_train_synth_photoize\stat\0411_coupleA.jpg
data/kyc\train\stat\0412_coupleB.jpg,data/backup_train_synth_photoize\stat\0412_coupleB.jpg
data/kyc\train\stat\0413_coupleB.jpg,data/backup_train_synth_photoize\stat\0413_coupleB.jpg
data/kyc\train\stat\0414_coupleB.jpg,data/backup_train_synth_photoize\stat\0414_coupleB.jpg
data/kyc\train\stat\0415_coupleA.jpg,data/backup_train_synth_photoize\stat\0415_coupleA.jpg
data/kyc\train\stat\0416_coupleA.jpg,data/backup_train_synth_photoize\stat\0416_coupleA.jpg
data/kyc\train\stat\0417_coupleA.jpg,data/backup_train_synth_photoize\stat\0417_coupleA.jpg
data/kyc\train\stat\0418_coupleA.jpg,data/backup_train_synth_photoize\stat\0418_coupleA.jpg
data/kyc\train\stat\0419_coupleA.jpg,data/backup_train_synth_photoize\stat\0419_coupleA.jpg
data/kyc\train\stat\0420_coupleA.jpg,data/backup_train_synth_photoize\stat\0420_coupleA.jpg
data/kyc\train\stat\0421_coupleB.jpg,data/backup_train_synth_photoize\stat\0421_coupleB.jpg
data/kyc\train\stat\0422_coupleB.jpg,data/backup_train_synth_photoize\stat\0422_coupleB.jpg
data/kyc\train\stat\0423_coupleA.jpg,data/backup_train_synth_photoize\stat\0423_coupleA.jpg
data/kyc\train\stat\0424_coupleA.jpg,data/backup_train_synth_photoize\stat\0424_coupleA.jpg
data/kyc\train\stat\0425_coupleA.jpg,data/backup_train_synth_photoize\stat\0425_coupleA.jpg
data/kyc\train\stat\0426_coupleB.jpg,data/backup_train_synth_photoize\stat\0426_coupleB.jpg
data/kyc\train\stat\0427_coupleA.jpg,data/backup_train_synth_photoize\stat\0427_coupleA.jpg
data/kyc\train\stat\0428_coupleA.jpg,data/backup_train_synth_photoize\stat\0428_coupleA.jpg
data/kyc\train\stat\0429_coupleA.jpg,data/backup_train_synth_photoize\stat\0429_coupleA.jpg
data/kyc\train\stat\0430_coupleA.jpg,data/backup_train_synth_photoize\stat\0430_coupleA.jpg
data/kyc\train\stat\0431_coupleA.jpg,data/backup_train_synth_photoize\stat\0431_coupleA.jpg
data/kyc\train\stat\0432_coupleA.jpg,data/backup_train_synth_photoize\stat\0432_coupleA.jpg
data/kyc\train\stat\0433_coupleB.jpg,data/backup_train_synth_photoize\stat\0433_coupleB.jpg
data/kyc\train\stat\0434_coupleA.jpg,data/backup_train_synth_photoize\stat\0434_coupleA.jpg
data/kyc\train\stat\0435_coupleB.jpg,data/backup_train_synth_photoize\stat\0435_coupleB.jpg
data/kyc\train\stat\0436_coupleA.jpg,data/backup_train_synth_photoize\stat\0436_coupleA.jpg
data/kyc\train\stat\0437_coupleA.jpg,data/backup_train_synth_photoize\stat\0437_coupleA.jpg
data/kyc\train\stat\0438_coupleB.jpg,data/backup_train_synth_photoize\stat\0438_coupleB.jpg
data/kyc\train\stat\0439_coupleA.jpg,data/backup_train_synth_photoize\stat\0439_coupleA.jpg
data/kyc\train\stat\0440_coupleB.jpg,data/backup_train_synth_photoize\stat\0440_coupleB.jpg
data/kyc\train\stat\0441_coupleA.jpg,data/backup_train_synth_photoize\stat\0441_coupleA.jpg
data/kyc\train\stat\0442_coupleB.jpg,data/backup_train_synth_photoize\stat\0442_coupleB.jpg
data/kyc\train\stat\0443_coupleB.jpg,data/backup_train_synth_photoize\stat\0443_coupleB.jpg
data/kyc\train\stat\0444_coupleB.jpg,data/backup_train_synth_photoize\stat\0444_coupleB.jpg
data/kyc\train\stat\0445_coupleB.jpg,data/backup_train_synth_photoize\stat\0445_coupleB.jpg
data/kyc\train\stat\0446_coupleA.jpg,data/backup_train_synth_photoize\stat\0446_coupleA.jpg
data/kyc\train\stat\0447_coupleB.jpg,data/backup_train_synth_photoize\stat\0447_coupleB.jpg
data/kyc\train\stat\0448_coupleA.jpg,data/backup_train_synth_photoize\stat\0448_coupleA.jpg
data/kyc\train\stat\0449_coupleA.jpg,data/backup_train_synth_photoize\stat\0449_coupleA.jpg
data/kyc\train\stat\0450_coupleB.jpg,data/backup_train_synth_photoize\stat\0450_coupleB.jpg
data/kyc\train\stat\0451_coupleA.jpg,data/backup_train_synth_photoize\stat\0451_coupleA.jpg
data/kyc\train\stat\0452_coupleA.jpg,data/backup_train_synth_photoize\stat\0452_coupleA.jpg
data/kyc\train\stat\0453_coupleA.jpg,data/backup_train_synth_photoize\stat\0453_coupleA.jpg
data/kyc\train\stat\0454_coupleA.jpg,data/backup_train_synth_photoize\stat\0454_coupleA.jpg
data/kyc\train\stat\0455_coupleA.jpg,data/backup_train_synth_photoize\stat\0455_coupleA.jpg
data/kyc\train\stat\0456_coupleB.jpg,data/backup_train_synth_photoize\stat\0456_coupleB.jpg
data/kyc\train\stat\0457_coupleB.jpg,data/backup_train_synth_photoize\stat\0457_coupleB.jpg
data/kyc\train\stat\0458_coupleB.jpg,data/backup_train_synth_photoize\stat\0458_coupleB.jpg
data/kyc\train\stat\0459_coupleB.jpg,data/backup_train_synth_photoize\stat\0459_coupleB.jpg
data/kyc\train\stat\0460_coupleA.jpg,data/backup_train_synth_photoize\stat\0460_coupleA.jpg
data/kyc\train\stat\0461_coupleB.jpg,data/backup_train_synth_photoize\stat\0461_coupleB.jpg
data/kyc\train\stat\0462_coupleA.jpg,data/backup_train_synth_photoize\stat\0462_coupleA.jpg
data/kyc\train\stat\0463_coupleB.jpg,data/backup_train_synth_photoize\stat\0463_coupleB.jpg
data/kyc\train\stat\0464_coupleA.jpg,data/backup_train_synth_photoize\stat\0464_coupleA.jpg
data/kyc\train\stat\0465_coupleA.jpg,data/backup_train_synth_photoize\stat\0465_coupleA.jpg
data/kyc\train\stat\0466_coupleA.jpg,data/backup_train_synth_photoize\stat\0466_coupleA.jpg
data/kyc\train\stat\0467_coupleB.jpg,data/backup_train_synth_photoize\stat\0467_coupleB.jpg
data/kyc\train\stat\0468_coupleB.jpg,data/backup_train_synth_photoize\stat\0468_coupleB.jpg
data/kyc\train\stat\0469_coupleB.jpg,data/backup_train_synth_photoize\stat\0469_coupleB.jpg
data/kyc\train\stat\0470_coupleA.jpg,data/backup_train_synth_photoize\stat\0470_coupleA.jpg
data/kyc\train\stat\0471_coupleA.jpg,data/backup_train_synth_photoize\stat\0471_coupleA.jpg
data/kyc\train\stat\0472_coupleB.jpg,data/backup_train_synth_photoize\stat\0472_coupleB.jpg
data/kyc\train\stat\0473_coupleA.jpg,data/backup_train_synth_photoize\stat\0473_coupleA.jpg
data/kyc\train\stat\0474_coupleA.jpg,data/backup_train_synth_photoize\stat\0474_coupleA.jpg
data/kyc\train\stat\0475_coupleB.jpg,data/backup_train_synth_photoize\stat\0475_coupleB.jpg
data/kyc\train\stat\0476_coupleB.jpg,data/backup_train_synth_photoize\stat\0476_coupleB.jpg
data/kyc\train\stat\0477_coupleA.jpg,data/backup_train_synth_photoize\stat\0477_coupleA.jpg
data/kyc\train\stat\0478_coupleA.jpg,data/backup_train_synth_photoize\stat\0478_coupleA.jpg
data/kyc\train\stat\0479_coupleB.jpg,data/backup_train_synth_photoize\stat\0479_coupleB.jpg
data/kyc\train\stat\0480_coupleB.jpg,data/backup_train_synth_photoize\stat\0480_coupleB.jpg
data/kyc\train\stat\0481_coupleA.jpg,data/backup_train_synth_photoize\stat\0481_coupleA.jpg
data/kyc\train\stat\0482_coupleA.jpg,data/backup_train_synth_photoize\stat\0482_coupleA.jpg
data/kyc\train\stat\0483_coupleB.jpg,data/backup_train_synth_photoize\stat\0483_coupleB.jpg
data/kyc\train\stat\0484_coupleA.jpg,data/backup_train_synth_photoize\stat\0484_coupleA.jpg
data/kyc\train\stat\0485_coupleA.jpg,data/backup_train_synth_photoize\stat\0485_coupleA.jpg
data/kyc\train\stat\0486_coupleB.jpg,data/backup_train_synth_photoize\stat\0486_coupleB.jpg
data/kyc\train\stat\0487_coupleA.jpg,data/backup_train_synth_photoize\stat\0487_coupleA.jpg
data/kyc\train\stat\0488_coupleA.jpg,data/backup_train_synth_photoize\stat\0488_coupleA.jpg
data/kyc\train\stat\0489_coupleA.jpg,data/backup_train_synth_photoize\stat\0489_coupleA.jpg
data/kyc\train\stat\0490_coupleB.jpg,data/backup_train_synth_photoize\stat\0490_coupleB.jpg
data/kyc\train\stat\0491_coupleB.jpg,data/backup_train_synth_photoize\stat\0491_coupleB.jpg
data/kyc\train\stat\0492_coupleB.jpg,data/backup_train_synth_photoize\stat\0492_coupleB.jpg
data/kyc\train\stat\0493_coupleB.jpg,data/backup_train_synth_photoize\stat\0493_coupleB.jpg
data/kyc\train\stat\0494_coupleA.jpg,data/backup_train_synth_photoize\stat\0494_coupleA.jpg
data/kyc\train\stat\0495_coupleB.jpg,data/backup_train_synth_photoize\stat\0495_coupleB.jpg
data/kyc\train\stat\0496_coupleB.jpg,data/backup_train_synth_photoize\stat\0496_coupleB.jpg
data/kyc\train\stat\0497_coupleB.jpg,data/backup_train_synth_photoize\stat\0497_coupleB.jpg
data/kyc\train\stat\0498_coupleB.jpg,data/backup_train_synth_photoize\stat\0498_coupleB.jpg
data/kyc\train\stat\0499_coupleA.jpg,data/backup_train_synth_photoize\stat\0499_coupleA.jpg
data/kyc\train\stat\0500_coupleB.jpg,data/backup_train_synth_photoize\stat\0500_coupleB.jpg
data/kyc\train\stat\0501_coupleA.jpg,data/backup_train_synth_photoize\stat\0501_coupleA.jpg
data/kyc\train\stat\0502_coupleB.jpg,data/backup_train_synth_photoize\stat\0502_coupleB.jpg
data/kyc\train\stat\0503_coupleB.jpg,data/backup_train_synth_photoize\stat\0503_coupleB.jpg
data/kyc\train\stat\0504_coupleB.jpg,data/backup_train_synth_photoize\stat\0504_coupleB.jpg
data/kyc\train\stat\0505_coupleB.jpg,data/backup_train_synth_photoize\stat\0505_coupleB.jpg
data/kyc\train\stat\0506_coupleA.jpg,data/backup_train_synth_photoize\stat\0506_coupleA.jpg
data/kyc\train\stat\0507_coupleA.jpg,data/backup_train_synth_photoize\stat\0507_coupleA.jpg
data/kyc\train\stat\0508_coupleB.jpg,data/backup_train_synth_photoize\stat\0508_coupleB.jpg
data/kyc\train\stat\0509_coupleA.jpg,data/backup_train_synth_photoize\stat\0509_coupleA.jpg
data/kyc\train\stat\0510_coupleB.jpg,data/backup_train_synth_photoize\stat\0510_coupleB.jpg
data/kyc\train\stat\0511_coupleB.jpg,data/backup_train_synth_photoize\stat\0511_coupleB.jpg
data/kyc\train\stat\0512_coupleB.jpg,data/backup_train_synth_photoize\stat\0512_coupleB.jpg
data/kyc\train\stat\0513_coupleA.jpg,data/backup_train_synth_photoize\stat\0513_coupleA.jpg
data/kyc\train\stat\0514_coupleA.jpg,data/backup_train_synth_photoize\stat\0514_coupleA.jpg
data/kyc\train\stat\0515_coupleA.jpg,data/backup_train_synth_photoize\stat\0515_coupleA.jpg
data/kyc\train\stat\0516_coupleB.jpg,data/backup_train_synth_photoize\stat\0516_coupleB.jpg
data/kyc\train\stat\0517_coupleB.jpg,data/backup_train_synth_photoize\stat\0517_coupleB.jpg
data/kyc\train\stat\0518_coupleA.jpg,data/backup_train_synth_photoize\stat\0518_coupleA.jpg
data/kyc\train\stat\0519_coupleA.jpg,data/backup_train_synth_photoize\stat\0519_coupleA.jpg
data/kyc\train\stat\0520_coupleA.jpg,data/backup_train_synth_photoize\stat\0520_coupleA.jpg
data/kyc\train\stat\0521_coupleA.jpg,data/backup_train_synth_photoize\stat\0521_coupleA.jpg
data/kyc\train\stat\0522_coupleB.jpg,data/backup_train_synth_photoize\stat\0522_coupleB.jpg
data/kyc\train\stat\0523_coupleB.jpg,data/backup_train_synth_photoize\stat\0523_coupleB.jpg
data/kyc\train\stat\0524_coupleB.jpg,data/backup_train_synth_photoize\stat\0524_coupleB.jpg
data/kyc\train\stat\0525_coupleB.jpg,data/backup_train_synth_photoize\stat\0525_coupleB.jpg
data/kyc\train\stat\0526_coupleB.jpg,data/backup_train_synth_photoize\stat\0526_coupleB.jpg
data/kyc\train\stat\0527_coupleB.jpg,data/backup_train_synth_photoize\stat\0527_coupleB.jpg
data/kyc\train\stat\0528_coupleA.jpg,data/backup_train_synth_photoize\stat\0528_coupleA.jpg
data/kyc\train\stat\0529_coupleA.jpg,data/backup_train_synth_photoize\stat\0529_coupleA.jpg
data/kyc\train\stat\0530_coupleB.jpg,data/backup_train_synth_photoize\stat\0530_coupleB.jpg
data/kyc\train\stat\0531_coupleB.jpg,data/backup_train_synth_photoize\stat\0531_coupleB.jpg
data/kyc\train\stat\0532_coupleB.jpg,data/backup_train_synth_photoize\stat\0532_coupleB.jpg
data/kyc\train\stat\0533_coupleA.jpg,data/backup_train_synth_photoize\stat\0533_coupleA.jpg
data/kyc\train\stat\0534_coupleA.jpg,data/backup_train_synth_photoize\stat\0534_coupleA.jpg
data/kyc\train\stat\0535_coupleA.jpg,data/backup_train_synth_photoize\stat\0535_coupleA.jpg
data/kyc\train\stat\0536_coupleA.jpg,data/backup_train_synth_photoize\stat\0536_coupleA.jpg
data/kyc\train\stat\0537_coupleA.jpg,data/backup_train_synth_photoize\stat\0537_coupleA.jpg
data/kyc\train\stat\0538_coupleB.jpg,data/backup_train_synth_photoize\stat\0538_coupleB.jpg
data/kyc\train\stat\0539_coupleB.jpg,data/backup_train_synth_photoize\stat\0539_coupleB.jpg
data/kyc\train\stat\0540_coupleB.jpg,data/backup_train_synth_photoize\stat\0540_coupleB.jpg
data/kyc\train\stat\0541_coupleA.jpg,data/backup_train_synth_photoize\stat\0541_coupleA.jpg
data/kyc\train\stat\0542_coupleB.jpg,data/backup_train_synth_photoize\stat\0542_coupleB.jpg
data/kyc\train\stat\0543_coupleB.jpg,data/backup_train_synth_photoize\stat\0543_coupleB.jpg
data/kyc\train\stat\0544_coupleA.jpg,data/backup_train_synth_photoize\stat\0544_coupleA.jpg
data/kyc\train\stat\0545_coupleB.jpg,data/backup_train_synth_photoize\stat\0545_coupleB.jpg
data/kyc\train\stat\0546_coupleB.jpg,data/backup_train_synth_photoize\stat\0546_coupleB.jpg
data/kyc\train\stat\0547_coupleA.jpg,data/backup_train_synth_photoize\stat\0547_coupleA.jpg
data/kyc\train\stat\0548_coupleA.jpg,data/backup_train_synth_photoize\stat\0548_coupleA.jpg
data/kyc\train\stat\0549_coupleA.jpg,data/backup_train_synth_photoize\stat\0549_coupleA.jpg
data/kyc\train\stat\0550_coupleA.jpg,data/backup_train_synth_photoize\stat\0550_coupleA.jpg
data/kyc\train\stat\0551_coupleA.jpg,data/backup_train_synth_photoize\stat\0551_coupleA.jpg
data/kyc\train\stat\0552_coupleB.jpg,data/backup_train_synth_photoize\stat\0552_coupleB.jpg
data/kyc\train\stat\0553_coupleA.jpg,data/backup_train_synth_photoize\stat\0553_coupleA.jpg
data/kyc\train\stat\0554_coupleA.jpg,data/backup_train_synth_photoize\stat\0554_coupleA.jpg
data/kyc\train\stat\0555_coupleB.jpg,data/backup_train_synth_photoize\stat\0555_coupleB.jpg
data/kyc\train\stat\0556_coupleB.jpg,data/backup_train_synth_photoize\stat\0556_coupleB.jpg
data/kyc\train\stat\0557_coupleB.jpg,data/backup_train_synth_photoize\stat\0557_coupleB.jpg
data/kyc\train\stat\0558_coupleB.jpg,data/backup_train_synth_photoize\stat\0558_coupleB.jpg
data/kyc\train\stat\0559_coupleB.jpg,data/backup_train_synth_photoize\stat\0559_coupleB.jpg
data/kyc\train\stat\0560_coupleA.jpg,data/backup_train_synth_photoize\stat\0560_coupleA.jpg
data/kyc\train\stat\0561_coupleB.jpg,data/backup_train_synth_photoize\stat\0561_coupleB.jpg
data/kyc\train\stat\0562_coupleB.jpg,data/backup_train_synth_photoize\stat\0562_coupleB.jpg
data/kyc\train\stat\0563_coupleA.jpg,data/backup_train_synth_photoize\stat\0563_coupleA.jpg
data/kyc\train\stat\0564_coupleA.jpg,data/backup_train_synth_photoize\stat\0564_coupleA.jpg
data/kyc\train\stat\0565_coupleB.jpg,data/backup_train_synth_photoize\stat\0565_coupleB.jpg
data/kyc\train\stat\0566_coupleB.jpg,data/backup_train_synth_photoize\stat\0566_coupleB.jpg
data/kyc\train\stat\0567_coupleB.jpg,data/backup_train_synth_photoize\stat\0567_coupleB.jpg
data/kyc\train\stat\0568_coupleB.jpg,data/backup_train_synth_photoize\stat\0568_coupleB.jpg
data/kyc\train\stat\0569_coupleA.jpg,data/backup_train_synth_photoize\stat\0569_coupleA.jpg
data/kyc\train\stat\0570_coupleA.jpg,data/backup_train_synth_photoize\stat\0570_coupleA.jpg
data/kyc\train\stat\0571_coupleB.jpg,data/backup_train_synth_photoize\stat\0571_coupleB.jpg
data/kyc\train\stat\0572_coupleB.jpg,data/backup_train_synth_photoize\stat\0572_coupleB.jpg
data/kyc\train\stat\0573_coupleA.jpg,data/backup_train_synth_photoize\stat\0573_coupleA.jpg
data/kyc\train\stat\0574_coupleB.jpg,data/backup_train_synth_photoize\stat\0574_coupleB.jpg
data/kyc\train\stat\0575_coupleA.jpg,data/backup_train_synth_photoize\stat\0575_coupleA.jpg
data/kyc\train\stat\0576_coupleB.jpg,data/backup_train_synth_photoize\stat\0576_coupleB.jpg
data/kyc\train\stat\0577_coupleB.jpg,data/backup_train_synth_photoize\stat\0577_coupleB.jpg
data/kyc\train\stat\0578_coupleA.jpg,data/backup_train_synth_photoize\stat\0578_coupleA.jpg
data/kyc\train\stat\0579_coupleA.jpg,data/backup_train_synth_photoize\stat\0579_coupleA.jpg
data/kyc\train\stat\0580_coupleB.jpg,data/backup_train_synth_photoize\stat\0580_coupleB.jpg
data/kyc\train\stat\0581_coupleB.jpg,data/backup_train_synth_photoize\stat\0581_coupleB.jpg
data/kyc\train\stat\0582_coupleB.jpg,data/backup_train_synth_photoize\stat\0582_coupleB.jpg
data/kyc\train\stat\0583_coupleA.jpg,data/backup_train_synth_photoize\stat\0583_coupleA.jpg
data/kyc\train\stat\0584_coupleA.jpg,data/backup_train_synth_photoize\stat\0584_coupleA.jpg
data/kyc\train\stat\0585_coupleA.jpg,data/backup_train_synth_photoize\stat\0585_coupleA.jpg
data/kyc\train\stat\0586_coupleB.jpg,data/backup_train_synth_photoize\stat\0586_coupleB.jpg
data/kyc\train\stat\0587_coupleB.jpg,data/backup_train_synth_photoize\stat\0587_coupleB.jpg
data/kyc\train\stat\0588_coupleA.jpg,data/backup_train_synth_photoize\stat\0588_coupleA.jpg
data/kyc\train\stat\0589_coupleB.jpg,data/backup_train_synth_photoize\stat\0589_coupleB.jpg
data/kyc\train\stat\0590_coupleA.jpg,data/backup_train_synth_photoize\stat\0590_coupleA.jpg
data/kyc\train\stat\0591_coupleA.jpg,data/backup_train_synth_photoize\stat\0591_coupleA.jpg
data/kyc\train\stat\0592_coupleB.jpg,data/backup_train_synth_photoize\stat\0592_coupleB.jpg
data/kyc\train\stat\0593_coupleB.jpg,data/backup_train_synth_photoize\stat\0593_coupleB.jpg
data/kyc\train\stat\0594_coupleA.jpg,data/backup_train_synth_photoize\stat\0594_coupleA.jpg
data/kyc\train\stat\0595_coupleB.jpg,data/backup_train_synth_photoize\stat\0595_coupleB.jpg
data/kyc\train\stat\0596_coupleB.jpg,data/backup_train_synth_photoize\stat\0596_coupleB.jpg
data/kyc\train\stat\0597_coupleA.jpg,data/backup_train_synth_photoize\stat\0597_coupleA.jpg
data/kyc\train\stat\0598_coupleB.jpg,data/backup_train_synth_photoize\stat\0598_coupleB.jpg
data/kyc\train\stat\0599_coupleA.jpg,data/backup_train_synth_photoize\stat\0599_coupleA.jpg
data/kyc\train\stat\0600_coupleA.jpg,data/backup_train_synth_photoize\stat\0600_coupleA.jpg
data/kyc\train\stat\0601_coupleA.jpg,data/backup_train_synth_photoize\stat\0601_coupleA.jpg
data/kyc\train\stat\0602_coupleB.jpg,data/backup_train_synth_photoize\stat\0602_coupleB.jpg
data/kyc\train\stat\0603_coupleB.jpg,data/backup_train_synth_photoize\stat\0603_coupleB.jpg
data/kyc\train\stat\0604_coupleA.jpg,data/backup_train_synth_photoize\stat\0604_coupleA.jpg
data/kyc\train\stat\0605_coupleA.jpg,data/backup_train_synth_photoize\stat\0605_coupleA.jpg
data/kyc\train\stat\0606_coupleA.jpg,data/backup_train_synth_photoize\stat\0606_coupleA.jpg
data/kyc\train\stat\0607_coupleA.jpg,data/backup_train_synth_photoize\stat\0607_coupleA.jpg
data/kyc\train\stat\0608_coupleB.jpg,data/backup_train_synth_photoize\stat\0608_coupleB.jpg
data/kyc\train\stat\0609_coupleB.jpg,data/backup_train_synth_photoize\stat\0609_coupleB.jpg
data/kyc\train\stat\0610_coupleB.jpg,data/backup_train_synth_photoize\stat\0610_coupleB.jpg
data/kyc\train\stat\0611_coupleA.jpg,data/backup_train_synth_photoize\stat\0611_coupleA.jpg
data/kyc\train\stat\0612_coupleB.jpg,data/backup_train_synth_photoize\stat\0612_coupleB.jpg
data/kyc\train\stat\0613_coupleA.jpg,data/backup_train_synth_photoize\stat\0613_coupleA.jpg
data/kyc\train\stat\0614_coupleA.jpg,data/backup_train_synth_photoize\stat\0614_coupleA.jpg
data/kyc\train\stat\0615_coupleB.jpg,data/backup_train_synth_photoize\stat\0615_coupleB.jpg
data/kyc\train\stat\0616_coupleA.jpg,data/backup_train_synth_photoize\stat\0616_coupleA.jpg
data/kyc\train\stat\0617_coupleB.jpg,data/backup_train_synth_photoize\stat\0617_coupleB.jpg
data/kyc\train\stat\0618_coupleB.jpg,data/backup_train_synth_photoize\stat\0618_coupleB.jpg
data/kyc\train\stat\0619_coupleB.jpg,data/backup_train_synth_photoize\stat\0619_coupleB.jpg
data/kyc\train\stat\0620_coupleB.jpg,data/backup_train_synth_photoize\stat\0620_coupleB.jpg
data/kyc\train\stat\0621_coupleB.jpg,data/backup_train_synth_photoize\stat\0621_coupleB.jpg
data/kyc\train\stat\0622_coupleA.jpg,data/backup_train_synth_photoize\stat\0622_coupleA.jpg
data/kyc\train\stat\0623_coupleB.jpg,data/backup_train_synth_photoize\stat\0623_coupleB.jpg
data/kyc\train\stat\0624_coupleA.jpg,data/backup_train_synth_photoize\stat\0624_coupleA.jpg
data/kyc\train\stat\0625_coupleA.jpg,data/backup_train_synth_photoize\stat\0625_coupleA.jpg
data/kyc\train\stat\0626_coupleA.jpg,data/backup_train_synth_photoize\stat\0626_coupleA.jpg
data/kyc\train\stat\0627_coupleA.jpg,data/backup_train_synth_photoize\stat\0627_coupleA.jpg
data/kyc\train\stat\0628_coupleB.jpg,data/backup_train_synth_photoize\stat\0628_coupleB.jpg
data/kyc\train\stat\0629_coupleB.jpg,data/backup_train_synth_photoize\stat\0629_coupleB.jpg
data/kyc\train\stat\0630_coupleB.jpg,data/backup_train_synth_photoize\stat\0630_coupleB.jpg
data/kyc\train\stat\0631_coupleB.jpg,data/backup_train_synth_photoize\stat\0631_coupleB.jpg
data/kyc\train\stat\0632_coupleB.jpg,data/backup_train_synth_photoize\stat\0632_coupleB.jpg
data/kyc\train\stat\0633_coupleA.jpg,data/backup_train_synth_photoize\stat\0633_coupleA.jpg
data/kyc\train\stat\0634_coupleA.jpg,data/backup_train_synth_photoize\stat\0634_coupleA.jpg
data/kyc\train\stat\0635_coupleB.jpg,data/backup_train_synth_photoize\stat\0635_coupleB.jpg
data/kyc\train\stat\0636_coupleA.jpg,data/backup_train_synth_photoize\stat\0636_coupleA.jpg
data/kyc\train\stat\0637_coupleB.jpg,data/backup_train_synth_photoize\stat\0637_coupleB.jpg
data/kyc\train\stat\0638_coupleB.jpg,data/backup_train_synth_photoize\stat\0638_coupleB.jpg
data/kyc\train\stat\0639_coupleA.jpg,data/backup_train_synth_photoize\stat\0639_coupleA.jpg
data/kyc\train\stat\0640_coupleB.jpg,data/backup_train_synth_photoize\stat\0640_coupleB.jpg
data/kyc\train\stat\0641_coupleA.jpg,data/backup_train_synth_photoize\stat\0641_coupleA.jpg
data/kyc\train\stat\0642_coupleA.jpg,data/backup_train_synth_photoize\stat\0642_coupleA.jpg
data/kyc\train\stat\0643_coupleB.jpg,data/backup_train_synth_photoize\stat\0643_coupleB.jpg
data/kyc\train\stat\0644_coupleA.jpg,data/backup_train_synth_photoize\stat\0644_coupleA.jpg
data/kyc\train\stat\0645_coupleB.jpg,data/backup_train_synth_photoize\stat\0645_coupleB.jpg
data/kyc\train\stat\0646_coupleA.jpg,data/backup_train_synth_photoize\stat\0646_coupleA.jpg
data/kyc\train\stat\0647_coupleB.jpg,data/backup_train_synth_photoize\stat\0647_coupleB.jpg
data/kyc\train\stat\0648_coupleB.jpg,data/backup_train_synth_photoize\stat\0648_coupleB.jpg
data/kyc\train\stat\0649_coupleB.jpg,data/backup_train_synth_photoize\stat\0649_coupleB.jpg
data/kyc\train\stat\0650_coupleB.jpg,data/backup_train_synth_photoize\stat\0650_coupleB.jpg
data/kyc\train\stat\0651_coupleA.jpg,data/backup_train_synth_photoize\stat\0651_coupleA.jpg
data/kyc\train\stat\0652_coupleB.jpg,data/backup_train_synth_photoize\stat\0652_coupleB.jpg
data/kyc\train\stat\0653_coupleA.jpg,data/backup_train_synth_photoize\stat\0653_coupleA.jpg
data/kyc\train\stat\0654_coupleA.jpg,data/backup_train_synth_photoize\stat\0654_coupleA.jpg
data/kyc\train\stat\0655_coupleA.jpg,data/backup_train_synth_photoize\stat\0655_coupleA.jpg
data/kyc\train\stat\0656_coupleB.jpg,data/backup_train_synth_photoize\stat\0656_coupleB.jpg
data/kyc\train\stat\0657_coupleA.jpg,data/backup_train_synth_photoize\stat\0657_coupleA.jpg
data/kyc\train\stat\0658_coupleB.jpg,data/backup_train_synth_photoize\stat\0658_coupleB.jpg
data/kyc\train\stat\0659_coupleA.jpg,data/backup_train_synth_photoize\stat\0659_coupleA.jpg
data/kyc\train\stat\0660_coupleA.jpg,data/backup_train_synth_photoize\stat\0660_coupleA.jpg
data/kyc\train\stat\0661_coupleA.jpg,data/backup_train_synth_photoize\stat\0661_coupleA.jpg
data/kyc\train\stat\0662_coupleA.jpg,data/backup_train_synth_photoize\stat\0662_coupleA.jpg
data/kyc\train\stat\0663_coupleB.jpg,data/backup_train_synth_photoize\stat\0663_coupleB.jpg
data/kyc\train\stat\0664_coupleA.jpg,data/backup_train_synth_photoize\stat\0664_coupleA.jpg
data/kyc\train\stat\0665_coupleB.jpg,data/backup_train_synth_photoize\stat\0665_coupleB.jpg
data/kyc\train\stat\0666_coupleB.jpg,data/backup_train_synth_photoize\stat\0666_coupleB.jpg
data/kyc\train\stat\0667_coupleA.jpg,data/backup_train_synth_photoize\stat\0667_coupleA.jpg
data/kyc\train\stat\0668_coupleA.jpg,data/backup_train_synth_photoize\stat\0668_coupleA.jpg
data/kyc\train\stat\0669_coupleA.jpg,data/backup_train_synth_photoize\stat\0669_coupleA.jpg
data/kyc\train\stat\0670_coupleB.jpg,data/backup_train_synth_photoize\stat\0670_coupleB.jpg
data/kyc\train\stat\0671_coupleA.jpg,data/backup_train_synth_photoize\stat\0671_coupleA.jpg
data/kyc\train\stat\0672_coupleB.jpg,data/backup_train_synth_photoize\stat\0672_coupleB.jpg
data/kyc\train\stat\0673_coupleB.jpg,data/backup_train_synth_photoize\stat\0673_coupleB.jpg
data/kyc\train\stat\0674_coupleA.jpg,data/backup_train_synth_photoize\stat\0674_coupleA.jpg
data/kyc\train\stat\0675_coupleA.jpg,data/backup_train_synth_photoize\stat\0675_coupleA.jpg
data/kyc\train\stat\0676_coupleA.jpg,data/backup_train_synth_photoize\stat\0676_coupleA.jpg
data/kyc\train\stat\0677_coupleA.jpg,data/backup_train_synth_photoize\stat\0677_coupleA.jpg
data/kyc\train\stat\0678_coupleB.jpg,data/backup_train_synth_photoize\stat\0678_coupleB.jpg
data/kyc\train\stat\0679_coupleB.jpg,data/backup_train_synth_photoize\stat\0679_coupleB.jpg
data/kyc\train\stat\0680_coupleB.jpg,data/backup_train_synth_photoize\stat\0680_coupleB.jpg
data/kyc\train\stat\0681_coupleA.jpg,data/backup_train_synth_photoize\stat\0681_coupleA.jpg
data/kyc\train\stat\0682_coupleA.jpg,data/backup_train_synth_photoize\stat\0682_coupleA.jpg
data/kyc\train\stat\0683_coupleA.jpg,data/backup_train_synth_photoize\stat\0683_coupleA.jpg
data/kyc\train\stat\0684_coupleB.jpg,data/backup_train_synth_photoize\stat\0684_coupleB.jpg
data/kyc\train\stat\0685_coupleB.jpg,data/backup_train_synth_photoize\stat\0685_coupleB.jpg
data/kyc\train\stat\0686_coupleA.jpg,data/backup_train_synth_photoize\stat\0686_coupleA.jpg
data/kyc\train\stat\0687_coupleA.jpg,data/backup_train_synth_photoize\stat\0687_coupleA.jpg
data/kyc\train\stat\0688_coupleB.jpg,data/backup_train_synth_photoize\stat\0688_coupleB.jpg
data/kyc\train\stat\0689_coupleA.jpg,data/backup_train_synth_photoize\stat\0689_coupleA.jpg
data/kyc\train\stat\0690_coupleA.jpg,data/backup_train_synth_photoize\stat\0690_coupleA.jpg
data/kyc\train\stat\0691_coupleB.jpg,data/backup_train_synth_photoize\stat\0691_coupleB.jpg
data/kyc\train\stat\0692_coupleB.jpg,data/backup_train_synth_photoize\stat\0692_coupleB.jpg
data/kyc\train\stat\0693_coupleA.jpg,data/backup_train_synth_photoize\stat\0693_coupleA.jpg
data/kyc\train\stat\0694_coupleA.jpg,data/backup_train_synth_photoize\stat\0694_coupleA.jpg
data/kyc\train\stat\0695_coupleA.jpg,data/backup_train_synth_photoize\stat\0695_coupleA.jpg
data/kyc\train\stat\0696_coupleA.jpg,data/backup_train_synth_photoize\stat\0696_coupleA.jpg
data/kyc\train\stat\0697_coupleA.jpg,data/backup_train_synth_photoize\stat\0697_coupleA.jpg
data/kyc\train\stat\0698_coupleB.jpg,data/backup_train_synth_photoize\stat\0698_coupleB.jpg
data/kyc\train\stat\0699_coupleA.jpg,data/backup_train_synth_photoize\stat\0699_coupleA.jpg
data/kyc\train\stat\0700_coupleA.jpg,data/backup_train_synth_photoize\stat\0700_coupleA.jpg
data/kyc\train\stat\0701_coupleA.jpg,data/backup_train_synth_photoize\stat\0701_coupleA.jpg
data/kyc\train\stat\0702_coupleB.jpg,data/backup_train_synth_photoize\stat\0702_coupleB.jpg
data/kyc\train\stat\0703_coupleA.jpg,data/backup_train_synth_photoize\stat\0703_coupleA.jpg
data/kyc\train\stat\0704_coupleB.jpg,data/backup_train_synth_photoize\stat\0704_coupleB.jpg
data/kyc\train\stat\0705_coupleA.jpg,data/backup_train_synth_photoize\stat\0705_coupleA.jpg
data/kyc\train\stat\0706_coupleA.jpg,data/backup_train_synth_photoize\stat\0706_coupleA.jpg
data/kyc\train\stat\0707_coupleA.jpg,data/backup_train_synth_photoize\stat\0707_coupleA.jpg
data/kyc\train\stat\0708_coupleA.jpg,data/backup_train_synth_photoize\stat\0708_coupleA.jpg
data/kyc\train\stat\0709_coupleB.jpg,data/backup_train_synth_photoize\stat\0709_coupleB.jpg
data/kyc\train\stat\0710_coupleA.jpg,data/backup_train_synth_photoize\stat\0710_coupleA.jpg
data/kyc\train\stat\0711_coupleB.jpg,data/backup_train_synth_photoize\stat\0711_coupleB.jpg
data/kyc\train\stat\0712_coupleA.jpg,data/backup_train_synth_photoize\stat\0712_coupleA.jpg
data/kyc\train\stat\0713_coupleB.jpg,data/backup_train_synth_photoize\stat\0713_coupleB.jpg
data/kyc\train\stat\0714_coupleA.jpg,data/backup_train_synth_photoize\stat\0714_coupleA.jpg
data/kyc\train\stat\0715_coupleB.jpg,data/backup_train_synth_photoize\stat\0715_coupleB.jpg
data/kyc\train\stat\0716_coupleB.jpg,data/backup_train_synth_photoize\stat\0716_coupleB.jpg
data/kyc\train\stat\0717_coupleB.jpg,data/backup_train_synth_photoize\stat\0717_coupleB.jpg
data/kyc\train\stat\0718_coupleB.jpg,data/backup_train_synth_photoize\stat\0718_coupleB.jpg
data/kyc\train\stat\0719_coupleB.jpg,data/backup_train_synth_photoize\stat\0719_coupleB.jpg
data/kyc\train\stat\0720_coupleB.jpg,data/backup_train_synth_photoize\stat\0720_coupleB.jpg
data/kyc\train\stat\0721_coupleB.jpg,data/backup_train_synth_photoize\stat\0721_coupleB.jpg
data/kyc\train\stat\0722_coupleA.jpg,data/backup_train_synth_photoize\stat\0722_coupleA.jpg
data/kyc\train\stat\0723_coupleB.jpg,data/backup_train_synth_photoize\stat\0723_coupleB.jpg
data/kyc\train\stat\0724_coupleA.jpg,data/backup_train_synth_photoize\stat\0724_coupleA.jpg
data/kyc\train\stat\0725_coupleB.jpg,data/backup_train_synth_photoize\stat\0725_coupleB.jpg
data/kyc\train\stat\0726_coupleA.jpg,data/backup_train_synth_photoize\stat\0726_coupleA.jpg
data/kyc\train\stat\0727_coupleB.jpg,data/backup_train_synth_photoize\stat\0727_coupleB.jpg
data/kyc\train\stat\0728_coupleA.jpg,data/backup_train_synth_photoize\stat\0728_coupleA.jpg
data/kyc\train\stat\0729_coupleA.jpg,data/backup_train_synth_photoize\stat\0729_coupleA.jpg
data/kyc\train\stat\0730_coupleA.jpg,data/backup_train_synth_photoize\stat\0730_coupleA.jpg
data/kyc\train\stat\0731_coupleA.jpg,data/backup_train_synth_photoize\stat\0731_coupleA.jpg
data/kyc\train\stat\0732_coupleB.jpg,data/backup_train_synth_photoize\stat\0732_coupleB.jpg
data/kyc\train\stat\0733_coupleB.jpg,data/backup_train_synth_photoize\stat\0733_coupleB.jpg
data/kyc\train\stat\0734_coupleA.jpg,data/backup_train_synth_photoize\stat\0734_coupleA.jpg
data/kyc\train\stat\0735_coupleB.jpg,data/backup_train_synth_photoize\stat\0735_coupleB.jpg
data/kyc\train\stat\0736_coupleB.jpg,data/backup_train_synth_photoize\stat\0736_coupleB.jpg
data/kyc\train\stat\0737_coupleA.jpg,data/backup_train_synth_photoize\stat\0737_coupleA.jpg
data/kyc\train\stat\0738_coupleA.jpg,data/backup_train_synth_photoize\stat\0738_coupleA.jpg
data/kyc\train\stat\0739_coupleA.jpg,data/backup_train_synth_photoize\stat\0739_coupleA.jpg
data/kyc\train\stat\0740_coupleA.jpg,data/backup_train_synth_photoize\stat\0740_coupleA.jpg
data/kyc\train\stat\0741_coupleA.jpg,data/backup_train_synth_photoize\stat\0741_coupleA.jpg
data/kyc\train\stat\0742_coupleB.jpg,data/backup_train_synth_photoize\stat\0742_coupleB.jpg
data/kyc\train\stat\0743_coupleB.jpg,data/backup_train_synth_photoize\stat\0743_coupleB.jpg
data/kyc\train\stat\0744_coupleB.jpg,data/backup_train_synth_photoize\stat\0744_coupleB.jpg
data/kyc\train\stat\0745_coupleB.jpg,data/backup_train_synth_photoize\stat\0745_coupleB.jpg
data/kyc\train\stat\0746_coupleA.jpg,data/backup_train_synth_photoize\stat\0746_coupleA.jpg
data/kyc\train\stat\0747_coupleB.jpg,data/backup_train_synth_photoize\stat\0747_coupleB.jpg
data/kyc\train\stat\0748_coupleA.jpg,data/backup_train_synth_photoize\stat\0748_coupleA.jpg
data/kyc\train\stat\0749_coupleB.jpg,data/backup_train_synth_photoize\stat\0749_coupleB.jpg
data/kyc\train\stat\0750_coupleA.jpg,data/backup_train_synth_photoize\stat\0750_coupleA.jpg
data/kyc\train\stat\0751_coupleA.jpg,data/backup_train_synth_photoize\stat\0751_coupleA.jpg
data/kyc\train\stat\0752_coupleA.jpg,data/backup_train_synth_photoize\stat\0752_coupleA.jpg
data/kyc\train\stat\0753_coupleB.jpg,data/backup_train_synth_photoize\stat\0753_coupleB.jpg
data/kyc\train\stat\0754_coupleB.jpg,data/backup_train_synth_photoize\stat\0754_coupleB.jpg
data/kyc\train\stat\0755_coupleB.jpg,data/backup_train_synth_photoize\stat\0755_coupleB.jpg
data/kyc\train\stat\0756_coupleB.jpg,data/backup_train_synth_photoize\stat\0756_coupleB.jpg
data/kyc\train\stat\0757_coupleB.jpg,data/backup_train_synth_photoize\stat\0757_coupleB.jpg
data/kyc\train\stat\0758_coupleB.jpg,data/backup_train_synth_photoize\stat\0758_coupleB.jpg
data/kyc\train\stat\0759_coupleA.jpg,data/backup_train_synth_photoize\stat\0759_coupleA.jpg
data/kyc\train\stat\0760_coupleA.jpg,data/backup_train_synth_photoize\stat\0760_coupleA.jpg
data/kyc\train\stat\0761_coupleA.jpg,data/backup_train_synth_photoize\stat\0761_coupleA.jpg
data/kyc\train\stat\0762_coupleB.jpg,data/backup_train_synth_photoize\stat\0762_coupleB.jpg
data/kyc\train\stat\0763_coupleA.jpg,data/backup_train_synth_photoize\stat\0763_coupleA.jpg
data/kyc\train\stat\0764_coupleA.jpg,data/backup_train_synth_photoize\stat\0764_coupleA.jpg
data/kyc\train\stat\0765_coupleA.jpg,data/backup_train_synth_photoize\stat\0765_coupleA.jpg
data/kyc\train\stat\0766_coupleB.jpg,data/backup_train_synth_photoize\stat\0766_coupleB.jpg
data/kyc\train\stat\0767_coupleA.jpg,data/backup_train_synth_photoize\stat\0767_coupleA.jpg
data/kyc\train\stat\0768_coupleB.jpg,data/backup_train_synth_photoize\stat\0768_coupleB.jpg
data/kyc\train\stat\0769_coupleB.jpg,data/backup_train_synth_photoize\stat\0769_coupleB.jpg
data/kyc\train\stat\0770_coupleA.jpg,data/backup_train_synth_photoize\stat\0770_coupleA.jpg
data/kyc\train\stat\0771_coupleB.jpg,data/backup_train_synth_photoize\stat\0771_coupleB.jpg
data/kyc\train\stat\0772_coupleA.jpg,data/backup_train_synth_photoize\stat\0772_coupleA.jpg
data/kyc\train\stat\0773_coupleA.jpg,data/backup_train_synth_photoize\stat\0773_coupleA.jpg
data/kyc\train\stat\0774_coupleB.jpg,data/backup_train_synth_photoize\stat\0774_coupleB.jpg
data/kyc\train\stat\0775_coupleB.jpg,data/backup_train_synth_photoize\stat\0775_coupleB.jpg
data/kyc\train\stat\0776_coupleB.jpg,data/backup_train_synth_photoize\stat\0776_coupleB.jpg
data/kyc\train\stat\0777_coupleA.jpg,data/backup_train_synth_photoize\stat\0777_coupleA.jpg
data/kyc\train\stat\0778_coupleB.jpg,data/backup_train_synth_photoize\stat\0778_coupleB.jpg
data/kyc\train\stat\0779_coupleB.jpg,data/backup_train_synth_photoize\stat\0779_coupleB.jpg
data/kyc\train\stat\0780_coupleA.jpg,data/backup_train_synth_photoize\stat\0780_coupleA.jpg
data/kyc\train\stat\0781_coupleA.jpg,data/backup_train_synth_photoize\stat\0781_coupleA.jpg
data/kyc\train\stat\0782_coupleA.jpg,data/backup_train_synth_photoize\stat\0782_coupleA.jpg
data/kyc\train\stat\0783_coupleA.jpg,data/backup_train_synth_photoize\stat\0783_coupleA.jpg
data/kyc\train\stat\0784_coupleA.jpg,data/backup_train_synth_photoize\stat\0784_coupleA.jpg
data/kyc\train\stat\0785_coupleB.jpg,data/backup_train_synth_photoize\stat\0785_coupleB.jpg
data/kyc\train\stat\0786_coupleB.jpg,data/backup_train_synth_photoize\stat\0786_coupleB.jpg
data/kyc\train\stat\0787_coupleB.jpg,data/backup_train_synth_photoize\stat\0787_coupleB.jpg
data/kyc\train\stat\0788_coupleB.jpg,data/backup_train_synth_photoize\stat\0788_coupleB.jpg
data/kyc\train\stat\0789_coupleA.jpg,data/backup_train_synth_photoize\stat\0789_coupleA.jpg
data/kyc\train\stat\0790_coupleA.jpg,data/backup_train_synth_photoize\stat\0790_coupleA.jpg
data/kyc\train\stat\0791_coupleA.jpg,data/backup_train_synth_photoize\stat\0791_coupleA.jpg
data/kyc\train\stat\0792_coupleA.jpg,data/backup_train_synth_photoize\stat\0792_coupleA.jpg
data/kyc\train\stat\0793_coupleB.jpg,data/backup_train_synth_photoize\stat\0793_coupleB.jpg
data/kyc\train\stat\0794_coupleA.jpg,data/backup_train_synth_photoize\stat\0794_coupleA.jpg
data/kyc\train\stat\0795_coupleB.jpg,data/backup_train_synth_photoize\stat\0795_coupleB.jpg
data/kyc\train\stat\0796_coupleA.jpg,data/backup_train_synth_photoize\stat\0796_coupleA.jpg
data/kyc\train\stat\0797_coupleA.jpg,data/backup_train_synth_photoize\stat\0797_coupleA.jpg
data/kyc\train\stat\0798_coupleB.jpg,data/backup_train_synth_photoize\stat\0798_coupleB.jpg
data/kyc\train\stat\0799_coupleB.jpg,data/backup_train_synth_photoize\stat\0799_coupleB.jpg
data/kyc\train\stat\0800_coupleB.jpg,data/backup_train_synth_photoize\stat\0800_coupleB.jpg
data/kyc\train\stat\0801_coupleB.jpg,data/backup_train_synth_photoize\stat\0801_coupleB.jpg
data/kyc\train\stat\0802_coupleB.jpg,data/backup_train_synth_photoize\stat\0802_coupleB.jpg
data/kyc\train\stat\0803_coupleA.jpg,data/backup_train_synth_photoize\stat\0803_coupleA.jpg
data/kyc\train\stat\0804_coupleB.jpg,data/backup_train_synth_photoize\stat\0804_coupleB.jpg
data/kyc\train\stat\0805_coupleB.jpg,data/backup_train_synth_photoize\stat\0805_coupleB.jpg
data/kyc\train\stat\0806_coupleA.jpg,data/backup_train_synth_photoize\stat\0806_coupleA.jpg
data/kyc\train\stat\0807_coupleB.jpg,data/backup_train_synth_photoize\stat\0807_coupleB.jpg
data/kyc\train\stat\0808_coupleA.jpg,data/backup_train_synth_photoize\stat\0808_coupleA.jpg
data/kyc\train\stat\0809_coupleB.jpg,data/backup_train_synth_photoize\stat\0809_coupleB.jpg
data/kyc\train\stat\0810_coupleB.jpg,data/backup_train_synth_photoize\stat\0810_coupleB.jpg
data/kyc\train\stat\0811_coupleB.jpg,data/backup_train_synth_photoize\stat\0811_coupleB.jpg
data/kyc\train\stat\0812_coupleB.jpg,data/backup_train_synth_photoize\stat\0812_coupleB.jpg
data/kyc\train\stat\0813_coupleB.jpg,data/backup_train_synth_photoize\stat\0813_coupleB.jpg
data/kyc\train\stat\0814_coupleB.jpg,data/backup_train_synth_photoize\stat\0814_coupleB.jpg
data/kyc\train\stat\0815_coupleB.jpg,data/backup_train_synth_photoize\stat\0815_coupleB.jpg
data/kyc\train\stat\0816_coupleA.jpg,data/backup_train_synth_photoize\stat\0816_coupleA.jpg
data/kyc\train\stat\0817_coupleA.jpg,data/backup_train_synth_photoize\stat\0817_coupleA.jpg
data/kyc\train\stat\0818_coupleB.jpg,data/backup_train_synth_photoize\stat\0818_coupleB.jpg
data/kyc\train\stat\0819_coupleA.jpg,data/backup_train_synth_photoize\stat\0819_coupleA.jpg
data/kyc\train\stat\0820_coupleA.jpg,data/backup_train_synth_photoize\stat\0820_coupleA.jpg
data/kyc\train\stat\0821_coupleA.jpg,data/backup_train_synth_photoize\stat\0821_coupleA.jpg
data/kyc\train\stat\0822_coupleA.jpg,data/backup_train_synth_photoize\stat\0822_coupleA.jpg
data/kyc\train\stat\0823_coupleA.jpg,data/backup_train_synth_photoize\stat\0823_coupleA.jpg
data/kyc\train\stat\0824_coupleA.jpg,data/backup_train_synth_photoize\stat\0824_coupleA.jpg
data/kyc\train\stat\0825_coupleB.jpg,data/backup_train_synth_photoize\stat\0825_coupleB.jpg
data/kyc\train\stat\0826_coupleB.jpg,data/backup_train_synth_photoize\stat\0826_coupleB.jpg
data/kyc\train\stat\0827_coupleB.jpg,data/backup_train_synth_photoize\stat\0827_coupleB.jpg
data/kyc\train\stat\0828_coupleA.jpg,data/backup_train_synth_photoize\stat\0828_coupleA.jpg
data/kyc\train\stat\0829_coupleB.jpg,data/backup_train_synth_photoize\stat\0829_coupleB.jpg
data/kyc\train\stat\0830_coupleB.jpg,data/backup_train_synth_photoize\stat\0830_coupleB.jpg
data/kyc\train\stat\0831_coupleA.jpg,data/backup_train_synth_photoize\stat\0831_coupleA.jpg
data/kyc\train\stat\0832_coupleB.jpg,data/backup_train_synth_photoize\stat\0832_coupleB.jpg
data/kyc\train\stat\0833_coupleB.jpg,data/backup_train_synth_photoize\stat\0833_coupleB.jpg
data/kyc\train\stat\0834_coupleA.jpg,data/backup_train_synth_photoize\stat\0834_coupleA.jpg
data/kyc\train\stat\0835_coupleB.jpg,data/backup_train_synth_photoize\stat\0835_coupleB.jpg
data/kyc\train\stat\0836_coupleA.jpg,data/backup_train_synth_photoize\stat\0836_coupleA.jpg
data/kyc\train\stat\0837_coupleA.jpg,data/backup_train_synth_photoize\stat\0837_coupleA.jpg
data/kyc\train\stat\0838_coupleA.jpg,data/backup_train_synth_photoize\stat\0838_coupleA.jpg
data/kyc\train\stat\0839_coupleA.jpg,data/backup_train_synth_photoize\stat\0839_coupleA.jpg
data/kyc\train\stat\0840_coupleA.jpg,data/backup_train_synth_photoize\stat\0840_coupleA.jpg
data/kyc\train\stat\0841_coupleA.jpg,data/backup_train_synth_photoize\stat\0841_coupleA.jpg
data/kyc\train\stat\0842_coupleB.jpg,data/backup_train_synth_photoize\stat\0842_coupleB.jpg
data/kyc\train\stat\0843_coupleA.jpg,data/backup_train_synth_photoize\stat\0843_coupleA.jpg
data/kyc\train\stat\0844_coupleA.jpg,data/backup_train_synth_photoize\stat\0844_coupleA.jpg
data/kyc\train\stat\0845_coupleB.jpg,data/backup_train_synth_photoize\stat\0845_coupleB.jpg
data/kyc\train\stat\0846_coupleB.jpg,data/backup_train_synth_photoize\stat\0846_coupleB.jpg
data/kyc\train\stat\0847_coupleB.jpg,data/backup_train_synth_photoize\stat\0847_coupleB.jpg
data/kyc\train\stat\0848_coupleB.jpg,data/backup_train_synth_photoize\stat\0848_coupleB.jpg
data/kyc\train\stat\0849_coupleB.jpg,data/backup_train_synth_photoize\stat\0849_coupleB.jpg
data/kyc\train\stat\0850_coupleA.jpg,data/backup_train_synth_photoize\stat\0850_coupleA.jpg
data/kyc\train\stat\0851_coupleA.jpg,data/backup_train_synth_photoize\stat\0851_coupleA.jpg
data/kyc\train\stat\0852_coupleA.jpg,data/backup_train_synth_photoize\stat\0852_coupleA.jpg
data/kyc\train\stat\0853_coupleB.jpg,data/backup_train_synth_photoize\stat\0853_coupleB.jpg
data/kyc\train\stat\0854_coupleB.jpg,data/backup_train_synth_photoize\stat\0854_coupleB.jpg
data/kyc\train\stat\0855_coupleB.jpg,data/backup_train_synth_photoize\stat\0855_coupleB.jpg
data/kyc\train\stat\0856_coupleB.jpg,data/backup_train_synth_photoize\stat\0856_coupleB.jpg
data/kyc\train\stat\0857_coupleB.jpg,data/backup_train_synth_photoize\stat\0857_coupleB.jpg
data/kyc\train\stat\0858_coupleB.jpg,data/backup_train_synth_photoize\stat\0858_coupleB.jpg
data/kyc\train\stat\0859_coupleA.jpg,data/backup_train_synth_photoize\stat\0859_coupleA.jpg
data/kyc\train\stat\0860_coupleB.jpg,data/backup_train_synth_photoize\stat\0860_coupleB.jpg
data/kyc\train\stat\0861_coupleB.jpg,data/backup_train_synth_photoize\stat\0861_coupleB.jpg
data/kyc\train\stat\0862_coupleA.jpg,data/backup_train_synth_photoize\stat\0862_coupleA.jpg
data/kyc\train\stat\0863_coupleA.jpg,data/backup_train_synth_photoize\stat\0863_coupleA.jpg
data/kyc\train\stat\0864_coupleA.jpg,data/backup_train_synth_photoize\stat\0864_coupleA.jpg
data/kyc\train\stat\0865_coupleB.jpg,data/backup_train_synth_photoize\stat\0865_coupleB.jpg
data/kyc\train\stat\0866_coupleA.jpg,data/backup_train_synth_photoize\stat\0866_coupleA.jpg
data/kyc\train\stat\0867_coupleB.jpg,data/backup_train_synth_photoize\stat\0867_coupleB.jpg
data/kyc\train\stat\0868_coupleA.jpg,data/backup_train_synth_photoize\stat\0868_coupleA.jpg
data/kyc\train\stat\0869_coupleB.jpg,data/backup_train_synth_photoize\stat\0869_coupleB.jpg
data/kyc\train\stat\0870_coupleA.jpg,data/backup_train_synth_photoize\stat\0870_coupleA.jpg
data/kyc\train\stat\0871_coupleB.jpg,data/backup_train_synth_photoize\stat\0871_coupleB.jpg
data/kyc\train\stat\0872_coupleA.jpg,data/backup_train_synth_photoize\stat\0872_coupleA.jpg
data/kyc\train\stat\0873_coupleB.jpg,data/backup_train_synth_photoize\stat\0873_coupleB.jpg
data/kyc\train\stat\0874_coupleB.jpg,data/backup_train_synth_photoize\stat\0874_coupleB.jpg
data/kyc\train\stat\0875_coupleA.jpg,data/backup_train_synth_photoize\stat\0875_coupleA.jpg
data/kyc\train\stat\0876_coupleA.jpg,data/backup_train_synth_photoize\stat\0876_coupleA.jpg
data/kyc\train\stat\0877_coupleB.jpg,data/backup_train_synth_photoize\stat\0877_coupleB.jpg
data/kyc\train\stat\0878_coupleB.jpg,data/backup_train_synth_photoize\stat\0878_coupleB.jpg
data/kyc\train\stat\0879_coupleB.jpg,data/backup_train_synth_photoize\stat\0879_coupleB.jpg
data/kyc\train\stat\0880_coupleB.jpg,data/backup_train_synth_photoize\stat\0880_coupleB.jpg
data/kyc\train\stat\0881_coupleB.jpg,data/backup_train_synth_photoize\stat\0881_coupleB.jpg
data/kyc\train\stat\0882_coupleA.jpg,data/backup_train_synth_photoize\stat\0882_coupleA.jpg
data/kyc\train\stat\0883_coupleA.jpg,data/backup_train_synth_photoize\stat\0883_coupleA.jpg
data/kyc\train\stat\0884_coupleA.jpg,data/backup_train_synth_photoize\stat\0884_coupleA.jpg
data/kyc\train\stat\0885_coupleA.jpg,data/backup_train_synth_photoize\stat\0885_coupleA.jpg
data/kyc\train\stat\0886_coupleB.jpg,data/backup_train_synth_photoize\stat\0886_coupleB.jpg
data/kyc\train\stat\0887_coupleB.jpg,data/backup_train_synth_photoize\stat\0887_coupleB.jpg
data/kyc\train\stat\0888_coupleB.jpg,data/backup_train_synth_photoize\stat\0888_coupleB.jpg
data/kyc\train\stat\0889_coupleB.jpg,data/backup_train_synth_photoize\stat\0889_coupleB.jpg
data/kyc\train\stat\0890_coupleB.jpg,data/backup_train_synth_photoize\stat\0890_coupleB.jpg
data/kyc\train\stat\0891_coupleA.jpg,data/backup_train_synth_photoize\stat\0891_coupleA.jpg
data/kyc\train\stat\0892_coupleA.jpg,data/backup_train_synth_photoize\stat\0892_coupleA.jpg
data/kyc\train\stat\0893_coupleA.jpg,data/backup_train_synth_photoize\stat\0893_coupleA.jpg
data/kyc\train\stat\0894_coupleA.jpg,data/backup_train_synth_photoize\stat\0894_coupleA.jpg
data/kyc\train\stat\0895_coupleB.jpg,data/backup_train_synth_photoize\stat\0895_coupleB.jpg
data/kyc\train\stat\0896_coupleB.jpg,data/backup_train_synth_photoize\stat\0896_coupleB.jpg
data/kyc\train\stat\0897_coupleA.jpg,data/backup_train_synth_photoize\stat\0897_coupleA.jpg
data/kyc\train\stat\0898_coupleB.jpg,data/backup_train_synth_photoize\stat\0898_coupleB.jpg
data/kyc\train\stat\0899_coupleA.jpg,data/backup_train_synth_photoize\stat\0899_coupleA.jpg
data/kyc\train\stat\0900_coupleA.jpg,data/backup_train_synth_photoize\stat\0900_coupleA.jpg
data/kyc\train\stat\0901_coupleB.jpg,data/backup_train_synth_photoize\stat\0901_coupleB.jpg
data/kyc\train\stat\0902_coupleB.jpg,data/backup_train_synth_photoize\stat\0902_coupleB.jpg
data/kyc\train\stat\0903_coupleA.jpg,data/backup_train_synth_photoize\stat\0903_coupleA.jpg
data/kyc\train\stat\0904_coupleA.jpg,data/backup_train_synth_photoize\stat\0904_coupleA.jpg
data/kyc\train\stat\0905_coupleA.jpg,data/backup_train_synth_photoize\stat\0905_coupleA.jpg
data/kyc\train\stat\0906_coupleA.jpg,data/backup_train_synth_photoize\stat\0906_coupleA.jpg
data/kyc\train\stat\0907_coupleB.jpg,data/backup_train_synth_photoize\stat\0907_coupleB.jpg
data/kyc\train\stat\0908_coupleB.jpg,data/backup_train_synth_photoize\stat\0908_coupleB.jpg
data/kyc\train\stat\0909_coupleA.jpg,data/backup_train_synth_photoize\stat\0909_coupleA.jpg
data/kyc\train\stat\0910_coupleB.jpg,data/backup_train_synth_photoize\stat\0910_coupleB.jpg
data/kyc\train\stat\0911_coupleB.jpg,data/backup_train_synth_photoize\stat\0911_coupleB.jpg
data/kyc\train\stat\0912_coupleA.jpg,data/backup_train_synth_photoize\stat\0912_coupleA.jpg
data/kyc\train\stat\0913_coupleB.jpg,data/backup_train_synth_photoize\stat\0913_coupleB.jpg
data/kyc\train\stat\0914_coupleB.jpg,data/backup_train_synth_photoize\stat\0914_coupleB.jpg
data/kyc\train\stat\0915_coupleA.jpg,data/backup_train_synth_photoize\stat\0915_coupleA.jpg
data/kyc\train\stat\0916_coupleA.jpg,data/backup_train_synth_photoize\stat\0916_coupleA.jpg
data/kyc\train\stat\0917_coupleA.jpg,data/backup_train_synth_photoize\stat\0917_coupleA.jpg
data/kyc\train\stat\0918_coupleA.jpg,data/backup_train_synth_photoize\stat\0918_coupleA.jpg
data/kyc\train\stat\0919_coupleA.jpg,data/backup_train_synth_photoize\stat\0919_coupleA.jpg
data/kyc\train\stat\0920_coupleB.jpg,data/backup_train_synth_photoize\stat\0920_coupleB.jpg
data/kyc\train\stat\0921_coupleB.jpg,data/backup_train_synth_photoize\stat\0921_coupleB.jpg
data/kyc\train\stat\0922_coupleB.jpg,data/backup_train_synth_photoize\stat\0922_coupleB.jpg
data/kyc\train\stat\0923_coupleB.jpg,data/backup_train_synth_photoize\stat\0923_coupleB.jpg
data/kyc\train\stat\0924_coupleB.jpg,data/backup_train_synth_photoize\stat\0924_coupleB.jpg
data/kyc\train\stat\0925_coupleB.jpg,data/backup_train_synth_photoize\stat\0925_coupleB.jpg
data/kyc\train\stat\0926_coupleB.jpg,data/backup_train_synth_photoize\stat\0926_coupleB.jpg
data/kyc\train\stat\0927_coupleB.jpg,data/backup_train_synth_photoize\stat\0927_coupleB.jpg
data/kyc\train\stat\0928_coupleA.jpg,data/backup_train_synth_photoize\stat\0928_coupleA.jpg
data/kyc\train\stat\0929_coupleB.jpg,data/backup_train_synth_photoize\stat\0929_coupleB.jpg
data/kyc\train\stat\0930_coupleB.jpg,data/backup_train_synth_photoize\stat\0930_coupleB.jpg
data/kyc\train\stat\0931_coupleA.jpg,data/backup_train_synth_photoize\stat\0931_coupleA.jpg
data/kyc\train\stat\0932_coupleA.jpg,data/backup_train_synth_photoize\stat\0932_coupleA.jpg
data/kyc\train\stat\0933_coupleA.jpg,data/backup_train_synth_photoize\stat\0933_coupleA.jpg
data/kyc\train\stat\0934_coupleA.jpg,data/backup_train_synth_photoize\stat\0934_coupleA.jpg
data/kyc\train\stat\0935_coupleB.jpg,data/backup_train_synth_photoize\stat\0935_coupleB.jpg
data/kyc\train\stat\0936_coupleA.jpg,data/backup_train_synth_photoize\stat\0936_coupleA.jpg
data/kyc\train\stat\0937_coupleA.jpg,data/backup_train_synth_photoize\stat\0937_coupleA.jpg
data/kyc\train\stat\0938_coupleA.jpg,data/backup_train_synth_photoize\stat\0938_coupleA.jpg
data/kyc\train\stat\0939_coupleA.jpg,data/backup_train_synth_photoize\stat\0939_coupleA.jpg
data/kyc\train\stat\0940_coupleB.jpg,data/backup_train_synth_photoize\stat\0940_coupleB.jpg
data/kyc\train\stat\0941_coupleA.jpg,data/backup_train_synth_photoize\stat\0941_coupleA.jpg
data/kyc\train\stat\0942_coupleA.jpg,data/backup_train_synth_photoize\stat\0942_coupleA.jpg
data/kyc\train\stat\0943_coupleA.jpg,data/backup_train_synth_photoize\stat\0943_coupleA.jpg
data/kyc\train\stat\0944_coupleB.jpg,data/backup_train_synth_photoize\stat\0944_coupleB.jpg
data/kyc\train\stat\0945_coupleA.jpg,data/backup_train_synth_photoize\stat\0945_coupleA.jpg
data/kyc\train\stat\0946_coupleA.jpg,data/backup_train_synth_photoize\stat\0946_coupleA.jpg
data/kyc\train\stat\0947_coupleB.jpg,data/backup_train_synth_photoize\stat\0947_coupleB.jpg
data/kyc\train\stat\0948_coupleB.jpg,data/backup_train_synth_photoize\stat\0948_coupleB.jpg
data/kyc\train\stat\0949_coupleB.jpg,data/backup_train_synth_photoize\stat\0949_coupleB.jpg
data/kyc\train\stat\0950_coupleA.jpg,data/backup_train_synth_photoize\stat\0950_coupleA.jpg
data/kyc\train\stat\0951_coupleA.jpg,data/backup_train_synth_photoize\stat\0951_coupleA.jpg
data/kyc\train\stat\0952_coupleA.jpg,data/backup_train_synth_photoize\stat\0952_coupleA.jpg
data/kyc\train\stat\0953_coupleA.jpg,data/backup_train_synth_photoize\stat\0953_coupleA.jpg
data/kyc\train\stat\0954_coupleA.jpg,data/backup_train_synth_photoize\stat\0954_coupleA.jpg
data/kyc\train\stat\0955_coupleB.jpg,data/backup_train_synth_photoize\stat\0955_coupleB.jpg
data/kyc\train\stat\0956_coupleB.jpg,data/backup_train_synth_photoize\stat\0956_coupleB.jpg
data/kyc\train\stat\0957_coupleA.jpg,data/backup_train_synth_photoize\stat\0957_coupleA.jpg
data/kyc\train\stat\0958_coupleA.jpg,data/backup_train_synth_photoize\stat\0958_coupleA.jpg
data/kyc\train\stat\0959_coupleB.jpg,data/backup_train_synth_photoize\stat\0959_coupleB.jpg
data/kyc\train\stat\0960_coupleA.jpg,data/backup_train_synth_photoize\stat\0960_coupleA.jpg
data/kyc\train\stat\0961_coupleA.jpg,data/backup_train_synth_photoize\stat\0961_coupleA.jpg
data/kyc\train\stat\0962_coupleB.jpg,data/backup_train_synth_photoize\stat\0962_coupleB.jpg
data/kyc\train\stat\0963_coupleB.jpg,data/backup_train_synth_photoize\stat\0963_coupleB.jpg
data/kyc\train\stat\0964_coupleB.jpg,data/backup_train_synth_photoize\stat\0964_coupleB.jpg
data/kyc\train\stat\0965_coupleB.jpg,data/backup_train_synth_photoize\stat\0965_coupleB.jpg
data/kyc\train\stat\0966_coupleB.jpg,data/backup_train_synth_photoize\stat\0966_coupleB.jpg
data/kyc\train\stat\0967_coupleB.jpg,data/backup_train_synth_photoize\stat\0967_coupleB.jpg
data/kyc\train\stat\0968_coupleB.jpg,data/backup_train_synth_photoize\stat\0968_coupleB.jpg
data/kyc\train\stat\0969_coupleB.jpg,data/backup_train_synth_photoize\stat\0969_coupleB.jpg
data/kyc\train\stat\0970_coupleA.jpg,data/backup_train_synth_photoize\stat\0970_coupleA.jpg
data/kyc\train\stat\0971_coupleB.jpg,data/backup_train_synth_photoize\stat\0971_coupleB.jpg
data/kyc\train\stat\0972_coupleB.jpg,data/backup_train_synth_photoize\stat\0972_coupleB.jpg
data/kyc\train\stat\0973_coupleB.jpg,data/backup_train_synth_photoize\stat\0973_coupleB.jpg
data/kyc\train\stat\0974_coupleB.jpg,data/backup_train_synth_photoize\stat\0974_coupleB.jpg
data/kyc\train\stat\0975_coupleB.jpg,data/backup_train_synth_photoize\stat\0975_coupleB.jpg
data/kyc\train\stat\0976_coupleA.jpg,data/backup_train_synth_photoize\stat\0976_coupleA.jpg
data/kyc\train\stat\0977_coupleB.jpg,data/backup_train_synth_photoize\stat\0977_coupleB.jpg
data/kyc\train\stat\0978_coupleB.jpg,data/backup_train_synth_photoize\stat\0978_coupleB.jpg
data/kyc\train\stat\0979_coupleA.jpg,data/backup_train_synth_photoize\stat\0979_coupleA.jpg
data/kyc\train\stat\0980_coupleA.jpg,data/backup_train_synth_photoize\stat\0980_coupleA.jpg
data/kyc\train\stat\0981_coupleA.jpg,data/backup_train_synth_photoize\stat\0981_coupleA.jpg
data/kyc\train\stat\0982_coupleB.jpg,data/backup_train_synth_photoize\stat\0982_coupleB.jpg
data/kyc\train\stat\0983_coupleA.jpg,data/backup_train_synth_photoize\stat\0983_coupleA.jpg
data/kyc\train\stat\0984_coupleB.jpg,data/backup_train_synth_photoize\stat\0984_coupleB.jpg
data/kyc\train\stat\0985_coupleA.jpg,data/backup_train_synth_photoize\stat\0985_coupleA.jpg
data/kyc\train\stat\0986_coupleB.jpg,data/backup_train_synth_photoize\stat\0986_coupleB.jpg
data/kyc\train\stat\0987_coupleA.jpg,data/backup_train_synth_photoize\stat\0987_coupleA.jpg
data/kyc\train\stat\0988_coupleB.jpg,data/backup_train_synth_photoize\stat\0988_coupleB.jpg
data/kyc\train\stat\0989_coupleA.jpg,data/backup_train_synth_photoize\stat\0989_coupleA.jpg
data/kyc\train\stat\0990_coupleA.jpg,data/backup_train_synth_photoize\stat\0990_coupleA.jpg
data/kyc\train\stat\0991_coupleA.jpg,data/backup_train_synth_photoize\stat\0991_coupleA.jpg
data/kyc\train\stat\0992_coupleA.jpg,data/backup_train_synth_photoize\stat\0992_coupleA.jpg
data/kyc\train\stat\0993_coupleA.jpg,data/backup_train_synth_photoize\stat\0993_coupleA.jpg
data/kyc\train\stat\0994_coupleA.jpg,data/backup_train_synth_photoize\stat\0994_coupleA.jpg
data/kyc\train\stat\0995_coupleB.jpg,data/backup_train_synth_photoize\stat\0995_coupleB.jpg
data/kyc\train\stat\0996_coupleA.jpg,data/backup_train_synth_photoize\stat\0996_coupleA.jpg
data/kyc\train\stat\0997_coupleB.jpg,data/backup_train_synth_photoize\stat\0997_coupleB.jpg
data/kyc\train\stat\0998_coupleA.jpg,data/backup_train_synth_photoize\stat\0998_coupleA.jpg
data/kyc\train\stat\0999_coupleA.jpg,data/backup_train_synth_photoize\stat\0999_coupleA.jpg
data/kyc\train\stat\1000_coupleB.jpg,data/backup_train_synth_photoize\stat\1000_coupleB.jpg
data/kyc\train\stat\1001_coupleB.jpg,data/backup_train_synth_photoize\stat\1001_coupleB.jpg
data/kyc\train\stat\1002_coupleB.jpg,data/backup_train_synth_photoize\stat\1002_coupleB.jpg
data/kyc\train\stat\1003_coupleA.jpg,data/backup_train_synth_photoize\stat\1003_coupleA.jpg
data/kyc\train\stat\1004_coupleA.jpg,data/backup_train_synth_photoize\stat\1004_coupleA.jpg
data/kyc\train\stat\1005_coupleB.jpg,data/backup_train_synth_photoize\stat\1005_coupleB.jpg
data/kyc\train\stat\1006_coupleA.jpg,data/backup_train_synth_photoize\stat\1006_coupleA.jpg
data/kyc\train\stat\1007_coupleB.jpg,data/backup_train_synth_photoize\stat\1007_coupleB.jpg
data/kyc\train\stat\1008_coupleB.jpg,data/backup_train_synth_photoize\stat\1008_coupleB.jpg
data/kyc\train\stat\1009_coupleA.jpg,data/backup_train_synth_photoize\stat\1009_coupleA.jpg
data/kyc\train\stat\1010_coupleB.jpg,data/backup_train_synth_photoize\stat\1010_coupleB.jpg
data/kyc\train\stat\1011_coupleA.jpg,data/backup_train_synth_photoize\stat\1011_coupleA.jpg
data/kyc\train\stat\1012_coupleA.jpg,data/backup_train_synth_photoize\stat\1012_coupleA.jpg
data/kyc\train\stat\1013_coupleB.jpg,data/backup_train_synth_photoize\stat\1013_coupleB.jpg
data/kyc\train\stat\1014_coupleB.jpg,data/backup_train_synth_photoize\stat\1014_coupleB.jpg
data/kyc\train\stat\1015_coupleB.jpg,data/backup_train_synth_photoize\stat\1015_coupleB.jpg
data/kyc\train\stat\1016_coupleA.jpg,data/backup_train_synth_photoize\stat\1016_coupleA.jpg
data/kyc\train\stat\1017_coupleA.jpg,data/backup_train_synth_photoize\stat\1017_coupleA.jpg
data/kyc\train\stat\1018_coupleB.jpg,data/backup_train_synth_photoize\stat\1018_coupleB.jpg
data/kyc\train\stat\1019_coupleB.jpg,data/backup_train_synth_photoize\stat\1019_coupleB.jpg
data/kyc\train\stat\1020_coupleB.jpg,data/backup_train_synth_photoize\stat\1020_coupleB.jpg
data/kyc\train\stat\1021_coupleA.jpg,data/backup_train_synth_photoize\stat\1021_coupleA.jpg
data/kyc\train\stat\1022_coupleA.jpg,data/backup_train_synth_photoize\stat\1022_coupleA.jpg
data/kyc\train\stat\1023_coupleA.jpg,data/backup_train_synth_photoize\stat\1023_coupleA.jpg
data/kyc\train\stat\1024_coupleA.jpg,data/backup_train_synth_photoize\stat\1024_coupleA.jpg
data/kyc\train\stat\1025_coupleA.jpg,data/backup_train_synth_photoize\stat\1025_coupleA.jpg
data/kyc\train\stat\1026_coupleB.jpg,data/backup_train_synth_photoize\stat\1026_coupleB.jpg
data/kyc\train\stat\1027_coupleA.jpg,data/backup_train_synth_photoize\stat\1027_coupleA.jpg
data/kyc\train\stat\1028_coupleA.jpg,data/backup_train_synth_photoize\stat\1028_coupleA.jpg
data/kyc\train\stat\1029_coupleA.jpg,data/backup_train_synth_photoize\stat\1029_coupleA.jpg
data/kyc\train\stat\1030_coupleA.jpg,data/backup_train_synth_photoize\stat\1030_coupleA.jpg
data/kyc\train\stat\1031_coupleA.jpg,data/backup_train_synth_photoize\stat\1031_coupleA.jpg
data/kyc\train\stat\1032_coupleA.jpg,data/backup_train_synth_photoize\stat\1032_coupleA.jpg
data/kyc\train\stat\1033_coupleB.jpg,data/backup_train_synth_photoize\stat\1033_coupleB.jpg
data/kyc\train\stat\1034_coupleA.jpg,data/backup_train_synth_photoize\stat\1034_coupleA.jpg
data/kyc\train\stat\1035_coupleA.jpg,data/backup_train_synth_photoize\stat\1035_coupleA.jpg
data/kyc\train\stat\1036_coupleB.jpg,data/backup_train_synth_photoize\stat\1036_coupleB.jpg
data/kyc\train\stat\1037_coupleA.jpg,data/backup_train_synth_photoize\stat\1037_coupleA.jpg
data/kyc\train\stat\1038_coupleB.jpg,data/backup_train_synth_photoize\stat\1038_coupleB.jpg
data/kyc\train\stat\1039_coupleA.jpg,data/backup_train_synth_photoize\stat\1039_coupleA.jpg
data/kyc\train\stat\1040_coupleA.jpg,data/backup_train_synth_photoize\stat\1040_coupleA.jpg
data/kyc\train\stat\1041_coupleB.jpg,data/backup_train_synth_photoize\stat\1041_coupleB.jpg
data/kyc\train\stat\1042_coupleB.jpg,data/backup_train_synth_photoize\stat\1042_coupleB.jpg
data/kyc\train\stat\1043_coupleB.jpg,data/backup_train_synth_photoize\stat\1043_coupleB.jpg
data/kyc\train\stat\1044_coupleA.jpg,data/backup_train_synth_photoize\stat\1044_coupleA.jpg
data/kyc\train\stat\1045_coupleB.jpg,data/backup_train_synth_photoize\stat\1045_coupleB.jpg
data/kyc\train\stat\1046_coupleA.jpg,data/backup_train_synth_photoize\stat\1046_coupleA.jpg
data/kyc\train\stat\1047_coupleA.jpg,data/backup_train_synth_photoize\stat\1047_coupleA.jpg
data/kyc\train\stat\1048_coupleB.jpg,data/backup_train_synth_photoize\stat\1048_coupleB.jpg
data/kyc\train\stat\1049_coupleA.jpg,data/backup_train_synth_photoize\stat\1049_coupleA.jpg
data/kyc\train\stat\1050_coupleA.jpg,data/backup_train_synth_photoize\stat\1050_coupleA.jpg
data/kyc\train\stat\1051_coupleA.jpg,data/backup_train_synth_photoize\stat\1051_coupleA.jpg
data/kyc\train\stat\1052_coupleB.jpg,data/backup_train_synth_photoize\stat\1052_coupleB.jpg
data/kyc\train\stat\1053_coupleB.jpg,data/backup_train_synth_photoize\stat\1053_coupleB.jpg
data/kyc\train\stat\1054_coupleB.jpg,data/backup_train_synth_photoize\stat\1054_coupleB.jpg
data/kyc\train\stat\1055_coupleB.jpg,data/backup_train_synth_photoize\stat\1055_coupleB.jpg
data/kyc\train\stat\1056_coupleB.jpg,data/backup_train_synth_photoize\stat\1056_coupleB.jpg
data/kyc\train\stat\1057_coupleA.jpg,data/backup_train_synth_photoize\stat\1057_coupleA.jpg
data/kyc\train\stat\1058_coupleB.jpg,data/backup_train_synth_photoize\stat\1058_coupleB.jpg
data/kyc\train\stat\1059_coupleA.jpg,data/backup_train_synth_photoize\stat\1059_coupleA.jpg
data/kyc\train\stat\1060_coupleB.jpg,data/backup_train_synth_photoize\stat\1060_coupleB.jpg
data/kyc\train\stat\1061_coupleB.jpg,data/backup_train_synth_photoize\stat\1061_coupleB.jpg
data/kyc\train\stat\1062_coupleB.jpg,data/backup_train_synth_photoize\stat\1062_coupleB.jpg
data/kyc\train\stat\1063_coupleB.jpg,data/backup_train_synth_photoize\stat\1063_coupleB.jpg
data/kyc\train\stat\1064_coupleA.jpg,data/backup_train_synth_photoize\stat\1064_coupleA.jpg
data/kyc\train\stat\1065_coupleA.jpg,data/backup_train_synth_photoize\stat\1065_coupleA.jpg
data/kyc\train\stat\1066_coupleA.jpg,data/backup_train_synth_photoize\stat\1066_coupleA.jpg
data/kyc\train\stat\1067_coupleA.jpg,data/backup_train_synth_photoize\stat\1067_coupleA.jpg
data/kyc\train\stat\1068_coupleB.jpg,data/backup_train_synth_photoize\stat\1068_coupleB.jpg
data/kyc\train\stat\1069_coupleB.jpg,data/backup_train_synth_photoize\stat\1069_coupleB.jpg
data/kyc\train\stat\1070_coupleB.jpg,data/backup_train_synth_photoize\stat\1070_coupleB.jpg
data/kyc\train\stat\1071_coupleA.jpg,data/backup_train_synth_photoize\stat\1071_coupleA.jpg
data/kyc\train\stat\1072_coupleA.jpg,data/backup_train_synth_photoize\stat\1072_coupleA.jpg
data/kyc\train\stat\1073_coupleB.jpg,data/backup_train_synth_photoize\stat\1073_coupleB.jpg
data/kyc\train\stat\1074_coupleB.jpg,data/backup_train_synth_photoize\stat\1074_coupleB.jpg
data/kyc\train\stat\1075_coupleA.jpg,data/backup_train_synth_photoize\stat\1075_coupleA.jpg
data/kyc\train\stat\1076_coupleA.jpg,data/backup_train_synth_photoize\stat\1076_coupleA.jpg
data/kyc\train\stat\1077_coupleA.jpg,data/backup_train_synth_photoize\stat\1077_coupleA.jpg
data/kyc\train\stat\1078_coupleB.jpg,data/backup_train_synth_photoize\stat\1078_coupleB.jpg
data/kyc\train\stat\1079_coupleB.jpg,data/backup_train_synth_photoize\stat\1079_coupleB.jpg
data/kyc\train\stat\1080_coupleB.jpg,data/backup_train_synth_photoize\stat\1080_coupleB.jpg
data/kyc\train\stat\1081_coupleA.jpg,data/backup_train_synth_photoize\stat\1081_coupleA.jpg
data/kyc\train\stat\1082_coupleA.jpg,data/backup_train_synth_photoize\stat\1082_coupleA.jpg
data/kyc\train\stat\1083_coupleA.jpg,data/backup_train_synth_photoize\stat\1083_coupleA.jpg
data/kyc\train\stat\1084_coupleA.jpg,data/backup_train_synth_photoize\stat\1084_coupleA.jpg
data/kyc\train\stat\1085_coupleB.jpg,data/backup_train_synth_photoize\stat\1085_coupleB.jpg
data/kyc\train\stat\1086_coupleB.jpg,data/backup_train_synth_photoize\stat\1086_coupleB.jpg
data/kyc\train\stat\1087_coupleA.jpg,data/backup_train_synth_photoize\stat\1087_coupleA.jpg
data/kyc\train\stat\1088_coupleA.jpg,data/backup_train_synth_photoize\stat\1088_coupleA.jpg
data/kyc\train\stat\1089_coupleA.jpg,data/backup_train_synth_photoize\stat\1089_coupleA.jpg
data/kyc\train\stat\1090_coupleA.jpg,data/backup_train_synth_photoize\stat\1090_coupleA.jpg
data/kyc\train\stat\1091_coupleA.jpg,data/backup_train_synth_photoize\stat\1091_coupleA.jpg
data/kyc\train\stat\1092_coupleB.jpg,data/backup_train_synth_photoize\stat\1092_coupleB.jpg
data/kyc\train\stat\1093_coupleB.jpg,data/backup_train_synth_photoize\stat\1093_coupleB.jpg
data/kyc\train\stat\1094_coupleA.jpg,data/backup_train_synth_photoize\stat\1094_coupleA.jpg
data/kyc\train\stat\1095_coupleB.jpg,data/backup_train_synth_photoize\stat\1095_coupleB.jpg
data/kyc\train\stat\1096_coupleA.jpg,data/backup_train_synth_photoize\stat\1096_coupleA.jpg
data/kyc\train\stat\1097_coupleA.jpg,data/backup_train_synth_photoize\stat\1097_coupleA.jpg
data/kyc\train\stat\1098_coupleB.jpg,data/backup_train_synth_photoize\stat\1098_coupleB.jpg
data/kyc\train\stat\1099_coupleA.jpg,data/backup_train_synth_photoize\stat\1099_coupleA.jpg
data/kyc\train\stat\1100_coupleB.jpg,data/backup_train_synth_photoize\stat\1100_coupleB.jpg
data/kyc\train\stat\1101_coupleA.jpg,data/backup_train_synth_photoize\stat\1101_coupleA.jpg
data/kyc\train\stat\1102_coupleB.jpg,data/backup_train_synth_photoize\stat\1102_coupleB.jpg
data/kyc\train\stat\1103_coupleB.jpg,data/backup_train_synth_photoize\stat\1103_coupleB.jpg
data/kyc\train\stat\1104_coupleA.jpg,data/backup_train_synth_photoize\stat\1104_coupleA.jpg
data/kyc\train\stat\1105_coupleB.jpg,data/backup_train_synth_photoize\stat\1105_coupleB.jpg
data/kyc\train\stat\1106_coupleB.jpg,data/backup_train_synth_photoize\stat\1106_coupleB.jpg
data/kyc\train\stat\1107_coupleB.jpg,data/backup_train_synth_photoize\stat\1107_coupleB.jpg
data/kyc\train\stat\1108_coupleA.jpg,data/backup_train_synth_photoize\stat\1108_coupleA.jpg
data/kyc\train\stat\1109_coupleB.jpg,data/backup_train_synth_photoize\stat\1109_coupleB.jpg
data/kyc\train\stat\1110_coupleB.jpg,data/backup_train_synth_photoize\stat\1110_coupleB.jpg
data/kyc\train\stat\1111_coupleA.jpg,data/backup_train_synth_photoize\stat\1111_coupleA.jpg
data/kyc\train\stat\1112_coupleB.jpg,data/backup_train_synth_photoize\stat\1112_coupleB.jpg
data/kyc\train\stat\1113_coupleB.jpg,data/backup_train_synth_photoize\stat\1113_coupleB.jpg
data/kyc\train\stat\1114_coupleA.jpg,data/backup_train_synth_photoize\stat\1114_coupleA.jpg
data/kyc\train\stat\1115_coupleB.jpg,data/backup_train_synth_photoize\stat\1115_coupleB.jpg
data/kyc\train\stat\1116_coupleB.jpg,data/backup_train_synth_photoize\stat\1116_coupleB.jpg
data/kyc\train\stat\1117_coupleA.jpg,data/backup_train_synth_photoize\stat\1117_coupleA.jpg
data/kyc\train\stat\1118_coupleB.jpg,data/backup_train_synth_photoize\stat\1118_coupleB.jpg
data/kyc\train\stat\1119_coupleB.jpg,data/backup_train_synth_photoize\stat\1119_coupleB.jpg
data/kyc\train\stat\1120_coupleA.jpg,data/backup_train_synth_photoize\stat\1120_coupleA.jpg
data/kyc\train\stat\1121_coupleA.jpg,data/backup_train_synth_photoize\stat\1121_coupleA.jpg
data/kyc\train\stat\1122_coupleB.jpg,data/backup_train_synth_photoize\stat\1122_coupleB.jpg
data/kyc\train\stat\1123_coupleA.jpg,data/backup_train_synth_photoize\stat\1123_coupleA.jpg
data/kyc\train\stat\1124_coupleB.jpg,data/backup_train_synth_photoize\stat\1124_coupleB.jpg
data/kyc\train\stat\1125_coupleB.jpg,data/backup_train_synth_photoize\stat\1125_coupleB.jpg
data/kyc\train\stat\1126_coupleA.jpg,data/backup_train_synth_photoize\stat\1126_coupleA.jpg
data/kyc\train\stat\1127_coupleA.jpg,data/backup_train_synth_photoize\stat\1127_coupleA.jpg
data/kyc\train\stat\1128_coupleA.jpg,data/backup_train_synth_photoize\stat\1128_coupleA.jpg
data/kyc\train\stat\1129_coupleB.jpg,data/backup_train_synth_photoize\stat\1129_coupleB.jpg
data/kyc\train\stat\1130_coupleA.jpg,data/backup_train_synth_photoize\stat\1130_coupleA.jpg
data/kyc\train\stat\1131_coupleA.jpg,data/backup_train_synth_photoize\stat\1131_coupleA.jpg
data/kyc\train\stat\1132_coupleA.jpg,data/backup_train_synth_photoize\stat\1132_coupleA.jpg
data/kyc\train\stat\1133_coupleB.jpg,data/backup_train_synth_photoize\stat\1133_coupleB.jpg
data/kyc\train\stat\1134_coupleA.jpg,data/backup_train_synth_photoize\stat\1134_coupleA.jpg
data/kyc\train\stat\1135_coupleB.jpg,data/backup_train_synth_photoize\stat\1135_coupleB.jpg
data/kyc\train\stat\1136_coupleB.jpg,data/backup_train_synth_photoize\stat\1136_coupleB.jpg
data/kyc\train\stat\1137_coupleB.jpg,data/backup_train_synth_photoize\stat\1137_coupleB.jpg
data/kyc\train\stat\1138_coupleA.jpg,data/backup_train_synth_photoize\stat\1138_coupleA.jpg
data/kyc\train\stat\1139_coupleA.jpg,data/backup_train_synth_photoize\stat\1139_coupleA.jpg
data/kyc\train\stat\1140_coupleA.jpg,data/backup_train_synth_photoize\stat\1140_coupleA.jpg
data/kyc\train\stat\1141_coupleA.jpg,data/backup_train_synth_photoize\stat\1141_coupleA.jpg
data/kyc\train\stat\1142_coupleA.jpg,data/backup_train_synth_photoize\stat\1142_coupleA.jpg
data/kyc\train\stat\1143_coupleB.jpg,data/backup_train_synth_photoize\stat\1143_coupleB.jpg
data/kyc\train\stat\1144_coupleB.jpg,data/backup_train_synth_photoize\stat\1144_coupleB.jpg
data/kyc\train\stat\1145_coupleB.jpg,data/backup_train_synth_photoize\stat\1145_coupleB.jpg
data/kyc\train\stat\1146_coupleA.jpg,data/backup_train_synth_photoize\stat\1146_coupleA.jpg
data/kyc\train\stat\1147_coupleA.jpg,data/backup_train_synth_photoize\stat\1147_coupleA.jpg
data/kyc\train\stat\1148_coupleA.jpg,data/backup_train_synth_photoize\stat\1148_coupleA.jpg
data/kyc\train\stat\1149_coupleB.jpg,data/backup_train_synth_photoize\stat\1149_coupleB.jpg
data/kyc\train\stat\1150_coupleB.jpg,data/backup_train_synth_photoize\stat\1150_coupleB.jpg
data/kyc\train\stat\1151_coupleA.jpg,data/backup_train_synth_photoize\stat\1151_coupleA.jpg
data/kyc\train\stat\1152_coupleA.jpg,data/backup_train_synth_photoize\stat\1152_coupleA.jpg
data/kyc\train\stat\1153_coupleB.jpg,data/backup_train_synth_photoize\stat\1153_coupleB.jpg
data/kyc\train\stat\1154_coupleA.jpg,data/backup_train_synth_photoize\stat\1154_coupleA.jpg
data/kyc\train\stat\1155_coupleB.jpg,data/backup_train_synth_photoize\stat\1155_coupleB.jpg
data/kyc\train\stat\1156_coupleB.jpg,data/backup_train_synth_photoize\stat\1156_coupleB.jpg
data/kyc\train\stat\1157_coupleB.jpg,data/backup_train_synth_photoize\stat\1157_coupleB.jpg
data/kyc\train\stat\1158_coupleA.jpg,data/backup_train_synth_photoize\stat\1158_coupleA.jpg
data/kyc\train\stat\1159_coupleA.jpg,data/backup_train_synth_photoize\stat\1159_coupleA.jpg
data/kyc\train\stat\1160_coupleB.jpg,data/backup_train_synth_photoize\stat\1160_coupleB.jpg
data/kyc\train\stat\1161_coupleA.jpg,data/backup_train_synth_photoize\stat\1161_coupleA.jpg
data/kyc\train\stat\1162_coupleA.jpg,data/backup_train_synth_photoize\stat\1162_coupleA.jpg
data/kyc\train\stat\1163_coupleB.jpg,data/backup_train_synth_photoize\stat\1163_coupleB.jpg
data/kyc\train\stat\1164_coupleA.jpg,data/backup_train_synth_photoize\stat\1164_coupleA.jpg
data/kyc\train\stat\1165_coupleB.jpg,data/backup_train_synth_photoize\stat\1165_coupleB.jpg
data/kyc\train\stat\1166_coupleB.jpg,data/backup_train_synth_photoize\stat\1166_coupleB.jpg
data/kyc\train\stat\1167_coupleB.jpg,data/backup_train_synth_photoize\stat\1167_coupleB.jpg
data/kyc\train\stat\1168_coupleA.jpg,data/backup_train_synth_photoize\stat\1168_coupleA.jpg
data/kyc\train\stat\1169_coupleB.jpg,data/backup_train_synth_photoize\stat\1169_coupleB.jpg
data/kyc\train\stat\1170_coupleB.jpg,data/backup_train_synth_photoize\stat\1170_coupleB.jpg
data/kyc\train\stat\1171_coupleB.jpg,data/backup_train_synth_photoize\stat\1171_coupleB.jpg
data/kyc\train\stat\1172_coupleA.jpg,data/backup_train_synth_photoize\stat\1172_coupleA.jpg
data/kyc\train\stat\1173_coupleB.jpg,data/backup_train_synth_photoize\stat\1173_coupleB.jpg
data/kyc\train\stat\1174_coupleA.jpg,data/backup_train_synth_photoize\stat\1174_coupleA.jpg
data/kyc\train\stat\1175_coupleA.jpg,data/backup_train_synth_photoize\stat\1175_coupleA.jpg
data/kyc\train\stat\1176_coupleB.jpg,data/backup_train_synth_photoize\stat\1176_coupleB.jpg
data/kyc\train\stat\1177_coupleA.jpg,data/backup_train_synth_photoize\stat\1177_coupleA.jpg
data/kyc\train\stat\1178_coupleB.jpg,data/backup_train_synth_photoize\stat\1178_coupleB.jpg
data/kyc\train\stat\1179_coupleB.jpg,data/backup_train_synth_photoize\stat\1179_coupleB.jpg
data/kyc\train\stat\1180_coupleB.jpg,data/backup_train_synth_photoize\stat\1180_coupleB.jpg
data/kyc\train\stat\1181_coupleB.jpg,data/backup_train_synth_photoize\stat\1181_coupleB.jpg
data/kyc\train\stat\1182_coupleB.jpg,data/backup_train_synth_photoize\stat\1182_coupleB.jpg
data/kyc\train\stat\1183_coupleA.jpg,data/backup_train_synth_photoize\stat\1183_coupleA.jpg
data/kyc\train\stat\1184_coupleA.jpg,data/backup_train_synth_photoize\stat\1184_coupleA.jpg
data/kyc\train\stat\1185_coupleB.jpg,data/backup_train_synth_photoize\stat\1185_coupleB.jpg
data/kyc\train\stat\1186_coupleB.jpg,data/backup_train_synth_photoize\stat\1186_coupleB.jpg
data/kyc\train\stat\1187_coupleB.jpg,data/backup_train_synth_photoize\stat\1187_coupleB.jpg
data/kyc\train\stat\1188_coupleA.jpg,data/backup_train_synth_photoize\stat\1188_coupleA.jpg
data/kyc\train\stat\1189_coupleA.jpg,data/backup_train_synth_photoize\stat\1189_coupleA.jpg
data/kyc\train\stat\1190_coupleA.jpg,data/backup_train_synth_photoize\stat\1190_coupleA.jpg
data/kyc\train\stat\1191_coupleB.jpg,data/backup_train_synth_photoize\stat\1191_coupleB.jpg
data/kyc\train\stat\1192_coupleA.jpg,data/backup_train_synth_photoize\stat\1192_coupleA.jpg
data/kyc\train\stat\1193_coupleA.jpg,data/backup_train_synth_photoize\stat\1193_coupleA.jpg
data/kyc\train\stat\1194_coupleA.jpg,data/backup_train_synth_photoize\stat\1194_coupleA.jpg
data/kyc\train\stat\1195_coupleB.jpg,data/backup_train_synth_photoize\stat\1195_coupleB.jpg
data/kyc\train\stat\1196_coupleB.jpg,data/backup_train_synth_photoize\stat\1196_coupleB.jpg
data/kyc\train\stat\1197_coupleA.jpg,data/backup_train_synth_photoize\stat\1197_coupleA.jpg
data/kyc\train\stat\1198_coupleA.jpg,data/backup_train_synth_photoize\stat\1198_coupleA.jpg
data/kyc\train\stat\1199_coupleB.jpg,data/backup_train_synth_photoize\stat\1199_coupleB.jpg
data/kyc\train\residence\0000_A4_residence-4_patched.jpg,data/backup_train_synth_photoize\residence\0000_A4_residence-4_patched.jpg
data/kyc\train\residence\0000_demi_residence-29_patched.jpg,data/backup_train_synth_photoize\residence\0000_demi_residence-29_patched.jpg
data/kyc\train\residence\0001_A4_residence-24_redacted.jpg,data/backup_train_synth_photoize\residence\0001_A4_residence-24_redacted.jpg
data/kyc\train\residence\0001_demi_residence-32_redacted.jpg,data/backup_train_synth_photoize\residence\0001_demi_residence-32_redacted.jpg
data/kyc\train\residence\0002_A4_residence-5_redacted.jpg,data/backup_train_synth_photoize\residence\0002_A4_residence-5_redacted.jpg
data/kyc\train\residence\0002_demi_residence-0_redacted.jpg,data/backup_train_synth_photoize\residence\0002_demi_residence-0_redacted.jpg
data/kyc\train\residence\0003_A4_residence-35_patched.jpg,data/backup_train_synth_photoize\residence\0003_A4_residence-35_patched.jpg
data/kyc\train\residence\0003_demi_residence-20_patched.jpg,data/backup_train_synth_photoize\residence\0003_demi_residence-20_patched.jpg
data/kyc\train\residence\0004_A4_1.jpg,data/backup_train_synth_photoize\residence\0004_A4_1.jpg
data/kyc\train\residence\0004_demi_Screenshot_2026-09-25_20.jpg,data/backup_train_synth_photoize\residence\0004_demi_Screenshot_2026-09-25_20.jpg
data/kyc\train\residence\0005_A4_residence-35_redacted.jpg,data/backup_train_synth_photoize\residence\0005_A4_residence-35_redacted.jpg
data/kyc\train\residence\0005_demi_residence-0_patched.jpg,data/backup_train_synth_photoize\residence\0005_demi_residence-0_patched.jpg
data/kyc\train\residence\0006_A4_1_2_.jpg,data/backup_train_synth_photoize\residence\0006_A4_1_2_.jpg
data/kyc\train\residence\0006_demi_residence-23_patched.jpg,data/backup_train_synth_photoize\residence\0006_demi_residence-23_patched.jpg
data/kyc\train\residence\0007_A4_1_2_.jpg,data/backup_train_synth_photoize\residence\0007_A4_1_2_.jpg
data/kyc\train\residence\0007_demi_residence-0_patched.jpg,data/backup_train_synth_photoize\residence\0007_demi_residence-0_patched.jpg
data/kyc\train\residence\0008_A4_residence-15_patched.jpg,data/backup_train_synth_photoize\residence\0008_A4_residence-15_patched.jpg
data/kyc\train\residence\0008_demi_residence-6_patched.jpg,data/backup_train_synth_photoize\residence\0008_demi_residence-6_patched.jpg
data/kyc\train\residence\0009_A4_residence-21_patched.jpg,data/backup_train_synth_photoize\residence\0009_A4_residence-21_patched.jpg
data/kyc\train\residence\0009_demi_residence-29_redacted.jpg,data/backup_train_synth_photoize\residence\0009_demi_residence-29_redacted.jpg
data/kyc\train\residence\0010_A4_residence-8_patched.jpg,data/backup_train_synth_photoize\residence\0010_A4_residence-8_patched.jpg
data/kyc\train\residence\0010_demi_residence-22_patched.jpg,data/backup_train_synth_photoize\residence\0010_demi_residence-22_patched.jpg
data/kyc\train\residence\0011_A4_residence-28_redacted.jpg,data/backup_train_synth_photoize\residence\0011_A4_residence-28_redacted.jpg
data/kyc\train\residence\0011_demi_residence-32_redacted.jpg,data/backup_train_synth_photoize\residence\0011_demi_residence-32_redacted.jpg
data/kyc\train\residence\0012_A4_1_1_.jpg,data/backup_train_synth_photoize\residence\0012_A4_1_1_.jpg
data/kyc\train\residence\0012_demi_residence-6_patched.jpg,data/backup_train_synth_photoize\residence\0012_demi_residence-6_patched.jpg
data/kyc\train\residence\0013_A4_residence-34_patched.jpg,data/backup_train_synth_photoize\residence\0013_A4_residence-34_patched.jpg
data/kyc\train\residence\0013_demi_residence-7_redacted.jpg,data/backup_train_synth_photoize\residence\0013_demi_residence-7_redacted.jpg
data/kyc\train\residence\0014_A4_1_1_.jpg,data/backup_train_synth_photoize\residence\0014_A4_1_1_.jpg
data/kyc\train\residence\0014_demi_residence-10_patched.jpg,data/backup_train_synth_photoize\residence\0014_demi_residence-10_patched.jpg
data/kyc\train\residence\0015_A4_residence-9_patched.jpg,data/backup_train_synth_photoize\residence\0015_A4_residence-9_patched.jpg
data/kyc\train\residence\0015_demi_residence-27_redacted.jpg,data/backup_train_synth_photoize\residence\0015_demi_residence-27_redacted.jpg
data/kyc\train\residence\0016_A4_1_2_.jpg,data/backup_train_synth_photoize\residence\0016_A4_1_2_.jpg
data/kyc\train\residence\0016_demi_residence-0_redacted.jpg,data/backup_train_synth_photoize\residence\0016_demi_residence-0_redacted.jpg
data/kyc\train\residence\0017_A4_residence-35_patched.jpg,data/backup_train_synth_photoize\residence\0017_A4_residence-35_patched.jpg
data/kyc\train\residence\0017_demi_residence-7_patched.jpg,data/backup_train_synth_photoize\residence\0017_demi_residence-7_patched.jpg
data/kyc\train\residence\0018_A4_residence-2_redacted.jpg,data/backup_train_synth_photoize\residence\0018_A4_residence-2_redacted.jpg
data/kyc\train\residence\0018_demi_residence-32_redacted.jpg,data/backup_train_synth_photoize\residence\0018_demi_residence-32_redacted.jpg
data/kyc\train\residence\0019_A4_1.jpg,data/backup_train_synth_photoize\residence\0019_A4_1.jpg
data/kyc\train\residence\0019_demi_residence-23_patched.jpg,data/backup_train_synth_photoize\residence\0019_demi_residence-23_patched.jpg
data/kyc\train\residence\0020_A4_residence-2_redacted.jpg,data/backup_train_synth_photoize\residence\0020_A4_residence-2_redacted.jpg
data/kyc\train\residence\0020_demi_residence-10_redacted.jpg,data/backup_train_synth_photoize\residence\0020_demi_residence-10_redacted.jpg
data/kyc\train\residence\0021_A4_residence-8_patched.jpg,data/backup_train_synth_photoize\residence\0021_A4_residence-8_patched.jpg
data/kyc\train\residence\0021_demi_Screenshot_2026-09-25_20.jpg,data/backup_train_synth_photoize\residence\0021_demi_Screenshot_2026-09-25_20.jpg
data/kyc\train\residence\0022_A4_residence-5_redacted.jpg,data/backup_train_synth_photoize\residence\0022_A4_residence-5_redacted.jpg
data/kyc\train\residence\0022_demi_residence-10_redacted.jpg,data/backup_train_synth_photoize\residence\0022_demi_residence-10_redacted.jpg
data/kyc\train\residence\0023_A4_residence-34_redacted.jpg,data/backup_train_synth_photoize\residence\0023_A4_residence-34_redacted.jpg
data/kyc\train\residence\0023_demi_Screenshot_2026-09-25_20.jpg,data/backup_train_synth_photoize\residence\0023_demi_Screenshot_2026-09-25_20.jpg
data/kyc\train\residence\0024_A4_residence-15_redacted.jpg,data/backup_train_synth_photoize\residence\0024_A4_residence-15_redacted.jpg
data/kyc\train\residence\0024_demi_residence-7_patched.jpg,data/backup_train_synth_photoize\residence\0024_demi_residence-7_patched.jpg
data/kyc\train\residence\0025_A4_residence-24_redacted.jpg,data/backup_train_synth_photoize\residence\0025_A4_residence-24_redacted.jpg
data/kyc\train\residence\0025_demi_residence-32_redacted.jpg,data/backup_train_synth_photoize\residence\0025_demi_residence-32_redacted.jpg
data/kyc\train\residence\0026_A4_residence-8_redacted.jpg,data/backup_train_synth_photoize\residence\0026_A4_residence-8_redacted.jpg
data/kyc\train\residence\0026_demi_residence-7_patched.jpg,data/backup_train_synth_photoize\residence\0026_demi_residence-7_patched.jpg
data/kyc\train\residence\0027_A4_residence-15_patched.jpg,data/backup_train_synth_photoize\residence\0027_A4_residence-15_patched.jpg
data/kyc\train\residence\0027_demi_Screenshot_2026-09-25_20.jpg,data/backup_train_synth_photoize\residence\0027_demi_Screenshot_2026-09-25_20.jpg
data/kyc\train\residence\0028_A4_residence-9_patched.jpg,data/backup_train_synth_photoize\residence\0028_A4_residence-9_patched.jpg
data/kyc\train\residence\0028_demi_residence-27_patched.jpg,data/backup_train_synth_photoize\residence\0028_demi_residence-27_patched.jpg
data/kyc\train\residence\0029_A4_residence-21_redacted.jpg,data/backup_train_synth_photoize\residence\0029_A4_residence-21_redacted.jpg
data/kyc\train\residence\0030_A4_residence-2_redacted.jpg,data/backup_train_synth_photoize\residence\0030_A4_residence-2_redacted.jpg
data/kyc\train\residence\0030_demi_residence-6_patched.jpg,data/backup_train_synth_photoize\residence\0030_demi_residence-6_patched.jpg
data/kyc\train\residence\0031_A4_1.jpg,data/backup_train_synth_photoize\residence\0031_A4_1.jpg
data/kyc\train\residence\0031_demi_residence-27_patched.jpg,data/backup_train_synth_photoize\residence\0031_demi_residence-27_patched.jpg
data/kyc\train\residence\0032_A4_residence-33_patched.jpg,data/backup_train_synth_photoize\residence\0032_A4_residence-33_patched.jpg
data/kyc\train\residence\0032_demi_residence-30_patched.jpg,data/backup_train_synth_photoize\residence\0032_demi_residence-30_patched.jpg
data/kyc\train\residence\0033_A4_residence-21_patched.jpg,data/backup_train_synth_photoize\residence\0033_A4_residence-21_patched.jpg
data/kyc\train\residence\0033_demi_residence-32_redacted.jpg,data/backup_train_synth_photoize\residence\0033_demi_residence-32_redacted.jpg
data/kyc\train\residence\0034_A4_1_2_.jpg,data/backup_train_synth_photoize\residence\0034_A4_1_2_.jpg
data/kyc\train\residence\0034_demi_residence-27_redacted.jpg,data/backup_train_synth_photoize\residence\0034_demi_residence-27_redacted.jpg
data/kyc\train\residence\0035_A4_residence-4_patched.jpg,data/backup_train_synth_photoize\residence\0035_A4_residence-4_patched.jpg
data/kyc\train\residence\0035_demi_residence-27_patched.jpg,data/backup_train_synth_photoize\residence\0035_demi_residence-27_patched.jpg
data/kyc\train\residence\0036_A4_residence-8_patched.jpg,data/backup_train_synth_photoize\residence\0036_A4_residence-8_patched.jpg
data/kyc\train\residence\0036_demi_residence-23_patched.jpg,data/backup_train_synth_photoize\residence\0036_demi_residence-23_patched.jpg
data/kyc\train\residence\0037_A4_residence-15_redacted.jpg,data/backup_train_synth_photoize\residence\0037_A4_residence-15_redacted.jpg
data/kyc\train\residence\0037_demi_residence-0_patched.jpg,data/backup_train_synth_photoize\residence\0037_demi_residence-0_patched.jpg
data/kyc\train\residence\0038_A4_1.jpg,data/backup_train_synth_photoize\residence\0038_A4_1.jpg
data/kyc\train\residence\0038_demi_residence-30_patched.jpg,data/backup_train_synth_photoize\residence\0038_demi_residence-30_patched.jpg
data/kyc\train\residence\0039_A4_residence-34_redacted.jpg,data/backup_train_synth_photoize\residence\0039_A4_residence-34_redacted.jpg
data/kyc\train\residence\0039_demi_residence-27_redacted.jpg,data/backup_train_synth_photoize\residence\0039_demi_residence-27_redacted.jpg
data/kyc\train\residence\0040_A4_residence-5_patched.jpg,data/backup_train_synth_photoize\residence\0040_A4_residence-5_patched.jpg
data/kyc\train\residence\0040_demi_residence-27_patched.jpg,data/backup_train_synth_photoize\residence\0040_demi_residence-27_patched.jpg
data/kyc\train\residence\0041_A4_residence-15_patched.jpg,data/backup_train_synth_photoize\residence\0041_A4_residence-15_patched.jpg
data/kyc\train\residence\0041_demi_residence-10_redacted.jpg,data/backup_train_synth_photoize\residence\0041_demi_residence-10_redacted.jpg
data/kyc\train\residence\0042_A4_residence-4_patched.jpg,data/backup_train_synth_photoize\residence\0042_A4_residence-4_patched.jpg
data/kyc\train\residence\0042_demi_residence-29_redacted.jpg,data/backup_train_synth_photoize\residence\0042_demi_residence-29_redacted.jpg
data/kyc\train\residence\0043_A4_residence-35_patched.jpg,data/backup_train_synth_photoize\residence\0043_A4_residence-35_patched.jpg
data/kyc\train\residence\0043_demi_residence-32_patched.jpg,data/backup_train_synth_photoize\residence\0043_demi_residence-32_patched.jpg
data/kyc\train\residence\0044_A4_1_1_.jpg,data/backup_train_synth_photoize\residence\0044_A4_1_1_.jpg
data/kyc\train\residence\0044_demi_residence-30_patched.jpg,data/backup_train_synth_photoize\residence\0044_demi_residence-30_patched.jpg
data/kyc\train\residence\0045_A4_residence-34_patched.jpg,data/backup_train_synth_photoize\residence\0045_A4_residence-34_patched.jpg
data/kyc\train\residence\0045_demi_residence-6_redacted.jpg,data/backup_train_synth_photoize\residence\0045_demi_residence-6_redacted.jpg
data/kyc\train\residence\0046_A4_residence-34_redacted.jpg,data/backup_train_synth_photoize\residence\0046_A4_residence-34_redacted.jpg
data/kyc\train\residence\0046_demi_residence-32_patched.jpg,data/backup_train_synth_photoize\residence\0046_demi_residence-32_patched.jpg
data/kyc\train\residence\0047_A4_residence-8_patched.jpg,data/backup_train_synth_photoize\residence\0047_A4_residence-8_patched.jpg
data/kyc\train\residence\0047_demi_residence-0_redacted.jpg,data/backup_train_synth_photoize\residence\0047_demi_residence-0_redacted.jpg
data/kyc\train\residence\0048_A4_residence-24_patched.jpg,data/backup_train_synth_photoize\residence\0048_A4_residence-24_patched.jpg
data/kyc\train\residence\0048_demi_residence-7_redacted.jpg,data/backup_train_synth_photoize\residence\0048_demi_residence-7_redacted.jpg
data/kyc\train\residence\0049_A4_residence-28_redacted.jpg,data/backup_train_synth_photoize\residence\0049_A4_residence-28_redacted.jpg
data/kyc\train\residence\0049_demi_residence-20_patched.jpg,data/backup_train_synth_photoize\residence\0049_demi_residence-20_patched.jpg
data/kyc\train\residence\0050_A4_residence-33_redacted.jpg,data/backup_train_synth_photoize\residence\0050_A4_residence-33_redacted.jpg
data/kyc\train\residence\0050_demi_residence-20_patched.jpg,data/backup_train_synth_photoize\residence\0050_demi_residence-20_patched.jpg
data/kyc\train\residence\0051_A4_1.jpg,data/backup_train_synth_photoize\residence\0051_A4_1.jpg
data/kyc\train\residence\0051_demi_residence-27_patched.jpg,data/backup_train_synth_photoize\residence\0051_demi_residence-27_patched.jpg
data/kyc\train\residence\0052_A4_residence-21_patched.jpg,data/backup_train_synth_photoize\residence\0052_A4_residence-21_patched.jpg
data/kyc\train\residence\0052_demi_residence-0_patched.jpg,data/backup_train_synth_photoize\residence\0052_demi_residence-0_patched.jpg
data/kyc\train\residence\0053_A4_1_1_.jpg,data/backup_train_synth_photoize\residence\0053_A4_1_1_.jpg
data/kyc\train\residence\0053_demi_residence-7_redacted.jpg,data/backup_train_synth_photoize\residence\0053_demi_residence-7_redacted.jpg
data/kyc\train\residence\0054_A4_residence-8_patched.jpg,data/backup_train_synth_photoize\residence\0054_A4_residence-8_patched.jpg
data/kyc\train\residence\0054_demi_residence-10_patched.jpg,data/backup_train_synth_photoize\residence\0054_demi_residence-10_patched.jpg
data/kyc\train\residence\0055_A4_residence-2_redacted.jpg,data/backup_train_synth_photoize\residence\0055_A4_residence-2_redacted.jpg
data/kyc\train\residence\0055_demi_Screenshot_2026-09-25_20.jpg,data/backup_train_synth_photoize\residence\0055_demi_Screenshot_2026-09-25_20.jpg
data/kyc\train\residence\0056_A4_residence-35_redacted.jpg,data/backup_train_synth_photoize\residence\0056_A4_residence-35_redacted.jpg
data/kyc\train\residence\0056_demi_residence-27_redacted.jpg,data/backup_train_synth_photoize\residence\0056_demi_residence-27_redacted.jpg
data/kyc\train\residence\0057_A4_residence-21_patched.jpg,data/backup_train_synth_photoize\residence\0057_A4_residence-21_patched.jpg
data/kyc\train\residence\0057_demi_Screenshot_2026-09-25_20.jpg,data/backup_train_synth_photoize\residence\0057_demi_Screenshot_2026-09-25_20.jpg
data/kyc\train\residence\0058_A4_residence-34_redacted.jpg,data/backup_train_synth_photoize\residence\0058_A4_residence-34_redacted.jpg
data/kyc\train\residence\0058_demi_residence-0_patched.jpg,data/backup_train_synth_photoize\residence\0058_demi_residence-0_patched.jpg
data/kyc\train\residence\0059_A4_1_1_.jpg,data/backup_train_synth_photoize\residence\0059_A4_1_1_.jpg
data/kyc\train\residence\0059_demi_residence-6_redacted.jpg,data/backup_train_synth_photoize\residence\0059_demi_residence-6_redacted.jpg
data/kyc\train\residence\0060_A4_residence-15_patched.jpg,data/backup_train_synth_photoize\residence\0060_A4_residence-15_patched.jpg
data/kyc\train\residence\0060_demi_residence-22_patched.jpg,data/backup_train_synth_photoize\residence\0060_demi_residence-22_patched.jpg
data/kyc\train\residence\0061_A4_residence-4_patched.jpg,data/backup_train_synth_photoize\residence\0061_A4_residence-4_patched.jpg
data/kyc\train\residence\0061_demi_Screenshot_2026-09-25_20.jpg,data/backup_train_synth_photoize\residence\0061_demi_Screenshot_2026-09-25_20.jpg
data/kyc\train\residence\0062_A4_residence-33_redacted.jpg,data/backup_train_synth_photoize\residence\0062_A4_residence-33_redacted.jpg
data/kyc\train\residence\0062_demi_images.jpg,data/backup_train_synth_photoize\residence\0062_demi_images.jpg
data/kyc\train\residence\0063_A4_residence-21_patched.jpg,data/backup_train_synth_photoize\residence\0063_A4_residence-21_patched.jpg
data/kyc\train\residence\0063_demi_residence-30_redacted.jpg,data/backup_train_synth_photoize\residence\0063_demi_residence-30_redacted.jpg
data/kyc\train\residence\0064_A4_1.jpg,data/backup_train_synth_photoize\residence\0064_A4_1.jpg
data/kyc\train\residence\0064_demi_residence-10_patched.jpg,data/backup_train_synth_photoize\residence\0064_demi_residence-10_patched.jpg
data/kyc\train\residence\0065_A4_residence-15_redacted.jpg,data/backup_train_synth_photoize\residence\0065_A4_residence-15_redacted.jpg
data/kyc\train\residence\0065_demi_residence-32_patched.jpg,data/backup_train_synth_photoize\residence\0065_demi_residence-32_patched.jpg
data/kyc\train\residence\0066_A4_residence-33_patched.jpg,data/backup_train_synth_photoize\residence\0066_A4_residence-33_patched.jpg
data/kyc\train\residence\0066_demi_residence-23_patched.jpg,data/backup_train_synth_photoize\residence\0066_demi_residence-23_patched.jpg
data/kyc\train\residence\0067_A4_1_1_.jpg,data/backup_train_synth_photoize\residence\0067_A4_1_1_.jpg
data/kyc\train\residence\0067_demi_residence-20_patched.jpg,data/backup_train_synth_photoize\residence\0067_demi_residence-20_patched.jpg
data/kyc\train\residence\0068_A4_residence-21_redacted.jpg,data/backup_train_synth_photoize\residence\0068_A4_residence-21_redacted.jpg
data/kyc\train\residence\0068_demi_residence-30_redacted.jpg,data/backup_train_synth_photoize\residence\0068_demi_residence-30_redacted.jpg
data/kyc\train\residence\0069_A4_residence-8_patched.jpg,data/backup_train_synth_photoize\residence\0069_A4_residence-8_patched.jpg
data/kyc\train\residence\0069_demi_residence-0_patched.jpg,data/backup_train_synth_photoize\residence\0069_demi_residence-0_patched.jpg
data/kyc\train\residence\0070_A4_residence-5_redacted.jpg,data/backup_train_synth_photoize\residence\0070_A4_residence-5_redacted.jpg
data/kyc\train\residence\0070_demi_residence-30_patched.jpg,data/backup_train_synth_photoize\residence\0070_demi_residence-30_patched.jpg
data/kyc\train\residence\0071_A4_residence-5_patched.jpg,data/backup_train_synth_photoize\residence\0071_A4_residence-5_patched.jpg
data/kyc\train\residence\0071_demi_residence-0_patched.jpg,data/backup_train_synth_photoize\residence\0071_demi_residence-0_patched.jpg
data/kyc\train\residence\0072_A4_residence-28_redacted.jpg,data/backup_train_synth_photoize\residence\0072_A4_residence-28_redacted.jpg
data/kyc\train\residence\0072_demi_residence-10_patched.jpg,data/backup_train_synth_photoize\residence\0072_demi_residence-10_patched.jpg
data/kyc\train\residence\0073_A4_residence-33_patched.jpg,data/backup_train_synth_photoize\residence\0073_A4_residence-33_patched.jpg
data/kyc\train\residence\0073_demi_residence-10_redacted.jpg,data/backup_train_synth_photoize\residence\0073_demi_residence-10_redacted.jpg
data/kyc\train\residence\0074_A4_residence-8_redacted.jpg,data/backup_train_synth_photoize\residence\0074_A4_residence-8_redacted.jpg
data/kyc\train\residence\0074_demi_residence-10_patched.jpg,data/backup_train_synth_photoize\residence\0074_demi_residence-10_patched.jpg
data/kyc\train\residence\0075_A4_residence-8_patched.jpg,data/backup_train_synth_photoize\residence\0075_A4_residence-8_patched.jpg
data/kyc\train\residence\0075_demi_residence-10_patched.jpg,data/backup_train_synth_photoize\residence\0075_demi_residence-10_patched.jpg
data/kyc\train\residence\0076_A4_residence-15_redacted.jpg,data/backup_train_synth_photoize\residence\0076_A4_residence-15_redacted.jpg
data/kyc\train\residence\0076_demi_residence-29_patched.jpg,data/backup_train_synth_photoize\residence\0076_demi_residence-29_patched.jpg
data/kyc\train\residence\0077_A4_residence-8_patched.jpg,data/backup_train_synth_photoize\residence\0077_A4_residence-8_patched.jpg
data/kyc\train\residence\0077_demi_residence-27_redacted.jpg,data/backup_train_synth_photoize\residence\0077_demi_residence-27_redacted.jpg
data/kyc\train\residence\0078_A4_1_2_.jpg,data/backup_train_synth_photoize\residence\0078_A4_1_2_.jpg
data/kyc\train\residence\0078_demi_residence-32_patched.jpg,data/backup_train_synth_photoize\residence\0078_demi_residence-32_patched.jpg
data/kyc\train\residence\0079_A4_residence-34_patched.jpg,data/backup_train_synth_photoize\residence\0079_A4_residence-34_patched.jpg
data/kyc\train\residence\0079_demi_residence-22_patched.jpg,data/backup_train_synth_photoize\residence\0079_demi_residence-22_patched.jpg
data/kyc\train\residence\0080_A4_residence-34_redacted.jpg,data/backup_train_synth_photoize\residence\0080_A4_residence-34_redacted.jpg
data/kyc\train\residence\0080_demi_residence-0_patched.jpg,data/backup_train_synth_photoize\residence\0080_demi_residence-0_patched.jpg
data/kyc\train\residence\0081_A4_residence-24_redacted.jpg,data/backup_train_synth_photoize\residence\0081_A4_residence-24_redacted.jpg
data/kyc\train\residence\0081_demi_residence-0_patched.jpg,data/backup_train_synth_photoize\residence\0081_demi_residence-0_patched.jpg
data/kyc\train\residence\0082_A4_1_2_.jpg,data/backup_train_synth_photoize\residence\0082_A4_1_2_.jpg
data/kyc\train\residence\0082_demi_residence-20_patched.jpg,data/backup_train_synth_photoize\residence\0082_demi_residence-20_patched.jpg
data/kyc\train\residence\0083_A4_1_1_.jpg,data/backup_train_synth_photoize\residence\0083_A4_1_1_.jpg
data/kyc\train\residence\0083_demi_residence-30_redacted.jpg,data/backup_train_synth_photoize\residence\0083_demi_residence-30_redacted.jpg
data/kyc\train\residence\0084_A4_residence-8_patched.jpg,data/backup_train_synth_photoize\residence\0084_A4_residence-8_patched.jpg
data/kyc\train\residence\0084_demi_residence-0_redacted.jpg,data/backup_train_synth_photoize\residence\0084_demi_residence-0_redacted.jpg
data/kyc\train\residence\0085_A4_residence-24_patched.jpg,data/backup_train_synth_photoize\residence\0085_A4_residence-24_patched.jpg
data/kyc\train\residence\0085_demi_residence-0_redacted.jpg,data/backup_train_synth_photoize\residence\0085_demi_residence-0_redacted.jpg
data/kyc\train\residence\0086_A4_residence-28_redacted.jpg,data/backup_train_synth_photoize\residence\0086_A4_residence-28_redacted.jpg
data/kyc\train\residence\0086_demi_residence-10_patched.jpg,data/backup_train_synth_photoize\residence\0086_demi_residence-10_patched.jpg
data/kyc\train\residence\0087_A4_residence-2_redacted.jpg,data/backup_train_synth_photoize\residence\0087_A4_residence-2_redacted.jpg
data/kyc\train\residence\0087_demi_residence-0_redacted.jpg,data/backup_train_synth_photoize\residence\0087_demi_residence-0_redacted.jpg
data/kyc\train\residence\0088_A4_residence-34_patched.jpg,data/backup_train_synth_photoize\residence\0088_A4_residence-34_patched.jpg
data/kyc\train\residence\0088_demi_residence-30_patched.jpg,data/backup_train_synth_photoize\residence\0088_demi_residence-30_patched.jpg
data/kyc\train\residence\0089_A4_residence-35_redacted.jpg,data/backup_train_synth_photoize\residence\0089_A4_residence-35_redacted.jpg
data/kyc\train\residence\0089_demi_images.jpg,data/backup_train_synth_photoize\residence\0089_demi_images.jpg
data/kyc\train\residence\0090_A4_residence-35_redacted.jpg,data/backup_train_synth_photoize\residence\0090_A4_residence-35_redacted.jpg
data/kyc\train\residence\0090_demi_images.jpg,data/backup_train_synth_photoize\residence\0090_demi_images.jpg
data/kyc\train\residence\0091_A4_residence-21_patched.jpg,data/backup_train_synth_photoize\residence\0091_A4_residence-21_patched.jpg
data/kyc\train\residence\0091_demi_residence-0_patched.jpg,data/backup_train_synth_photoize\residence\0091_demi_residence-0_patched.jpg
data/kyc\train\residence\0092_A4_1_1_.jpg,data/backup_train_synth_photoize\residence\0092_A4_1_1_.jpg
data/kyc\train\residence\0092_demi_residence-0_patched.jpg,data/backup_train_synth_photoize\residence\0092_demi_residence-0_patched.jpg
data/kyc\train\residence\0093_A4_residence-4_patched.jpg,data/backup_train_synth_photoize\residence\0093_A4_residence-4_patched.jpg
data/kyc\train\residence\0093_demi_residence-10_patched.jpg,data/backup_train_synth_photoize\residence\0093_demi_residence-10_patched.jpg
data/kyc\train\residence\0094_A4_1_1_.jpg,data/backup_train_synth_photoize\residence\0094_A4_1_1_.jpg
data/kyc\train\residence\0094_demi_residence-30_redacted.jpg,data/backup_train_synth_photoize\residence\0094_demi_residence-30_redacted.jpg
data/kyc\train\residence\0095_A4_residence-21_patched.jpg,data/backup_train_synth_photoize\residence\0095_A4_residence-21_patched.jpg
data/kyc\train\residence\0095_demi_residence-27_patched.jpg,data/backup_train_synth_photoize\residence\0095_demi_residence-27_patched.jpg
data/kyc\train\residence\0096_A4_residence-4_patched.jpg,data/backup_train_synth_photoize\residence\0096_A4_residence-4_patched.jpg
data/kyc\train\residence\0096_demi_images.jpg,data/backup_train_synth_photoize\residence\0096_demi_images.jpg
data/kyc\train\residence\0097_A4_residence-34_redacted.jpg,data/backup_train_synth_photoize\residence\0097_A4_residence-34_redacted.jpg
data/kyc\train\residence\0097_demi_residence-27_redacted.jpg,data/backup_train_synth_photoize\residence\0097_demi_residence-27_redacted.jpg
data/kyc\train\residence\0098_A4_residence-24_redacted.jpg,data/backup_train_synth_photoize\residence\0098_A4_residence-24_redacted.jpg
data/kyc\train\residence\0098_demi_residence-6_redacted.jpg,data/backup_train_synth_photoize\residence\0098_demi_residence-6_redacted.jpg
data/kyc\train\residence\0099_A4_residence-24_patched.jpg,data/backup_train_synth_photoize\residence\0099_A4_residence-24_patched.jpg
data/kyc\train\residence\0099_demi_residence-6_redacted.jpg,data/backup_train_synth_photoize\residence\0099_demi_residence-6_redacted.jpg
data/kyc\train\residence\0100_A4_residence-24_redacted.jpg,data/backup_train_synth_photoize\residence\0100_A4_residence-24_redacted.jpg
data/kyc\train\residence\0100_demi_residence-7_redacted.jpg,data/backup_train_synth_photoize\residence\0100_demi_residence-7_redacted.jpg
data/kyc\train\residence\0101_A4_residence-33_patched.jpg,data/backup_train_synth_photoize\residence\0101_A4_residence-33_patched.jpg
data/kyc\train\residence\0101_demi_residence-6_redacted.jpg,data/backup_train_synth_photoize\residence\0101_demi_residence-6_redacted.jpg
data/kyc\train\residence\0102_A4_residence-8_redacted.jpg,data/backup_train_synth_photoize\residence\0102_A4_residence-8_redacted.jpg
data/kyc\train\residence\0102_demi_residence-30_patched.jpg,data/backup_train_synth_photoize\residence\0102_demi_residence-30_patched.jpg
data/kyc\train\residence\0103_A4_residence-34_redacted.jpg,data/backup_train_synth_photoize\residence\0103_A4_residence-34_redacted.jpg
data/kyc\train\residence\0103_demi_residence-27_redacted.jpg,data/backup_train_synth_photoize\residence\0103_demi_residence-27_redacted.jpg
data/kyc\train\residence\0104_A4_residence-9_patched.jpg,data/backup_train_synth_photoize\residence\0104_A4_residence-9_patched.jpg
data/kyc\train\residence\0104_demi_residence-27_redacted.jpg,data/backup_train_synth_photoize\residence\0104_demi_residence-27_redacted.jpg
data/kyc\train\residence\0105_A4_residence-33_patched.jpg,data/backup_train_synth_photoize\residence\0105_A4_residence-33_patched.jpg
data/kyc\train\residence\0105_demi_Screenshot_2026-09-25_20.jpg,data/backup_train_synth_photoize\residence\0105_demi_Screenshot_2026-09-25_20.jpg
data/kyc\train\residence\0106_A4_residence-9_patched.jpg,data/backup_train_synth_photoize\residence\0106_A4_residence-9_patched.jpg
data/kyc\train\residence\0106_demi_residence-7_patched.jpg,data/backup_train_synth_photoize\residence\0106_demi_residence-7_patched.jpg
data/kyc\train\residence\0107_A4_residence-24_redacted.jpg,data/backup_train_synth_photoize\residence\0107_A4_residence-24_redacted.jpg
data/kyc\train\residence\0107_demi_residence-32_patched.jpg,data/backup_train_synth_photoize\residence\0107_demi_residence-32_patched.jpg
data/kyc\train\residence\0108_A4_residence-33_patched.jpg,data/backup_train_synth_photoize\residence\0108_A4_residence-33_patched.jpg
data/kyc\train\residence\0108_demi_residence-10_redacted.jpg,data/backup_train_synth_photoize\residence\0108_demi_residence-10_redacted.jpg
data/kyc\train\residence\0109_A4_residence-34_patched.jpg,data/backup_train_synth_photoize\residence\0109_A4_residence-34_patched.jpg
data/kyc\train\residence\0109_demi_residence-32_redacted.jpg,data/backup_train_synth_photoize\residence\0109_demi_residence-32_redacted.jpg
data/kyc\train\residence\0110_A4_1.jpg,data/backup_train_synth_photoize\residence\0110_A4_1.jpg
data/kyc\train\residence\0110_demi_residence-27_redacted.jpg,data/backup_train_synth_photoize\residence\0110_demi_residence-27_redacted.jpg
data/kyc\train\residence\0111_A4_residence-4_patched.jpg,data/backup_train_synth_photoize\residence\0111_A4_residence-4_patched.jpg
data/kyc\train\residence\0111_demi_images.jpg,data/backup_train_synth_photoize\residence\0111_demi_images.jpg
data/kyc\train\residence\0112_A4_residence-34_redacted.jpg,data/backup_train_synth_photoize\residence\0112_A4_residence-34_redacted.jpg
data/kyc\train\residence\0112_demi_residence-27_patched.jpg,data/backup_train_synth_photoize\residence\0112_demi_residence-27_patched.jpg
data/kyc\train\residence\0113_A4_residence-15_redacted.jpg,data/backup_train_synth_photoize\residence\0113_A4_residence-15_redacted.jpg
data/kyc\train\residence\0113_demi_residence-0_redacted.jpg,data/backup_train_synth_photoize\residence\0113_demi_residence-0_redacted.jpg
data/kyc\train\residence\0114_A4_residence-33_patched.jpg,data/backup_train_synth_photoize\residence\0114_A4_residence-33_patched.jpg
data/kyc\train\residence\0114_demi_residence-6_redacted.jpg,data/backup_train_synth_photoize\residence\0114_demi_residence-6_redacted.jpg
data/kyc\train\residence\0115_A4_1_2_.jpg,data/backup_train_synth_photoize\residence\0115_A4_1_2_.jpg
data/kyc\train\residence\0115_demi_Screenshot_2026-09-25_20.jpg,data/backup_train_synth_photoize\residence\0115_demi_Screenshot_2026-09-25_20.jpg
data/kyc\train\residence\0116_A4_residence-34_redacted.jpg,data/backup_train_synth_photoize\residence\0116_A4_residence-34_redacted.jpg
data/kyc\train\residence\0116_demi_residence-6_redacted.jpg,data/backup_train_synth_photoize\residence\0116_demi_residence-6_redacted.jpg
data/kyc\train\residence\0117_A4_residence-15_patched.jpg,data/backup_train_synth_photoize\residence\0117_A4_residence-15_patched.jpg
data/kyc\train\residence\0117_demi_residence-30_patched.jpg,data/backup_train_synth_photoize\residence\0117_demi_residence-30_patched.jpg
data/kyc\train\residence\0118_A4_residence-8_redacted.jpg,data/backup_train_synth_photoize\residence\0118_A4_residence-8_redacted.jpg
data/kyc\train\residence\0118_demi_residence-23_patched.jpg,data/backup_train_synth_photoize\residence\0118_demi_residence-23_patched.jpg
data/kyc\train\residence\0119_A4_residence-15_redacted.jpg,data/backup_train_synth_photoize\residence\0119_A4_residence-15_redacted.jpg
data/kyc\train\residence\0119_demi_residence-7_patched.jpg,data/backup_train_synth_photoize\residence\0119_demi_residence-7_patched.jpg
data/kyc\train\residence\0120_A4_residence-8_redacted.jpg,data/backup_train_synth_photoize\residence\0120_A4_residence-8_redacted.jpg
data/kyc\train\residence\0120_demi_residence-6_redacted.jpg,data/backup_train_synth_photoize\residence\0120_demi_residence-6_redacted.jpg
data/kyc\train\residence\0121_A4_residence-8_redacted.jpg,data/backup_train_synth_photoize\residence\0121_A4_residence-8_redacted.jpg
data/kyc\train\residence\0121_demi_Screenshot_2026-09-25_20.jpg,data/backup_train_synth_photoize\residence\0121_demi_Screenshot_2026-09-25_20.jpg
data/kyc\train\residence\0122_A4_residence-5_redacted.jpg,data/backup_train_synth_photoize\residence\0122_A4_residence-5_redacted.jpg
data/kyc\train\residence\0122_demi_residence-20_patched.jpg,data/backup_train_synth_photoize\residence\0122_demi_residence-20_patched.jpg
data/kyc\train\residence\0123_A4_residence-2_redacted.jpg,data/backup_train_synth_photoize\residence\0123_A4_residence-2_redacted.jpg
data/kyc\train\residence\0123_demi_residence-0_patched.jpg,data/backup_train_synth_photoize\residence\0123_demi_residence-0_patched.jpg
data/kyc\train\residence\0124_A4_residence-35_redacted.jpg,data/backup_train_synth_photoize\residence\0124_A4_residence-35_redacted.jpg
data/kyc\train\residence\0124_demi_residence-0_redacted.jpg,data/backup_train_synth_photoize\residence\0124_demi_residence-0_redacted.jpg
data/kyc\train\residence\0125_A4_residence-8_patched.jpg,data/backup_train_synth_photoize\residence\0125_A4_residence-8_patched.jpg
data/kyc\train\residence\0125_demi_residence-6_patched.jpg,data/backup_train_synth_photoize\residence\0125_demi_residence-6_patched.jpg
data/kyc\train\residence\0126_A4_residence-35_patched.jpg,data/backup_train_synth_photoize\residence\0126_A4_residence-35_patched.jpg
data/kyc\train\residence\0126_demi_residence-30_redacted.jpg,data/backup_train_synth_photoize\residence\0126_demi_residence-30_redacted.jpg
data/kyc\train\residence\0127_A4_residence-5_redacted.jpg,data/backup_train_synth_photoize\residence\0127_A4_residence-5_redacted.jpg
data/kyc\train\residence\0127_demi_residence-29_redacted.jpg,data/backup_train_synth_photoize\residence\0127_demi_residence-29_redacted.jpg
data/kyc\train\residence\0128_A4_1_2_.jpg,data/backup_train_synth_photoize\residence\0128_A4_1_2_.jpg
data/kyc\train\residence\0128_demi_residence-30_redacted.jpg,data/backup_train_synth_photoize\residence\0128_demi_residence-30_redacted.jpg
data/kyc\train\residence\0129_A4_residence-8_redacted.jpg,data/backup_train_synth_photoize\residence\0129_A4_residence-8_redacted.jpg
data/kyc\train\residence\0129_demi_residence-30_redacted.jpg,data/backup_train_synth_photoize\residence\0129_demi_residence-30_redacted.jpg
data/kyc\train\residence\0130_A4_residence-2_redacted.jpg,data/backup_train_synth_photoize\residence\0130_A4_residence-2_redacted.jpg
data/kyc\train\residence\0130_demi_residence-7_redacted.jpg,data/backup_train_synth_photoize\residence\0130_demi_residence-7_redacted.jpg
data/kyc\train\residence\0131_A4_residence-24_patched.jpg,data/backup_train_synth_photoize\residence\0131_A4_residence-24_patched.jpg
data/kyc\train\residence\0131_demi_Screenshot_2026-09-25_20.jpg,data/backup_train_synth_photoize\residence\0131_demi_Screenshot_2026-09-25_20.jpg
data/kyc\train\residence\0132_A4_residence-4_patched.jpg,data/backup_train_synth_photoize\residence\0132_A4_residence-4_patched.jpg
data/kyc\train\residence\0132_demi_residence-27_redacted.jpg,data/backup_train_synth_photoize\residence\0132_demi_residence-27_redacted.jpg
data/kyc\train\residence\0133_A4_residence-21_redacted.jpg,data/backup_train_synth_photoize\residence\0133_A4_residence-21_redacted.jpg
data/kyc\train\residence\0133_demi_residence-29_patched.jpg,data/backup_train_synth_photoize\residence\0133_demi_residence-29_patched.jpg
data/kyc\train\residence\0134_A4_residence-15_patched.jpg,data/backup_train_synth_photoize\residence\0134_A4_residence-15_patched.jpg
data/kyc\train\residence\0134_demi_residence-10_redacted.jpg,data/backup_train_synth_photoize\residence\0134_demi_residence-10_redacted.jpg
data/kyc\train\residence\0135_A4_residence-24_patched.jpg,data/backup_train_synth_photoize\residence\0135_A4_residence-24_patched.jpg
data/kyc\train\residence\0135_demi_Screenshot_2026-09-25_20.jpg,data/backup_train_synth_photoize\residence\0135_demi_Screenshot_2026-09-25_20.jpg
data/kyc\train\residence\0136_A4_residence-33_redacted.jpg,data/backup_train_synth_photoize\residence\0136_A4_residence-33_redacted.jpg
data/kyc\train\residence\0136_demi_residence-22_patched.jpg,data/backup_train_synth_photoize\residence\0136_demi_residence-22_patched.jpg
data/kyc\train\residence\0137_A4_residence-8_patched.jpg,data/backup_train_synth_photoize\residence\0137_A4_residence-8_patched.jpg
data/kyc\train\residence\0137_demi_Screenshot_2026-09-25_20.jpg,data/backup_train_synth_photoize\residence\0137_demi_Screenshot_2026-09-25_20.jpg
data/kyc\train\residence\0138_A4_residence-28_redacted.jpg,data/backup_train_synth_photoize\residence\0138_A4_residence-28_redacted.jpg
data/kyc\train\residence\0138_demi_residence-32_patched.jpg,data/backup_train_synth_photoize\residence\0138_demi_residence-32_patched.jpg
data/kyc\train\residence\0139_A4_residence-33_patched.jpg,data/backup_train_synth_photoize\residence\0139_A4_residence-33_patched.jpg
data/kyc\train\residence\0139_demi_residence-27_patched.jpg,data/backup_train_synth_photoize\residence\0139_demi_residence-27_patched.jpg
data/kyc\train\residence\0140_A4_1.jpg,data/backup_train_synth_photoize\residence\0140_A4_1.jpg
data/kyc\train\residence\0140_demi_images.jpg,data/backup_train_synth_photoize\residence\0140_demi_images.jpg
data/kyc\train\residence\0141_A4_residence-33_redacted.jpg,data/backup_train_synth_photoize\residence\0141_A4_residence-33_redacted.jpg
data/kyc\train\residence\0141_demi_residence-22_patched.jpg,data/backup_train_synth_photoize\residence\0141_demi_residence-22_patched.jpg
data/kyc\train\residence\0142_A4_residence-5_redacted.jpg,data/backup_train_synth_photoize\residence\0142_A4_residence-5_redacted.jpg
data/kyc\train\residence\0142_demi_Screenshot_2026-09-25_20.jpg,data/backup_train_synth_photoize\residence\0142_demi_Screenshot_2026-09-25_20.jpg
data/kyc\train\residence\0143_A4_residence-24_redacted.jpg,data/backup_train_synth_photoize\residence\0143_A4_residence-24_redacted.jpg
data/kyc\train\residence\0143_demi_residence-6_patched.jpg,data/backup_train_synth_photoize\residence\0143_demi_residence-6_patched.jpg
data/kyc\train\residence\0144_A4_residence-33_patched.jpg,data/backup_train_synth_photoize\residence\0144_A4_residence-33_patched.jpg
data/kyc\train\residence\0144_demi_residence-32_patched.jpg,data/backup_train_synth_photoize\residence\0144_demi_residence-32_patched.jpg
data/kyc\train\residence\0145_A4_residence-34_patched.jpg,data/backup_train_synth_photoize\residence\0145_A4_residence-34_patched.jpg
data/kyc\train\residence\0145_demi_Screenshot_2026-09-25_20.jpg,data/backup_train_synth_photoize\residence\0145_demi_Screenshot_2026-09-25_20.jpg
data/kyc\train\residence\0146_A4_residence-2_redacted.jpg,data/backup_train_synth_photoize\residence\0146_A4_residence-2_redacted.jpg
data/kyc\train\residence\0146_demi_images.jpg,data/backup_train_synth_photoize\residence\0146_demi_images.jpg
data/kyc\train\residence\0147_A4_residence-9_patched.jpg,data/backup_train_synth_photoize\residence\0147_A4_residence-9_patched.jpg
data/kyc\train\residence\0147_demi_residence-7_patched.jpg,data/backup_train_synth_photoize\residence\0147_demi_residence-7_patched.jpg
data/kyc\train\residence\0148_A4_residence-8_patched.jpg,data/backup_train_synth_photoize\residence\0148_A4_residence-8_patched.jpg
data/kyc\train\residence\0148_demi_residence-30_patched.jpg,data/backup_train_synth_photoize\residence\0148_demi_residence-30_patched.jpg
data/kyc\train\residence\0149_A4_residence-35_redacted.jpg,data/backup_train_synth_photoize\residence\0149_A4_residence-35_redacted.jpg
data/kyc\train\residence\0149_demi_residence-30_redacted.jpg,data/backup_train_synth_photoize\residence\0149_demi_residence-30_redacted.jpg
data/kyc\train\residence\0150_A4_residence-9_patched.jpg,data/backup_train_synth_photoize\residence\0150_A4_residence-9_patched.jpg
data/kyc\train\residence\0150_demi_residence-10_redacted.jpg,data/backup_train_synth_photoize\residence\0150_demi_residence-10_redacted.jpg
data/kyc\train\residence\0151_A4_residence-15_patched.jpg,data/backup_train_synth_photoize\residence\0151_A4_residence-15_patched.jpg
data/kyc\train\residence\0151_demi_residence-29_redacted.jpg,data/backup_train_synth_photoize\residence\0151_demi_residence-29_redacted.jpg
data/kyc\train\residence\0152_A4_residence-21_patched.jpg,data/backup_train_synth_photoize\residence\0152_A4_residence-21_patched.jpg
data/kyc\train\residence\0152_demi_residence-29_patched.jpg,data/backup_train_synth_photoize\residence\0152_demi_residence-29_patched.jpg
data/kyc\train\residence\0153_A4_residence-15_redacted.jpg,data/backup_train_synth_photoize\residence\0153_A4_residence-15_redacted.jpg
data/kyc\train\residence\0153_demi_Screenshot_2026-09-25_20.jpg,data/backup_train_synth_photoize\residence\0153_demi_Screenshot_2026-09-25_20.jpg
data/kyc\train\residence\0154_A4_residence-34_redacted.jpg,data/backup_train_synth_photoize\residence\0154_A4_residence-34_redacted.jpg
data/kyc\train\residence\0154_demi_images.jpg,data/backup_train_synth_photoize\residence\0154_demi_images.jpg
data/kyc\train\residence\0155_A4_residence-33_redacted.jpg,data/backup_train_synth_photoize\residence\0155_A4_residence-33_redacted.jpg
data/kyc\train\residence\0155_demi_residence-32_redacted.jpg,data/backup_train_synth_photoize\residence\0155_demi_residence-32_redacted.jpg
data/kyc\train\residence\0156_A4_residence-15_patched.jpg,data/backup_train_synth_photoize\residence\0156_A4_residence-15_patched.jpg
data/kyc\train\residence\0156_demi_images.jpg,data/backup_train_synth_photoize\residence\0156_demi_images.jpg
data/kyc\train\residence\0157_A4_1_1_.jpg,data/backup_train_synth_photoize\residence\0157_A4_1_1_.jpg
data/kyc\train\residence\0157_demi_residence-30_patched.jpg,data/backup_train_synth_photoize\residence\0157_demi_residence-30_patched.jpg
data/kyc\train\residence\0158_A4_residence-21_redacted.jpg,data/backup_train_synth_photoize\residence\0158_A4_residence-21_redacted.jpg
data/kyc\train\residence\0158_demi_Screenshot_2026-09-25_20.jpg,data/backup_train_synth_photoize\residence\0158_demi_Screenshot_2026-09-25_20.jpg
data/kyc\train\residence\0159_A4_residence-24_redacted.jpg,data/backup_train_synth_photoize\residence\0159_A4_residence-24_redacted.jpg
data/kyc\train\residence\0159_demi_residence-7_patched.jpg,data/backup_train_synth_photoize\residence\0159_demi_residence-7_patched.jpg
data/kyc\train\residence\0160_A4_residence-2_redacted.jpg,data/backup_train_synth_photoize\residence\0160_A4_residence-2_redacted.jpg
data/kyc\train\residence\0160_demi_residence-32_patched.jpg,data/backup_train_synth_photoize\residence\0160_demi_residence-32_patched.jpg
data/kyc\train\residence\0161_A4_residence-8_patched.jpg,data/backup_train_synth_photoize\residence\0161_A4_residence-8_patched.jpg
data/kyc\train\residence\0161_demi_residence-32_patched.jpg,data/backup_train_synth_photoize\residence\0161_demi_residence-32_patched.jpg
data/kyc\train\residence\0162_A4_residence-2_redacted.jpg,data/backup_train_synth_photoize\residence\0162_A4_residence-2_redacted.jpg
data/kyc\train\residence\0162_demi_residence-10_redacted.jpg,data/backup_train_synth_photoize\residence\0162_demi_residence-10_redacted.jpg
data/kyc\train\residence\0163_A4_residence-15_redacted.jpg,data/backup_train_synth_photoize\residence\0163_A4_residence-15_redacted.jpg
data/kyc\train\residence\0163_demi_residence-27_patched.jpg,data/backup_train_synth_photoize\residence\0163_demi_residence-27_patched.jpg
data/kyc\train\residence\0164_A4_residence-9_patched.jpg,data/backup_train_synth_photoize\residence\0164_A4_residence-9_patched.jpg
data/kyc\train\residence\0164_demi_residence-10_patched.jpg,data/backup_train_synth_photoize\residence\0164_demi_residence-10_patched.jpg
data/kyc\train\residence\0165_A4_residence-34_redacted.jpg,data/backup_train_synth_photoize\residence\0165_A4_residence-34_redacted.jpg
data/kyc\train\residence\0165_demi_residence-27_patched.jpg,data/backup_train_synth_photoize\residence\0165_demi_residence-27_patched.jpg
data/kyc\train\residence\0166_A4_residence-15_redacted.jpg,data/backup_train_synth_photoize\residence\0166_A4_residence-15_redacted.jpg
data/kyc\train\residence\0166_demi_residence-30_redacted.jpg,data/backup_train_synth_photoize\residence\0166_demi_residence-30_redacted.jpg
data/kyc\train\residence\0167_A4_residence-33_patched.jpg,data/backup_train_synth_photoize\residence\0167_A4_residence-33_patched.jpg
data/kyc\train\residence\0167_demi_residence-0_patched.jpg,data/backup_train_synth_photoize\residence\0167_demi_residence-0_patched.jpg
data/kyc\train\residence\0168_A4_residence-34_patched.jpg,data/backup_train_synth_photoize\residence\0168_A4_residence-34_patched.jpg
data/kyc\train\residence\0168_demi_Screenshot_2026-09-25_20.jpg,data/backup_train_synth_photoize\residence\0168_demi_Screenshot_2026-09-25_20.jpg
data/kyc\train\residence\0169_A4_residence-24_patched.jpg,data/backup_train_synth_photoize\residence\0169_A4_residence-24_patched.jpg
data/kyc\train\residence\0169_demi_residence-0_patched.jpg,data/backup_train_synth_photoize\residence\0169_demi_residence-0_patched.jpg
data/kyc\train\residence\0170_A4_residence-33_redacted.jpg,data/backup_train_synth_photoize\residence\0170_A4_residence-33_redacted.jpg
data/kyc\train\residence\0170_demi_residence-6_redacted.jpg,data/backup_train_synth_photoize\residence\0170_demi_residence-6_redacted.jpg
data/kyc\train\residence\0171_A4_residence-24_patched.jpg,data/backup_train_synth_photoize\residence\0171_A4_residence-24_patched.jpg
data/kyc\train\residence\0171_demi_residence-29_patched.jpg,data/backup_train_synth_photoize\residence\0171_demi_residence-29_patched.jpg
data/kyc\train\residence\0172_A4_residence-5_redacted.jpg,data/backup_train_synth_photoize\residence\0172_A4_residence-5_redacted.jpg
data/kyc\train\residence\0172_demi_images.jpg,data/backup_train_synth_photoize\residence\0172_demi_images.jpg
data/kyc\train\residence\0173_A4_residence-33_patched.jpg,data/backup_train_synth_photoize\residence\0173_A4_residence-33_patched.jpg
data/kyc\train\residence\0173_demi_residence-27_redacted.jpg,data/backup_train_synth_photoize\residence\0173_demi_residence-27_redacted.jpg
data/kyc\train\residence\0174_A4_residence-33_patched.jpg,data/backup_train_synth_photoize\residence\0174_A4_residence-33_patched.jpg
data/kyc\train\residence\0174_demi_residence-10_redacted.jpg,data/backup_train_synth_photoize\residence\0174_demi_residence-10_redacted.jpg
data/kyc\train\residence\0175_A4_residence-21_redacted.jpg,data/backup_train_synth_photoize\residence\0175_A4_residence-21_redacted.jpg
data/kyc\train\residence\0175_demi_residence-27_patched.jpg,data/backup_train_synth_photoize\residence\0175_demi_residence-27_patched.jpg
data/kyc\train\residence\0176_A4_residence-28_redacted.jpg,data/backup_train_synth_photoize\residence\0176_A4_residence-28_redacted.jpg
data/kyc\train\residence\0176_demi_Screenshot_2026-09-25_20.jpg,data/backup_train_synth_photoize\residence\0176_demi_Screenshot_2026-09-25_20.jpg
data/kyc\train\residence\0177_A4_residence-2_redacted.jpg,data/backup_train_synth_photoize\residence\0177_A4_residence-2_redacted.jpg
data/kyc\train\residence\0177_demi_residence-30_redacted.jpg,data/backup_train_synth_photoize\residence\0177_demi_residence-30_redacted.jpg
data/kyc\train\residence\0178_A4_residence-21_redacted.jpg,data/backup_train_synth_photoize\residence\0178_A4_residence-21_redacted.jpg
data/kyc\train\residence\0178_demi_residence-27_redacted.jpg,data/backup_train_synth_photoize\residence\0178_demi_residence-27_redacted.jpg
data/kyc\train\residence\0179_A4_residence-4_patched.jpg,data/backup_train_synth_photoize\residence\0179_A4_residence-4_patched.jpg
data/kyc\train\residence\0179_demi_Screenshot_2026-09-25_20.jpg,data/backup_train_synth_photoize\residence\0179_demi_Screenshot_2026-09-25_20.jpg
data/kyc\train\residence\0180_A4_residence-24_patched.jpg,data/backup_train_synth_photoize\residence\0180_A4_residence-24_patched.jpg
data/kyc\train\residence\0180_demi_residence-23_patched.jpg,data/backup_train_synth_photoize\residence\0180_demi_residence-23_patched.jpg
data/kyc\train\residence\0181_A4_residence-24_redacted.jpg,data/backup_train_synth_photoize\residence\0181_A4_residence-24_redacted.jpg
data/kyc\train\residence\0181_demi_residence-7_redacted.jpg,data/backup_train_synth_photoize\residence\0181_demi_residence-7_redacted.jpg
data/kyc\train\residence\0182_A4_residence-35_patched.jpg,data/backup_train_synth_photoize\residence\0182_A4_residence-35_patched.jpg
data/kyc\train\residence\0182_demi_Screenshot_2026-09-25_20.jpg,data/backup_train_synth_photoize\residence\0182_demi_Screenshot_2026-09-25_20.jpg
data/kyc\train\residence\0183_A4_residence-8_patched.jpg,data/backup_train_synth_photoize\residence\0183_A4_residence-8_patched.jpg
data/kyc\train\residence\0183_demi_images.jpg,data/backup_train_synth_photoize\residence\0183_demi_images.jpg
data/kyc\train\residence\0184_A4_residence-4_patched.jpg,data/backup_train_synth_photoize\residence\0184_A4_residence-4_patched.jpg
data/kyc\train\residence\0184_demi_residence-32_redacted.jpg,data/backup_train_synth_photoize\residence\0184_demi_residence-32_redacted.jpg
data/kyc\train\residence\0185_A4_residence-33_redacted.jpg,data/backup_train_synth_photoize\residence\0185_A4_residence-33_redacted.jpg
data/kyc\train\residence\0185_demi_residence-32_redacted.jpg,data/backup_train_synth_photoize\residence\0185_demi_residence-32_redacted.jpg
data/kyc\train\residence\0186_A4_residence-2_redacted.jpg,data/backup_train_synth_photoize\residence\0186_A4_residence-2_redacted.jpg
data/kyc\train\residence\0186_demi_residence-7_patched.jpg,data/backup_train_synth_photoize\residence\0186_demi_residence-7_patched.jpg
data/kyc\train\residence\0187_A4_1_1_.jpg,data/backup_train_synth_photoize\residence\0187_A4_1_1_.jpg
data/kyc\train\residence\0187_demi_residence-0_redacted.jpg,data/backup_train_synth_photoize\residence\0187_demi_residence-0_redacted.jpg
data/kyc\train\residence\0188_A4_1_1_.jpg,data/backup_train_synth_photoize\residence\0188_A4_1_1_.jpg
data/kyc\train\residence\0188_demi_Screenshot_2026-09-25_20.jpg,data/backup_train_synth_photoize\residence\0188_demi_Screenshot_2026-09-25_20.jpg
data/kyc\train\residence\0189_A4_residence-34_redacted.jpg,data/backup_train_synth_photoize\residence\0189_A4_residence-34_redacted.jpg
data/kyc\train\residence\0189_demi_residence-7_patched.jpg,data/backup_train_synth_photoize\residence\0189_demi_residence-7_patched.jpg
data/kyc\train\residence\0190_A4_1_2_.jpg,data/backup_train_synth_photoize\residence\0190_A4_1_2_.jpg
data/kyc\train\residence\0190_demi_residence-7_patched.jpg,data/backup_train_synth_photoize\residence\0190_demi_residence-7_patched.jpg
data/kyc\train\residence\0191_A4_residence-8_redacted.jpg,data/backup_train_synth_photoize\residence\0191_A4_residence-8_redacted.jpg
data/kyc\train\residence\0191_demi_residence-23_patched.jpg,data/backup_train_synth_photoize\residence\0191_demi_residence-23_patched.jpg
data/kyc\train\residence\0192_A4_residence-15_redacted.jpg,data/backup_train_synth_photoize\residence\0192_A4_residence-15_redacted.jpg
data/kyc\train\residence\0192_demi_Screenshot_2026-09-25_20.jpg,data/backup_train_synth_photoize\residence\0192_demi_Screenshot_2026-09-25_20.jpg
data/kyc\train\residence\0193_A4_residence-33_redacted.jpg,data/backup_train_synth_photoize\residence\0193_A4_residence-33_redacted.jpg
data/kyc\train\residence\0193_demi_residence-10_patched.jpg,data/backup_train_synth_photoize\residence\0193_demi_residence-10_patched.jpg
data/kyc\train\residence\0194_A4_residence-15_redacted.jpg,data/backup_train_synth_photoize\residence\0194_A4_residence-15_redacted.jpg
data/kyc\train\residence\0194_demi_residence-32_patched.jpg,data/backup_train_synth_photoize\residence\0194_demi_residence-32_patched.jpg
data/kyc\train\residence\0195_A4_residence-8_patched.jpg,data/backup_train_synth_photoize\residence\0195_A4_residence-8_patched.jpg
data/kyc\train\residence\0195_demi_residence-6_redacted.jpg,data/backup_train_synth_photoize\residence\0195_demi_residence-6_redacted.jpg
data/kyc\train\residence\0196_A4_residence-5_redacted.jpg,data/backup_train_synth_photoize\residence\0196_A4_residence-5_redacted.jpg
data/kyc\train\residence\0196_demi_residence-32_redacted.jpg,data/backup_train_synth_photoize\residence\0196_demi_residence-32_redacted.jpg
data/kyc\train\residence\0197_A4_residence-33_patched.jpg,data/backup_train_synth_photoize\residence\0197_A4_residence-33_patched.jpg
data/kyc\train\residence\0197_demi_residence-32_patched.jpg,data/backup_train_synth_photoize\residence\0197_demi_residence-32_patched.jpg
data/kyc\train\residence\0198_A4_residence-35_patched.jpg,data/backup_train_synth_photoize\residence\0198_A4_residence-35_patched.jpg
data/kyc\train\residence\0198_demi_residence-0_patched.jpg,data/backup_train_synth_photoize\residence\0198_demi_residence-0_patched.jpg
data/kyc\train\residence\0199_A4_residence-15_redacted.jpg,data/backup_train_synth_photoize\residence\0199_A4_residence-15_redacted.jpg
data/kyc\train\residence\0199_demi_Screenshot_2026-09-25_20.jpg,data/backup_train_synth_photoize\residence\0199_demi_Screenshot_2026-09-25_20.jpg
data/kyc\train\residence\0200_A4_residence-35_redacted.jpg,data/backup_train_synth_photoize\residence\0200_A4_residence-35_redacted.jpg
data/kyc\train\residence\0200_demi_residence-32_redacted.jpg,data/backup_train_synth_photoize\residence\0200_demi_residence-32_redacted.jpg
data/kyc\train\residence\0201_A4_residence-21_redacted.jpg,data/backup_train_synth_photoize\residence\0201_A4_residence-21_redacted.jpg
data/kyc\train\residence\0201_demi_residence-7_patched.jpg,data/backup_train_synth_photoize\residence\0201_demi_residence-7_patched.jpg
data/kyc\train\residence\0202_A4_1.jpg,data/backup_train_synth_photoize\residence\0202_A4_1.jpg
data/kyc\train\residence\0202_demi_residence-7_redacted.jpg,data/backup_train_synth_photoize\residence\0202_demi_residence-7_redacted.jpg
data/kyc\train\residence\0203_A4_1_2_.jpg,data/backup_train_synth_photoize\residence\0203_A4_1_2_.jpg
data/kyc\train\residence\0203_demi_residence-6_patched.jpg,data/backup_train_synth_photoize\residence\0203_demi_residence-6_patched.jpg
data/kyc\train\residence\0204_A4_residence-15_redacted.jpg,data/backup_train_synth_photoize\residence\0204_A4_residence-15_redacted.jpg
data/kyc\train\residence\0204_demi_residence-27_redacted.jpg,data/backup_train_synth_photoize\residence\0204_demi_residence-27_redacted.jpg
data/kyc\train\residence\0205_A4_residence-21_redacted.jpg,data/backup_train_synth_photoize\residence\0205_A4_residence-21_redacted.jpg
data/kyc\train\residence\0205_demi_residence-32_redacted.jpg,data/backup_train_synth_photoize\residence\0205_demi_residence-32_redacted.jpg
data/kyc\train\residence\0206_A4_residence-28_redacted.jpg,data/backup_train_synth_photoize\residence\0206_A4_residence-28_redacted.jpg
data/kyc\train\residence\0206_demi_images.jpg,data/backup_train_synth_photoize\residence\0206_demi_images.jpg
data/kyc\train\residence\0207_A4_residence-21_redacted.jpg,data/backup_train_synth_photoize\residence\0207_A4_residence-21_redacted.jpg
data/kyc\train\residence\0207_demi_residence-0_patched.jpg,data/backup_train_synth_photoize\residence\0207_demi_residence-0_patched.jpg
data/kyc\train\residence\0208_A4_residence-24_patched.jpg,data/backup_train_synth_photoize\residence\0208_A4_residence-24_patched.jpg
data/kyc\train\residence\0208_demi_residence-32_patched.jpg,data/backup_train_synth_photoize\residence\0208_demi_residence-32_patched.jpg
data/kyc\train\residence\0209_A4_residence-24_redacted.jpg,data/backup_train_synth_photoize\residence\0209_A4_residence-24_redacted.jpg
data/kyc\train\residence\0209_demi_residence-27_redacted.jpg,data/backup_train_synth_photoize\residence\0209_demi_residence-27_redacted.jpg
data/kyc\train\residence\0210_A4_residence-33_patched.jpg,data/backup_train_synth_photoize\residence\0210_A4_residence-33_patched.jpg
data/kyc\train\residence\0210_demi_Screenshot_2026-09-25_20.jpg,data/backup_train_synth_photoize\residence\0210_demi_Screenshot_2026-09-25_20.jpg
data/kyc\train\residence\0211_A4_residence-8_redacted.jpg,data/backup_train_synth_photoize\residence\0211_A4_residence-8_redacted.jpg
data/kyc\train\residence\0211_demi_residence-29_redacted.jpg,data/backup_train_synth_photoize\residence\0211_demi_residence-29_redacted.jpg
data/kyc\train\residence\0212_A4_residence-5_patched.jpg,data/backup_train_synth_photoize\residence\0212_A4_residence-5_patched.jpg
data/kyc\train\residence\0212_demi_residence-27_redacted.jpg,data/backup_train_synth_photoize\residence\0212_demi_residence-27_redacted.jpg
data/kyc\train\residence\0213_A4_residence-33_patched.jpg,data/backup_train_synth_photoize\residence\0213_A4_residence-33_patched.jpg
data/kyc\train\residence\0213_demi_residence-0_redacted.jpg,data/backup_train_synth_photoize\residence\0213_demi_residence-0_redacted.jpg
data/kyc\train\residence\0214_A4_residence-8_redacted.jpg,data/backup_train_synth_photoize\residence\0214_A4_residence-8_redacted.jpg
data/kyc\train\residence\0214_demi_Screenshot_2026-09-25_20.jpg,data/backup_train_synth_photoize\residence\0214_demi_Screenshot_2026-09-25_20.jpg
data/kyc\train\residence\0215_A4_1_2_.jpg,data/backup_train_synth_photoize\residence\0215_A4_1_2_.jpg
data/kyc\train\residence\0215_demi_residence-7_redacted.jpg,data/backup_train_synth_photoize\residence\0215_demi_residence-7_redacted.jpg
data/kyc\train\residence\0216_A4_residence-33_redacted.jpg,data/backup_train_synth_photoize\residence\0216_A4_residence-33_redacted.jpg
data/kyc\train\residence\0216_demi_residence-6_redacted.jpg,data/backup_train_synth_photoize\residence\0216_demi_residence-6_redacted.jpg
data/kyc\train\residence\0217_A4_residence-8_redacted.jpg,data/backup_train_synth_photoize\residence\0217_A4_residence-8_redacted.jpg
data/kyc\train\residence\0217_demi_residence-27_patched.jpg,data/backup_train_synth_photoize\residence\0217_demi_residence-27_patched.jpg
data/kyc\train\residence\0218_A4_residence-2_redacted.jpg,data/backup_train_synth_photoize\residence\0218_A4_residence-2_redacted.jpg
data/kyc\train\residence\0218_demi_Screenshot_2026-09-25_20.jpg,data/backup_train_synth_photoize\residence\0218_demi_Screenshot_2026-09-25_20.jpg
data/kyc\train\residence\0219_A4_residence-33_redacted.jpg,data/backup_train_synth_photoize\residence\0219_A4_residence-33_redacted.jpg
data/kyc\train\residence\0219_demi_residence-32_patched.jpg,data/backup_train_synth_photoize\residence\0219_demi_residence-32_patched.jpg
data/kyc\train\residence\0220_A4_residence-24_patched.jpg,data/backup_train_synth_photoize\residence\0220_A4_residence-24_patched.jpg
data/kyc\train\residence\0220_demi_residence-29_redacted.jpg,data/backup_train_synth_photoize\residence\0220_demi_residence-29_redacted.jpg
data/kyc\train\residence\0221_A4_residence-2_redacted.jpg,data/backup_train_synth_photoize\residence\0221_A4_residence-2_redacted.jpg
data/kyc\train\residence\0221_demi_residence-0_patched.jpg,data/backup_train_synth_photoize\residence\0221_demi_residence-0_patched.jpg
data/kyc\train\residence\0222_A4_residence-34_patched.jpg,data/backup_train_synth_photoize\residence\0222_A4_residence-34_patched.jpg
data/kyc\train\residence\0222_demi_residence-30_patched.jpg,data/backup_train_synth_photoize\residence\0222_demi_residence-30_patched.jpg
data/kyc\train\residence\0223_A4_1_1_.jpg,data/backup_train_synth_photoize\residence\0223_A4_1_1_.jpg
data/kyc\train\residence\0223_demi_residence-29_patched.jpg,data/backup_train_synth_photoize\residence\0223_demi_residence-29_patched.jpg
data/kyc\train\residence\0224_A4_residence-5_redacted.jpg,data/backup_train_synth_photoize\residence\0224_A4_residence-5_redacted.jpg
data/kyc\train\residence\0224_demi_Screenshot_2026-09-25_20.jpg,data/backup_train_synth_photoize\residence\0224_demi_Screenshot_2026-09-25_20.jpg
data/kyc\train\residence\0225_A4_1_1_.jpg,data/backup_train_synth_photoize\residence\0225_A4_1_1_.jpg
data/kyc\train\residence\0225_demi_residence-29_patched.jpg,data/backup_train_synth_photoize\residence\0225_demi_residence-29_patched.jpg
data/kyc\train\residence\0226_A4_residence-21_patched.jpg,data/backup_train_synth_photoize\residence\0226_A4_residence-21_patched.jpg
data/kyc\train\residence\0226_demi_residence-10_redacted.jpg,data/backup_train_synth_photoize\residence\0226_demi_residence-10_redacted.jpg
data/kyc\train\residence\0227_A4_residence-35_redacted.jpg,data/backup_train_synth_photoize\residence\0227_A4_residence-35_redacted.jpg
data/kyc\train\residence\0227_demi_residence-0_redacted.jpg,data/backup_train_synth_photoize\residence\0227_demi_residence-0_redacted.jpg
data/kyc\train\residence\0228_A4_residence-33_redacted.jpg,data/backup_train_synth_photoize\residence\0228_A4_residence-33_redacted.jpg
data/kyc\train\residence\0228_demi_residence-27_patched.jpg,data/backup_train_synth_photoize\residence\0228_demi_residence-27_patched.jpg
data/kyc\train\residence\0229_A4_residence-33_patched.jpg,data/backup_train_synth_photoize\residence\0229_A4_residence-33_patched.jpg
data/kyc\train\residence\0229_demi_residence-6_patched.jpg,data/backup_train_synth_photoize\residence\0229_demi_residence-6_patched.jpg
data/kyc\train\residence\0230_A4_residence-21_patched.jpg,data/backup_train_synth_photoize\residence\0230_A4_residence-21_patched.jpg
data/kyc\train\residence\0230_demi_residence-32_redacted.jpg,data/backup_train_synth_photoize\residence\0230_demi_residence-32_redacted.jpg
data/kyc\train\residence\0231_A4_residence-35_patched.jpg,data/backup_train_synth_photoize\residence\0231_A4_residence-35_patched.jpg
data/kyc\train\residence\0231_demi_residence-0_redacted.jpg,data/backup_train_synth_photoize\residence\0231_demi_residence-0_redacted.jpg
data/kyc\train\residence\0232_A4_residence-24_patched.jpg,data/backup_train_synth_photoize\residence\0232_A4_residence-24_patched.jpg
data/kyc\train\residence\0232_demi_residence-0_redacted.jpg,data/backup_train_synth_photoize\residence\0232_demi_residence-0_redacted.jpg
data/kyc\train\residence\0233_A4_residence-15_redacted.jpg,data/backup_train_synth_photoize\residence\0233_A4_residence-15_redacted.jpg
data/kyc\train\residence\0233_demi_residence-0_redacted.jpg,data/backup_train_synth_photoize\residence\0233_demi_residence-0_redacted.jpg
data/kyc\train\residence\0234_A4_residence-8_redacted.jpg,data/backup_train_synth_photoize\residence\0234_A4_residence-8_redacted.jpg
data/kyc\train\residence\0234_demi_residence-23_patched.jpg,data/backup_train_synth_photoize\residence\0234_demi_residence-23_patched.jpg
data/kyc\train\residence\0235_A4_residence-24_patched.jpg,data/backup_train_synth_photoize\residence\0235_A4_residence-24_patched.jpg
data/kyc\train\residence\0235_demi_residence-6_redacted.jpg,data/backup_train_synth_photoize\residence\0235_demi_residence-6_redacted.jpg
data/kyc\train\residence\0236_A4_residence-5_redacted.jpg,data/backup_train_synth_photoize\residence\0236_A4_residence-5_redacted.jpg
data/kyc\train\residence\0236_demi_Screenshot_2026-09-25_20.jpg,data/backup_train_synth_photoize\residence\0236_demi_Screenshot_2026-09-25_20.jpg
data/kyc\train\residence\0237_A4_residence-2_redacted.jpg,data/backup_train_synth_photoize\residence\0237_A4_residence-2_redacted.jpg
data/kyc\train\residence\0237_demi_residence-0_redacted.jpg,data/backup_train_synth_photoize\residence\0237_demi_residence-0_redacted.jpg
data/kyc\train\residence\0238_A4_residence-15_patched.jpg,data/backup_train_synth_photoize\residence\0238_A4_residence-15_patched.jpg
data/kyc\train\residence\0238_demi_residence-0_patched.jpg,data/backup_train_synth_photoize\residence\0238_demi_residence-0_patched.jpg
data/kyc\train\residence\0239_A4_residence-28_redacted.jpg,data/backup_train_synth_photoize\residence\0239_A4_residence-28_redacted.jpg
data/kyc\train\residence\0239_demi_residence-27_patched.jpg,data/backup_train_synth_photoize\residence\0239_demi_residence-27_patched.jpg
data/kyc\train\residence\0240_A4_1.jpg,data/backup_train_synth_photoize\residence\0240_A4_1.jpg
data/kyc\train\residence\0240_demi_residence-32_patched.jpg,data/backup_train_synth_photoize\residence\0240_demi_residence-32_patched.jpg
data/kyc\train\residence\0241_A4_residence-35_redacted.jpg,data/backup_train_synth_photoize\residence\0241_A4_residence-35_redacted.jpg
data/kyc\train\residence\0241_demi_residence-7_redacted.jpg,data/backup_train_synth_photoize\residence\0241_demi_residence-7_redacted.jpg
data/kyc\train\residence\0242_A4_residence-21_redacted.jpg,data/backup_train_synth_photoize\residence\0242_A4_residence-21_redacted.jpg
data/kyc\train\residence\0242_demi_Screenshot_2026-09-25_20.jpg,data/backup_train_synth_photoize\residence\0242_demi_Screenshot_2026-09-25_20.jpg
data/kyc\train\residence\0243_A4_residence-15_redacted.jpg,data/backup_train_synth_photoize\residence\0243_A4_residence-15_redacted.jpg
data/kyc\train\residence\0243_demi_residence-29_redacted.jpg,data/backup_train_synth_photoize\residence\0243_demi_residence-29_redacted.jpg
data/kyc\train\residence\0244_A4_residence-35_redacted.jpg,data/backup_train_synth_photoize\residence\0244_A4_residence-35_redacted.jpg
data/kyc\train\residence\0244_demi_residence-10_redacted.jpg,data/backup_train_synth_photoize\residence\0244_demi_residence-10_redacted.jpg
data/kyc\train\residence\0245_A4_residence-35_redacted.jpg,data/backup_train_synth_photoize\residence\0245_A4_residence-35_redacted.jpg
data/kyc\train\residence\0245_demi_residence-23_patched.jpg,data/backup_train_synth_photoize\residence\0245_demi_residence-23_patched.jpg
data/kyc\train\residence\0246_A4_residence-33_patched.jpg,data/backup_train_synth_photoize\residence\0246_A4_residence-33_patched.jpg
data/kyc\train\residence\0246_demi_residence-7_redacted.jpg,data/backup_train_synth_photoize\residence\0246_demi_residence-7_redacted.jpg
data/kyc\train\residence\0247_A4_1_1_.jpg,data/backup_train_synth_photoize\residence\0247_A4_1_1_.jpg
data/kyc\train\residence\0247_demi_residence-30_patched.jpg,data/backup_train_synth_photoize\residence\0247_demi_residence-30_patched.jpg
data/kyc\train\residence\0248_A4_residence-8_patched.jpg,data/backup_train_synth_photoize\residence\0248_A4_residence-8_patched.jpg
data/kyc\train\residence\0248_demi_residence-29_patched.jpg,data/backup_train_synth_photoize\residence\0248_demi_residence-29_patched.jpg
data/kyc\train\residence\0249_A4_residence-34_redacted.jpg,data/backup_train_synth_photoize\residence\0249_A4_residence-34_redacted.jpg
data/kyc\train\residence\0249_demi_residence-23_patched.jpg,data/backup_train_synth_photoize\residence\0249_demi_residence-23_patched.jpg
data/kyc\train\residence\0250_A4_residence-5_patched.jpg,data/backup_train_synth_photoize\residence\0250_A4_residence-5_patched.jpg
data/kyc\train\residence\0250_demi_residence-32_redacted.jpg,data/backup_train_synth_photoize\residence\0250_demi_residence-32_redacted.jpg
data/kyc\train\residence\0251_A4_1_2_.jpg,data/backup_train_synth_photoize\residence\0251_A4_1_2_.jpg
data/kyc\train\residence\0251_demi_residence-7_patched.jpg,data/backup_train_synth_photoize\residence\0251_demi_residence-7_patched.jpg
data/kyc\train\residence\0252_A4_residence-21_patched.jpg,data/backup_train_synth_photoize\residence\0252_A4_residence-21_patched.jpg
data/kyc\train\residence\0252_demi_residence-6_redacted.jpg,data/backup_train_synth_photoize\residence\0252_demi_residence-6_redacted.jpg
data/kyc\train\residence\0253_A4_residence-8_redacted.jpg,data/backup_train_synth_photoize\residence\0253_A4_residence-8_redacted.jpg
data/kyc\train\residence\0253_demi_residence-20_patched.jpg,data/backup_train_synth_photoize\residence\0253_demi_residence-20_patched.jpg
data/kyc\train\residence\0254_A4_residence-24_patched.jpg,data/backup_train_synth_photoize\residence\0254_A4_residence-24_patched.jpg
data/kyc\train\residence\0254_demi_residence-32_patched.jpg,data/backup_train_synth_photoize\residence\0254_demi_residence-32_patched.jpg
data/kyc\train\residence\0255_A4_residence-35_patched.jpg,data/backup_train_synth_photoize\residence\0255_A4_residence-35_patched.jpg
data/kyc\train\residence\0255_demi_residence-32_redacted.jpg,data/backup_train_synth_photoize\residence\0255_demi_residence-32_redacted.jpg
data/kyc\train\residence\0256_A4_residence-35_patched.jpg,data/backup_train_synth_photoize\residence\0256_A4_residence-35_patched.jpg
data/kyc\train\residence\0256_demi_residence-6_patched.jpg,data/backup_train_synth_photoize\residence\0256_demi_residence-6_patched.jpg
data/kyc\train\residence\0257_A4_residence-15_patched.jpg,data/backup_train_synth_photoize\residence\0257_A4_residence-15_patched.jpg
data/kyc\train\residence\0257_demi_residence-6_patched.jpg,data/backup_train_synth_photoize\residence\0257_demi_residence-6_patched.jpg
data/kyc\train\residence\0258_A4_residence-5_redacted.jpg,data/backup_train_synth_photoize\residence\0258_A4_residence-5_redacted.jpg
data/kyc\train\residence\0258_demi_residence-20_patched.jpg,data/backup_train_synth_photoize\residence\0258_demi_residence-20_patched.jpg
data/kyc\train\residence\0259_A4_residence-9_patched.jpg,data/backup_train_synth_photoize\residence\0259_A4_residence-9_patched.jpg
data/kyc\train\residence\0259_demi_residence-32_redacted.jpg,data/backup_train_synth_photoize\residence\0259_demi_residence-32_redacted.jpg
data/kyc\train\residence\0260_A4_residence-24_patched.jpg,data/backup_train_synth_photoize\residence\0260_A4_residence-24_patched.jpg
data/kyc\train\residence\0260_demi_residence-10_redacted.jpg,data/backup_train_synth_photoize\residence\0260_demi_residence-10_redacted.jpg
data/kyc\train\residence\0261_A4_residence-28_redacted.jpg,data/backup_train_synth_photoize\residence\0261_A4_residence-28_redacted.jpg
data/kyc\train\residence\0261_demi_residence-27_patched.jpg,data/backup_train_synth_photoize\residence\0261_demi_residence-27_patched.jpg
data/kyc\train\residence\0262_A4_residence-8_redacted.jpg,data/backup_train_synth_photoize\residence\0262_A4_residence-8_redacted.jpg
data/kyc\train\residence\0262_demi_Screenshot_2026-09-25_20.jpg,data/backup_train_synth_photoize\residence\0262_demi_Screenshot_2026-09-25_20.jpg
data/kyc\train\residence\0263_A4_residence-21_redacted.jpg,data/backup_train_synth_photoize\residence\0263_A4_residence-21_redacted.jpg
data/kyc\train\residence\0263_demi_residence-10_patched.jpg,data/backup_train_synth_photoize\residence\0263_demi_residence-10_patched.jpg
data/kyc\train\residence\0264_A4_1_2_.jpg,data/backup_train_synth_photoize\residence\0264_A4_1_2_.jpg
data/kyc\train\residence\0264_demi_Screenshot_2026-09-25_20.jpg,data/backup_train_synth_photoize\residence\0264_demi_Screenshot_2026-09-25_20.jpg
data/kyc\train\residence\0265_A4_1_1_.jpg,data/backup_train_synth_photoize\residence\0265_A4_1_1_.jpg
data/kyc\train\residence\0265_demi_residence-7_patched.jpg,data/backup_train_synth_photoize\residence\0265_demi_residence-7_patched.jpg
data/kyc\train\residence\0266_A4_residence-15_redacted.jpg,data/backup_train_synth_photoize\residence\0266_A4_residence-15_redacted.jpg
data/kyc\train\residence\0266_demi_residence-6_redacted.jpg,data/backup_train_synth_photoize\residence\0266_demi_residence-6_redacted.jpg
data/kyc\train\residence\0267_A4_residence-34_patched.jpg,data/backup_train_synth_photoize\residence\0267_A4_residence-34_patched.jpg
data/kyc\train\residence\0267_demi_residence-0_patched.jpg,data/backup_train_synth_photoize\residence\0267_demi_residence-0_patched.jpg
data/kyc\train\residence\0268_A4_1_2_.jpg,data/backup_train_synth_photoize\residence\0268_A4_1_2_.jpg
data/kyc\train\residence\0268_demi_Screenshot_2026-09-25_20.jpg,data/backup_train_synth_photoize\residence\0268_demi_Screenshot_2026-09-25_20.jpg
data/kyc\train\residence\0269_A4_residence-28_redacted.jpg,data/backup_train_synth_photoize\residence\0269_A4_residence-28_redacted.jpg
data/kyc\train\residence\0269_demi_residence-6_redacted.jpg,data/backup_train_synth_photoize\residence\0269_demi_residence-6_redacted.jpg
data/kyc\train\residence\0270_A4_residence-35_redacted.jpg,data/backup_train_synth_photoize\residence\0270_A4_residence-35_redacted.jpg
data/kyc\train\residence\0270_demi_residence-0_redacted.jpg,data/backup_train_synth_photoize\residence\0270_demi_residence-0_redacted.jpg
data/kyc\train\residence\0271_A4_residence-8_patched.jpg,data/backup_train_synth_photoize\residence\0271_A4_residence-8_patched.jpg
data/kyc\train\residence\0271_demi_Screenshot_2026-09-25_20.jpg,data/backup_train_synth_photoize\residence\0271_demi_Screenshot_2026-09-25_20.jpg
data/kyc\train\residence\0272_A4_residence-21_redacted.jpg,data/backup_train_synth_photoize\residence\0272_A4_residence-21_redacted.jpg
data/kyc\train\residence\0272_demi_residence-6_patched.jpg,data/backup_train_synth_photoize\residence\0272_demi_residence-6_patched.jpg
data/kyc\train\residence\0273_A4_residence-15_patched.jpg,data/backup_train_synth_photoize\residence\0273_A4_residence-15_patched.jpg
data/kyc\train\residence\0273_demi_residence-30_patched.jpg,data/backup_train_synth_photoize\residence\0273_demi_residence-30_patched.jpg
data/kyc\train\residence\0274_A4_residence-15_redacted.jpg,data/backup_train_synth_photoize\residence\0274_A4_residence-15_redacted.jpg
data/kyc\train\residence\0274_demi_residence-27_redacted.jpg,data/backup_train_synth_photoize\residence\0274_demi_residence-27_redacted.jpg
data/kyc\train\residence\0275_A4_residence-24_patched.jpg,data/backup_train_synth_photoize\residence\0275_A4_residence-24_patched.jpg
data/kyc\train\residence\0275_demi_images.jpg,data/backup_train_synth_photoize\residence\0275_demi_images.jpg
data/kyc\train\residence\0276_A4_1_2_.jpg,data/backup_train_synth_photoize\residence\0276_A4_1_2_.jpg
data/kyc\train\residence\0276_demi_residence-29_patched.jpg,data/backup_train_synth_photoize\residence\0276_demi_residence-29_patched.jpg
data/kyc\train\residence\0277_A4_1.jpg,data/backup_train_synth_photoize\residence\0277_A4_1.jpg
data/kyc\train\residence\0277_demi_residence-30_patched.jpg,data/backup_train_synth_photoize\residence\0277_demi_residence-30_patched.jpg
data/kyc\train\residence\0278_A4_residence-8_patched.jpg,data/backup_train_synth_photoize\residence\0278_A4_residence-8_patched.jpg
data/kyc\train\residence\0278_demi_residence-29_patched.jpg,data/backup_train_synth_photoize\residence\0278_demi_residence-29_patched.jpg
data/kyc\train\residence\0279_A4_residence-35_patched.jpg,data/backup_train_synth_photoize\residence\0279_A4_residence-35_patched.jpg
data/kyc\train\residence\0279_demi_residence-30_patched.jpg,data/backup_train_synth_photoize\residence\0279_demi_residence-30_patched.jpg
data/kyc\train\residence\0280_A4_residence-5_patched.jpg,data/backup_train_synth_photoize\residence\0280_A4_residence-5_patched.jpg
data/kyc\train\residence\0280_demi_residence-7_redacted.jpg,data/backup_train_synth_photoize\residence\0280_demi_residence-7_redacted.jpg
data/kyc\train\residence\0281_A4_residence-5_patched.jpg,data/backup_train_synth_photoize\residence\0281_A4_residence-5_patched.jpg
data/kyc\train\residence\0281_demi_residence-7_patched.jpg,data/backup_train_synth_photoize\residence\0281_demi_residence-7_patched.jpg
data/kyc\train\residence\0282_A4_residence-9_patched.jpg,data/backup_train_synth_photoize\residence\0282_A4_residence-9_patched.jpg
data/kyc\train\residence\0282_demi_residence-10_patched.jpg,data/backup_train_synth_photoize\residence\0282_demi_residence-10_patched.jpg
data/kyc\train\residence\0283_A4_residence-8_patched.jpg,data/backup_train_synth_photoize\residence\0283_A4_residence-8_patched.jpg
data/kyc\train\residence\0283_demi_residence-32_patched.jpg,data/backup_train_synth_photoize\residence\0283_demi_residence-32_patched.jpg
data/kyc\train\residence\0284_A4_residence-33_patched.jpg,data/backup_train_synth_photoize\residence\0284_A4_residence-33_patched.jpg
data/kyc\train\residence\0284_demi_residence-20_patched.jpg,data/backup_train_synth_photoize\residence\0284_demi_residence-20_patched.jpg
data/kyc\train\residence\0285_A4_residence-5_redacted.jpg,data/backup_train_synth_photoize\residence\0285_A4_residence-5_redacted.jpg
data/kyc\train\residence\0285_demi_residence-29_redacted.jpg,data/backup_train_synth_photoize\residence\0285_demi_residence-29_redacted.jpg
data/kyc\train\residence\0286_A4_1.jpg,data/backup_train_synth_photoize\residence\0286_A4_1.jpg
data/kyc\train\residence\0286_demi_residence-20_patched.jpg,data/backup_train_synth_photoize\residence\0286_demi_residence-20_patched.jpg
data/kyc\train\residence\0287_A4_residence-34_redacted.jpg,data/backup_train_synth_photoize\residence\0287_A4_residence-34_redacted.jpg
data/kyc\train\residence\0287_demi_residence-0_patched.jpg,data/backup_train_synth_photoize\residence\0287_demi_residence-0_patched.jpg
data/kyc\train\residence\0288_A4_residence-5_patched.jpg,data/backup_train_synth_photoize\residence\0288_A4_residence-5_patched.jpg
data/kyc\train\residence\0288_demi_residence-10_redacted.jpg,data/backup_train_synth_photoize\residence\0288_demi_residence-10_redacted.jpg
data/kyc\train\residence\0289_A4_residence-33_patched.jpg,data/backup_train_synth_photoize\residence\0289_A4_residence-33_patched.jpg
data/kyc\train\residence\0289_demi_residence-6_patched.jpg,data/backup_train_synth_photoize\residence\0289_demi_residence-6_patched.jpg
data/kyc\train\residence\0290_A4_residence-34_patched.jpg,data/backup_train_synth_photoize\residence\0290_A4_residence-34_patched.jpg
data/kyc\train\residence\0290_demi_residence-29_patched.jpg,data/backup_train_synth_photoize\residence\0290_demi_residence-29_patched.jpg
data/kyc\train\residence\0291_A4_residence-35_patched.jpg,data/backup_train_synth_photoize\residence\0291_A4_residence-35_patched.jpg
data/kyc\train\residence\0291_demi_residence-7_redacted.jpg,data/backup_train_synth_photoize\residence\0291_demi_residence-7_redacted.jpg
data/kyc\train\residence\0292_A4_residence-24_patched.jpg,data/backup_train_synth_photoize\residence\0292_A4_residence-24_patched.jpg
data/kyc\train\residence\0292_demi_residence-7_redacted.jpg,data/backup_train_synth_photoize\residence\0292_demi_residence-7_redacted.jpg
data/kyc\train\residence\0293_A4_residence-15_patched.jpg,data/backup_train_synth_photoize\residence\0293_A4_residence-15_patched.jpg
data/kyc\train\residence\0293_demi_residence-0_redacted.jpg,data/backup_train_synth_photoize\residence\0293_demi_residence-0_redacted.jpg
data/kyc\train\residence\0294_A4_residence-24_patched.jpg,data/backup_train_synth_photoize\residence\0294_A4_residence-24_patched.jpg
data/kyc\train\residence\0294_demi_residence-23_patched.jpg,data/backup_train_synth_photoize\residence\0294_demi_residence-23_patched.jpg
data/kyc\train\residence\0295_A4_residence-8_redacted.jpg,data/backup_train_synth_photoize\residence\0295_A4_residence-8_redacted.jpg
data/kyc\train\residence\0295_demi_residence-29_redacted.jpg,data/backup_train_synth_photoize\residence\0295_demi_residence-29_redacted.jpg
data/kyc\train\residence\0296_A4_residence-34_patched.jpg,data/backup_train_synth_photoize\residence\0296_A4_residence-34_patched.jpg
data/kyc\train\residence\0296_demi_residence-20_patched.jpg,data/backup_train_synth_photoize\residence\0296_demi_residence-20_patched.jpg
data/kyc\train\residence\0297_A4_residence-21_redacted.jpg,data/backup_train_synth_photoize\residence\0297_A4_residence-21_redacted.jpg
data/kyc\train\residence\0297_demi_residence-29_redacted.jpg,data/backup_train_synth_photoize\residence\0297_demi_residence-29_redacted.jpg
data/kyc\train\residence\0298_A4_residence-35_redacted.jpg,data/backup_train_synth_photoize\residence\0298_A4_residence-35_redacted.jpg
data/kyc\train\residence\0298_demi_residence-30_patched.jpg,data/backup_train_synth_photoize\residence\0298_demi_residence-30_patched.jpg
data/kyc\train\residence\0299_A4_residence-34_patched.jpg,data/backup_train_synth_photoize\residence\0299_A4_residence-34_patched.jpg
data/kyc\train\residence\0299_demi_residence-29_redacted.jpg,data/backup_train_synth_photoize\residence\0299_demi_residence-29_redacted.jpg
data/kyc\train\residence\0300_A4_residence-15_redacted.jpg,data/backup_train_synth_photoize\residence\0300_A4_residence-15_redacted.jpg
data/kyc\train\residence\0300_demi_residence-27_patched.jpg,data/backup_train_synth_photoize\residence\0300_demi_residence-27_patched.jpg
data/kyc\train\residence\0301_A4_residence-15_patched.jpg,data/backup_train_synth_photoize\residence\0301_A4_residence-15_patched.jpg
data/kyc\train\residence\0301_demi_residence-30_redacted.jpg,data/backup_train_synth_photoize\residence\0301_demi_residence-30_redacted.jpg
data/kyc\train\residence\0302_A4_1_2_.jpg,data/backup_train_synth_photoize\residence\0302_A4_1_2_.jpg
data/kyc\train\residence\0302_demi_Screenshot_2026-09-25_20.jpg,data/backup_train_synth_photoize\residence\0302_demi_Screenshot_2026-09-25_20.jpg
data/kyc\train\residence\0303_A4_residence-8_redacted.jpg,data/backup_train_synth_photoize\residence\0303_A4_residence-8_redacted.jpg
data/kyc\train\residence\0304_A4_residence-5_redacted.jpg,data/backup_train_synth_photoize\residence\0304_A4_residence-5_redacted.jpg
data/kyc\train\residence\0304_demi_residence-7_redacted.jpg,data/backup_train_synth_photoize\residence\0304_demi_residence-7_redacted.jpg
data/kyc\train\residence\0305_A4_1_2_.jpg,data/backup_train_synth_photoize\residence\0305_A4_1_2_.jpg
data/kyc\train\residence\0305_demi_residence-10_patched.jpg,data/backup_train_synth_photoize\residence\0305_demi_residence-10_patched.jpg
data/kyc\train\residence\0306_A4_residence-21_patched.jpg,data/backup_train_synth_photoize\residence\0306_A4_residence-21_patched.jpg
data/kyc\train\residence\0306_demi_residence-27_patched.jpg,data/backup_train_synth_photoize\residence\0306_demi_residence-27_patched.jpg
data/kyc\train\residence\0307_A4_residence-15_redacted.jpg,data/backup_train_synth_photoize\residence\0307_A4_residence-15_redacted.jpg
data/kyc\train\residence\0307_demi_residence-6_redacted.jpg,data/backup_train_synth_photoize\residence\0307_demi_residence-6_redacted.jpg
data/kyc\train\residence\0308_A4_residence-8_redacted.jpg,data/backup_train_synth_photoize\residence\0308_A4_residence-8_redacted.jpg
data/kyc\train\residence\0308_demi_residence-30_redacted.jpg,data/backup_train_synth_photoize\residence\0308_demi_residence-30_redacted.jpg
data/kyc\train\residence\0309_A4_1_2_.jpg,data/backup_train_synth_photoize\residence\0309_A4_1_2_.jpg
data/kyc\train\residence\0309_demi_Screenshot_2026-09-25_20.jpg,data/backup_train_synth_photoize\residence\0309_demi_Screenshot_2026-09-25_20.jpg
data/kyc\train\residence\0310_A4_residence-4_patched.jpg,data/backup_train_synth_photoize\residence\0310_A4_residence-4_patched.jpg
data/kyc\train\residence\0310_demi_residence-10_patched.jpg,data/backup_train_synth_photoize\residence\0310_demi_residence-10_patched.jpg
data/kyc\train\residence\0311_A4_residence-2_redacted.jpg,data/backup_train_synth_photoize\residence\0311_A4_residence-2_redacted.jpg
data/kyc\train\residence\0311_demi_residence-29_redacted.jpg,data/backup_train_synth_photoize\residence\0311_demi_residence-29_redacted.jpg
data/kyc\train\residence\0312_A4_residence-34_redacted.jpg,data/backup_train_synth_photoize\residence\0312_A4_residence-34_redacted.jpg
data/kyc\train\residence\0312_demi_residence-6_redacted.jpg,data/backup_train_synth_photoize\residence\0312_demi_residence-6_redacted.jpg
data/kyc\train\residence\0313_A4_residence-21_redacted.jpg,data/backup_train_synth_photoize\residence\0313_A4_residence-21_redacted.jpg
data/kyc\train\residence\0314_A4_residence-33_patched.jpg,data/backup_train_synth_photoize\residence\0314_A4_residence-33_patched.jpg
data/kyc\train\residence\0314_demi_residence-23_patched.jpg,data/backup_train_synth_photoize\residence\0314_demi_residence-23_patched.jpg
data/kyc\train\residence\0315_A4_residence-15_patched.jpg,data/backup_train_synth_photoize\residence\0315_A4_residence-15_patched.jpg
data/kyc\train\residence\0315_demi_residence-20_patched.jpg,data/backup_train_synth_photoize\residence\0315_demi_residence-20_patched.jpg
data/kyc\train\residence\0316_A4_residence-9_patched.jpg,data/backup_train_synth_photoize\residence\0316_A4_residence-9_patched.jpg
data/kyc\train\residence\0316_demi_residence-0_redacted.jpg,data/backup_train_synth_photoize\residence\0316_demi_residence-0_redacted.jpg
data/kyc\train\residence\0317_A4_1.jpg,data/backup_train_synth_photoize\residence\0317_A4_1.jpg
data/kyc\train\residence\0317_demi_residence-32_redacted.jpg,data/backup_train_synth_photoize\residence\0317_demi_residence-32_redacted.jpg
data/kyc\train\residence\0318_A4_residence-15_redacted.jpg,data/backup_train_synth_photoize\residence\0318_A4_residence-15_redacted.jpg
data/kyc\train\residence\0318_demi_residence-6_redacted.jpg,data/backup_train_synth_photoize\residence\0318_demi_residence-6_redacted.jpg
data/kyc\train\residence\0319_A4_residence-34_redacted.jpg,data/backup_train_synth_photoize\residence\0319_A4_residence-34_redacted.jpg
data/kyc\train\residence\0319_demi_residence-32_redacted.jpg,data/backup_train_synth_photoize\residence\0319_demi_residence-32_redacted.jpg
data/kyc\train\residence\0320_A4_residence-24_patched.jpg,data/backup_train_synth_photoize\residence\0320_A4_residence-24_patched.jpg
data/kyc\train\residence\0320_demi_residence-10_redacted.jpg,data/backup_train_synth_photoize\residence\0320_demi_residence-10_redacted.jpg
data/kyc\train\residence\0321_A4_residence-24_patched.jpg,data/backup_train_synth_photoize\residence\0321_A4_residence-24_patched.jpg
data/kyc\train\residence\0321_demi_residence-29_patched.jpg,data/backup_train_synth_photoize\residence\0321_demi_residence-29_patched.jpg
data/kyc\train\residence\0322_A4_residence-34_patched.jpg,data/backup_train_synth_photoize\residence\0322_A4_residence-34_patched.jpg
data/kyc\train\residence\0322_demi_residence-27_redacted.jpg,data/backup_train_synth_photoize\residence\0322_demi_residence-27_redacted.jpg
data/kyc\train\residence\0323_A4_residence-4_patched.jpg,data/backup_train_synth_photoize\residence\0323_A4_residence-4_patched.jpg
data/kyc\train\residence\0323_demi_residence-22_patched.jpg,data/backup_train_synth_photoize\residence\0323_demi_residence-22_patched.jpg
data/kyc\train\residence\0324_A4_residence-33_redacted.jpg,data/backup_train_synth_photoize\residence\0324_A4_residence-33_redacted.jpg
data/kyc\train\residence\0324_demi_residence-27_redacted.jpg,data/backup_train_synth_photoize\residence\0324_demi_residence-27_redacted.jpg
data/kyc\train\residence\0325_A4_residence-21_redacted.jpg,data/backup_train_synth_photoize\residence\0325_A4_residence-21_redacted.jpg
data/kyc\train\residence\0325_demi_residence-7_redacted.jpg,data/backup_train_synth_photoize\residence\0325_demi_residence-7_redacted.jpg
data/kyc\train\residence\0326_A4_residence-21_redacted.jpg,data/backup_train_synth_photoize\residence\0326_A4_residence-21_redacted.jpg
data/kyc\train\residence\0326_demi_residence-32_redacted.jpg,data/backup_train_synth_photoize\residence\0326_demi_residence-32_redacted.jpg
data/kyc\train\residence\0327_A4_residence-9_patched.jpg,data/backup_train_synth_photoize\residence\0327_A4_residence-9_patched.jpg
data/kyc\train\residence\0327_demi_residence-0_patched.jpg,data/backup_train_synth_photoize\residence\0327_demi_residence-0_patched.jpg
data/kyc\train\residence\0328_A4_residence-28_redacted.jpg,data/backup_train_synth_photoize\residence\0328_A4_residence-28_redacted.jpg
data/kyc\train\residence\0328_demi_images.jpg,data/backup_train_synth_photoize\residence\0328_demi_images.jpg
data/kyc\train\residence\0329_A4_residence-34_patched.jpg,data/backup_train_synth_photoize\residence\0329_A4_residence-34_patched.jpg
data/kyc\train\residence\0329_demi_residence-10_patched.jpg,data/backup_train_synth_photoize\residence\0329_demi_residence-10_patched.jpg
data/kyc\train\residence\0330_A4_1_1_.jpg,data/backup_train_synth_photoize\residence\0330_A4_1_1_.jpg
data/kyc\train\residence\0330_demi_residence-10_patched.jpg,data/backup_train_synth_photoize\residence\0330_demi_residence-10_patched.jpg
data/kyc\train\residence\0331_A4_residence-15_redacted.jpg,data/backup_train_synth_photoize\residence\0331_A4_residence-15_redacted.jpg
data/kyc\train\residence\0331_demi_residence-27_patched.jpg,data/backup_train_synth_photoize\residence\0331_demi_residence-27_patched.jpg
data/kyc\train\residence\0332_A4_residence-24_redacted.jpg,data/backup_train_synth_photoize\residence\0332_A4_residence-24_redacted.jpg
data/kyc\train\residence\0332_demi_residence-10_patched.jpg,data/backup_train_synth_photoize\residence\0332_demi_residence-10_patched.jpg
data/kyc\train\residence\0333_A4_1_2_.jpg,data/backup_train_synth_photoize\residence\0333_A4_1_2_.jpg
data/kyc\train\residence\0333_demi_residence-10_redacted.jpg,data/backup_train_synth_photoize\residence\0333_demi_residence-10_redacted.jpg
data/kyc\train\residence\0334_A4_1_1_.jpg,data/backup_train_synth_photoize\residence\0334_A4_1_1_.jpg
data/kyc\train\residence\0334_demi_residence-10_redacted.jpg,data/backup_train_synth_photoize\residence\0334_demi_residence-10_redacted.jpg
data/kyc\train\residence\0335_A4_1_2_.jpg,data/backup_train_synth_photoize\residence\0335_A4_1_2_.jpg
data/kyc\train\residence\0335_demi_residence-0_patched.jpg,data/backup_train_synth_photoize\residence\0335_demi_residence-0_patched.jpg
data/kyc\train\residence\0336_A4_residence-21_patched.jpg,data/backup_train_synth_photoize\residence\0336_A4_residence-21_patched.jpg
data/kyc\train\residence\0336_demi_residence-22_patched.jpg,data/backup_train_synth_photoize\residence\0336_demi_residence-22_patched.jpg
data/kyc\train\residence\0337_A4_residence-15_patched.jpg,data/backup_train_synth_photoize\residence\0337_A4_residence-15_patched.jpg
data/kyc\train\residence\0337_demi_Screenshot_2026-09-25_20.jpg,data/backup_train_synth_photoize\residence\0337_demi_Screenshot_2026-09-25_20.jpg
data/kyc\train\residence\0338_A4_residence-33_redacted.jpg,data/backup_train_synth_photoize\residence\0338_A4_residence-33_redacted.jpg
data/kyc\train\residence\0338_demi_residence-20_patched.jpg,data/backup_train_synth_photoize\residence\0338_demi_residence-20_patched.jpg
data/kyc\train\residence\0339_A4_residence-15_redacted.jpg,data/backup_train_synth_photoize\residence\0339_A4_residence-15_redacted.jpg
data/kyc\train\residence\0339_demi_residence-32_redacted.jpg,data/backup_train_synth_photoize\residence\0339_demi_residence-32_redacted.jpg
data/kyc\train\residence\0340_A4_residence-35_patched.jpg,data/backup_train_synth_photoize\residence\0340_A4_residence-35_patched.jpg
data/kyc\train\residence\0340_demi_residence-6_redacted.jpg,data/backup_train_synth_photoize\residence\0340_demi_residence-6_redacted.jpg
data/kyc\train\residence\0341_A4_residence-24_redacted.jpg,data/backup_train_synth_photoize\residence\0341_A4_residence-24_redacted.jpg
data/kyc\train\residence\0341_demi_residence-0_patched.jpg,data/backup_train_synth_photoize\residence\0341_demi_residence-0_patched.jpg
data/kyc\train\residence\0342_A4_residence-15_patched.jpg,data/backup_train_synth_photoize\residence\0342_A4_residence-15_patched.jpg
data/kyc\train\residence\0342_demi_Screenshot_2026-09-25_20.jpg,data/backup_train_synth_photoize\residence\0342_demi_Screenshot_2026-09-25_20.jpg
data/kyc\train\residence\0343_A4_residence-5_patched.jpg,data/backup_train_synth_photoize\residence\0343_A4_residence-5_patched.jpg
data/kyc\train\residence\0343_demi_residence-20_patched.jpg,data/backup_train_synth_photoize\residence\0343_demi_residence-20_patched.jpg
data/kyc\train\residence\0344_A4_residence-2_redacted.jpg,data/backup_train_synth_photoize\residence\0344_A4_residence-2_redacted.jpg
data/kyc\train\residence\0344_demi_residence-29_redacted.jpg,data/backup_train_synth_photoize\residence\0344_demi_residence-29_redacted.jpg
data/kyc\train\residence\0345_A4_residence-35_redacted.jpg,data/backup_train_synth_photoize\residence\0345_A4_residence-35_redacted.jpg
data/kyc\train\residence\0345_demi_residence-6_redacted.jpg,data/backup_train_synth_photoize\residence\0345_demi_residence-6_redacted.jpg
data/kyc\train\residence\0346_A4_residence-9_patched.jpg,data/backup_train_synth_photoize\residence\0346_A4_residence-9_patched.jpg
data/kyc\train\residence\0346_demi_residence-0_patched.jpg,data/backup_train_synth_photoize\residence\0346_demi_residence-0_patched.jpg
data/kyc\train\residence\0347_A4_residence-24_patched.jpg,data/backup_train_synth_photoize\residence\0347_A4_residence-24_patched.jpg
data/kyc\train\residence\0347_demi_residence-6_redacted.jpg,data/backup_train_synth_photoize\residence\0347_demi_residence-6_redacted.jpg
data/kyc\train\residence\0348_A4_1_2_.jpg,data/backup_train_synth_photoize\residence\0348_A4_1_2_.jpg
data/kyc\train\residence\0348_demi_residence-27_patched.jpg,data/backup_train_synth_photoize\residence\0348_demi_residence-27_patched.jpg
data/kyc\train\residence\0349_A4_residence-35_redacted.jpg,data/backup_train_synth_photoize\residence\0349_A4_residence-35_redacted.jpg
data/kyc\train\residence\0349_demi_residence-27_patched.jpg,data/backup_train_synth_photoize\residence\0349_demi_residence-27_patched.jpg
data/kyc\train\residence\0350_A4_1_2_.jpg,data/backup_train_synth_photoize\residence\0350_A4_1_2_.jpg
data/kyc\train\residence\0350_demi_Screenshot_2026-09-25_20.jpg,data/backup_train_synth_photoize\residence\0350_demi_Screenshot_2026-09-25_20.jpg
data/kyc\train\residence\0351_A4_residence-8_redacted.jpg,data/backup_train_synth_photoize\residence\0351_A4_residence-8_redacted.jpg
data/kyc\train\residence\0351_demi_residence-30_redacted.jpg,data/backup_train_synth_photoize\residence\0351_demi_residence-30_redacted.jpg
data/kyc\train\residence\0352_A4_residence-21_redacted.jpg,data/backup_train_synth_photoize\residence\0352_A4_residence-21_redacted.jpg
data/kyc\train\residence\0352_demi_residence-30_redacted.jpg,data/backup_train_synth_photoize\residence\0352_demi_residence-30_redacted.jpg
data/kyc\train\residence\0353_A4_residence-4_patched.jpg,data/backup_train_synth_photoize\residence\0353_A4_residence-4_patched.jpg
data/kyc\train\residence\0353_demi_residence-7_patched.jpg,data/backup_train_synth_photoize\residence\0353_demi_residence-7_patched.jpg
data/kyc\train\residence\0354_A4_residence-33_patched.jpg,data/backup_train_synth_photoize\residence\0354_A4_residence-33_patched.jpg
data/kyc\train\residence\0354_demi_residence-23_patched.jpg,data/backup_train_synth_photoize\residence\0354_demi_residence-23_patched.jpg
data/kyc\train\residence\0355_A4_residence-24_redacted.jpg,data/backup_train_synth_photoize\residence\0355_A4_residence-24_redacted.jpg
data/kyc\train\residence\0355_demi_residence-27_patched.jpg,data/backup_train_synth_photoize\residence\0355_demi_residence-27_patched.jpg
data/kyc\train\residence\0356_A4_residence-2_redacted.jpg,data/backup_train_synth_photoize\residence\0356_A4_residence-2_redacted.jpg
data/kyc\train\residence\0356_demi_residence-0_patched.jpg,data/backup_train_synth_photoize\residence\0356_demi_residence-0_patched.jpg
data/kyc\train\residence\0357_A4_residence-33_redacted.jpg,data/backup_train_synth_photoize\residence\0357_A4_residence-33_redacted.jpg
data/kyc\train\residence\0357_demi_residence-10_redacted.jpg,data/backup_train_synth_photoize\residence\0357_demi_residence-10_redacted.jpg
data/kyc\train\residence\0358_A4_residence-34_patched.jpg,data/backup_train_synth_photoize\residence\0358_A4_residence-34_patched.jpg
data/kyc\train\residence\0358_demi_residence-32_redacted.jpg,data/backup_train_synth_photoize\residence\0358_demi_residence-32_redacted.jpg
data/kyc\train\residence\0359_A4_residence-24_redacted.jpg,data/backup_train_synth_photoize\residence\0359_A4_residence-24_redacted.jpg
data/kyc\train\residence\0359_demi_residence-27_redacted.jpg,data/backup_train_synth_photoize\residence\0359_demi_residence-27_redacted.jpg
data/kyc\train\residence\0360_A4_residence-34_redacted.jpg,data/backup_train_synth_photoize\residence\0360_A4_residence-34_redacted.jpg
data/kyc\train\residence\0360_demi_residence-30_patched.jpg,data/backup_train_synth_photoize\residence\0360_demi_residence-30_patched.jpg
data/kyc\train\residence\0361_A4_residence-35_redacted.jpg,data/backup_train_synth_photoize\residence\0361_A4_residence-35_redacted.jpg
data/kyc\train\residence\0361_demi_residence-22_patched.jpg,data/backup_train_synth_photoize\residence\0361_demi_residence-22_patched.jpg
data/kyc\train\residence\0362_A4_residence-34_patched.jpg,data/backup_train_synth_photoize\residence\0362_A4_residence-34_patched.jpg
data/kyc\train\residence\0362_demi_residence-0_patched.jpg,data/backup_train_synth_photoize\residence\0362_demi_residence-0_patched.jpg
data/kyc\train\residence\0363_A4_1_2_.jpg,data/backup_train_synth_photoize\residence\0363_A4_1_2_.jpg
data/kyc\train\residence\0363_demi_residence-32_patched.jpg,data/backup_train_synth_photoize\residence\0363_demi_residence-32_patched.jpg
data/kyc\train\residence\0364_A4_residence-5_redacted.jpg,data/backup_train_synth_photoize\residence\0364_A4_residence-5_redacted.jpg
data/kyc\train\residence\0364_demi_Screenshot_2026-09-25_20.jpg,data/backup_train_synth_photoize\residence\0364_demi_Screenshot_2026-09-25_20.jpg
data/kyc\train\residence\0365_A4_residence-8_redacted.jpg,data/backup_train_synth_photoize\residence\0365_A4_residence-8_redacted.jpg
data/kyc\train\residence\0365_demi_Screenshot_2026-09-25_20.jpg,data/backup_train_synth_photoize\residence\0365_demi_Screenshot_2026-09-25_20.jpg
data/kyc\train\residence\0366_A4_residence-28_redacted.jpg,data/backup_train_synth_photoize\residence\0366_A4_residence-28_redacted.jpg
data/kyc\train\residence\0366_demi_residence-27_redacted.jpg,data/backup_train_synth_photoize\residence\0366_demi_residence-27_redacted.jpg
data/kyc\train\residence\0367_A4_residence-24_patched.jpg,data/backup_train_synth_photoize\residence\0367_A4_residence-24_patched.jpg
data/kyc\train\residence\0367_demi_residence-30_patched.jpg,data/backup_train_synth_photoize\residence\0367_demi_residence-30_patched.jpg
data/kyc\train\residence\0368_A4_residence-35_patched.jpg,data/backup_train_synth_photoize\residence\0368_A4_residence-35_patched.jpg
data/kyc\train\residence\0368_demi_residence-23_patched.jpg,data/backup_train_synth_photoize\residence\0368_demi_residence-23_patched.jpg
data/kyc\train\residence\0369_A4_residence-21_patched.jpg,data/backup_train_synth_photoize\residence\0369_A4_residence-21_patched.jpg
data/kyc\train\residence\0369_demi_residence-6_patched.jpg,data/backup_train_synth_photoize\residence\0369_demi_residence-6_patched.jpg
data/kyc\train\residence\0370_A4_residence-33_patched.jpg,data/backup_train_synth_photoize\residence\0370_A4_residence-33_patched.jpg
data/kyc\train\residence\0370_demi_residence-7_patched.jpg,data/backup_train_synth_photoize\residence\0370_demi_residence-7_patched.jpg
data/kyc\train\residence\0371_A4_residence-2_redacted.jpg,data/backup_train_synth_photoize\residence\0371_A4_residence-2_redacted.jpg
data/kyc\train\residence\0371_demi_residence-30_redacted.jpg,data/backup_train_synth_photoize\residence\0371_demi_residence-30_redacted.jpg
data/kyc\train\residence\0372_A4_residence-33_redacted.jpg,data/backup_train_synth_photoize\residence\0372_A4_residence-33_redacted.jpg
data/kyc\train\residence\0372_demi_residence-32_patched.jpg,data/backup_train_synth_photoize\residence\0372_demi_residence-32_patched.jpg
data/kyc\train\residence\0373_A4_residence-9_patched.jpg,data/backup_train_synth_photoize\residence\0373_A4_residence-9_patched.jpg
data/kyc\train\residence\0373_demi_residence-0_redacted.jpg,data/backup_train_synth_photoize\residence\0373_demi_residence-0_redacted.jpg
data/kyc\train\residence\0374_A4_residence-15_patched.jpg,data/backup_train_synth_photoize\residence\0374_A4_residence-15_patched.jpg
data/kyc\train\residence\0374_demi_residence-27_redacted.jpg,data/backup_train_synth_photoize\residence\0374_demi_residence-27_redacted.jpg
data/kyc\train\residence\0375_A4_residence-4_patched.jpg,data/backup_train_synth_photoize\residence\0375_A4_residence-4_patched.jpg
data/kyc\train\residence\0375_demi_residence-10_patched.jpg,data/backup_train_synth_photoize\residence\0375_demi_residence-10_patched.jpg
data/kyc\train\residence\0376_A4_residence-15_redacted.jpg,data/backup_train_synth_photoize\residence\0376_A4_residence-15_redacted.jpg
data/kyc\train\residence\0376_demi_residence-20_patched.jpg,data/backup_train_synth_photoize\residence\0376_demi_residence-20_patched.jpg
data/kyc\train\residence\0377_A4_residence-15_patched.jpg,data/backup_train_synth_photoize\residence\0377_A4_residence-15_patched.jpg
data/kyc\train\residence\0377_demi_residence-10_patched.jpg,data/backup_train_synth_photoize\residence\0377_demi_residence-10_patched.jpg
data/kyc\train\residence\0378_A4_residence-4_patched.jpg,data/backup_train_synth_photoize\residence\0378_A4_residence-4_patched.jpg
data/kyc\train\residence\0378_demi_residence-0_redacted.jpg,data/backup_train_synth_photoize\residence\0378_demi_residence-0_redacted.jpg
data/kyc\train\residence\0379_A4_residence-24_patched.jpg,data/backup_train_synth_photoize\residence\0379_A4_residence-24_patched.jpg
data/kyc\train\residence\0379_demi_residence-32_redacted.jpg,data/backup_train_synth_photoize\residence\0379_demi_residence-32_redacted.jpg
data/kyc\train\residence\0380_A4_residence-21_redacted.jpg,data/backup_train_synth_photoize\residence\0380_A4_residence-21_redacted.jpg
data/kyc\train\residence\0380_demi_residence-29_patched.jpg,data/backup_train_synth_photoize\residence\0380_demi_residence-29_patched.jpg
data/kyc\train\residence\0381_A4_residence-8_patched.jpg,data/backup_train_synth_photoize\residence\0381_A4_residence-8_patched.jpg
data/kyc\train\residence\0381_demi_residence-0_redacted.jpg,data/backup_train_synth_photoize\residence\0381_demi_residence-0_redacted.jpg
data/kyc\train\residence\0382_A4_residence-35_redacted.jpg,data/backup_train_synth_photoize\residence\0382_A4_residence-35_redacted.jpg
data/kyc\train\residence\0382_demi_residence-22_patched.jpg,data/backup_train_synth_photoize\residence\0382_demi_residence-22_patched.jpg
data/kyc\train\residence\0383_A4_residence-5_patched.jpg,data/backup_train_synth_photoize\residence\0383_A4_residence-5_patched.jpg
data/kyc\train\residence\0383_demi_residence-32_redacted.jpg,data/backup_train_synth_photoize\residence\0383_demi_residence-32_redacted.jpg
data/kyc\train\residence\0384_A4_1_1_.jpg,data/backup_train_synth_photoize\residence\0384_A4_1_1_.jpg
data/kyc\train\residence\0384_demi_residence-20_patched.jpg,data/backup_train_synth_photoize\residence\0384_demi_residence-20_patched.jpg
data/kyc\train\residence\0385_A4_residence-21_redacted.jpg,data/backup_train_synth_photoize\residence\0385_A4_residence-21_redacted.jpg
data/kyc\train\residence\0385_demi_residence-0_patched.jpg,data/backup_train_synth_photoize\residence\0385_demi_residence-0_patched.jpg
data/kyc\train\residence\0386_A4_residence-8_patched.jpg,data/backup_train_synth_photoize\residence\0386_A4_residence-8_patched.jpg
data/kyc\train\residence\0386_demi_residence-32_redacted.jpg,data/backup_train_synth_photoize\residence\0386_demi_residence-32_redacted.jpg
data/kyc\train\residence\0387_A4_residence-4_patched.jpg,data/backup_train_synth_photoize\residence\0387_A4_residence-4_patched.jpg
data/kyc\train\residence\0388_A4_residence-28_redacted.jpg,data/backup_train_synth_photoize\residence\0388_A4_residence-28_redacted.jpg
data/kyc\train\residence\0388_demi_residence-10_patched.jpg,data/backup_train_synth_photoize\residence\0388_demi_residence-10_patched.jpg
data/kyc\train\residence\0389_A4_residence-5_redacted.jpg,data/backup_train_synth_photoize\residence\0389_A4_residence-5_redacted.jpg
data/kyc\train\residence\0390_A4_residence-5_patched.jpg,data/backup_train_synth_photoize\residence\0390_A4_residence-5_patched.jpg
data/kyc\train\residence\0390_demi_residence-6_redacted.jpg,data/backup_train_synth_photoize\residence\0390_demi_residence-6_redacted.jpg
data/kyc\train\residence\0391_A4_residence-35_redacted.jpg,data/backup_train_synth_photoize\residence\0391_A4_residence-35_redacted.jpg
data/kyc\train\residence\0391_demi_residence-32_patched.jpg,data/backup_train_synth_photoize\residence\0391_demi_residence-32_patched.jpg
data/kyc\train\residence\0392_A4_residence-2_redacted.jpg,data/backup_train_synth_photoize\residence\0392_A4_residence-2_redacted.jpg
data/kyc\train\residence\0392_demi_residence-0_redacted.jpg,data/backup_train_synth_photoize\residence\0392_demi_residence-0_redacted.jpg
data/kyc\train\residence\0393_A4_residence-24_patched.jpg,data/backup_train_synth_photoize\residence\0393_A4_residence-24_patched.jpg
data/kyc\train\residence\0393_demi_images.jpg,data/backup_train_synth_photoize\residence\0393_demi_images.jpg
data/kyc\train\residence\0394_A4_residence-15_redacted.jpg,data/backup_train_synth_photoize\residence\0394_A4_residence-15_redacted.jpg
data/kyc\train\residence\0394_demi_residence-30_patched.jpg,data/backup_train_synth_photoize\residence\0394_demi_residence-30_patched.jpg
data/kyc\train\residence\0395_A4_1.jpg,data/backup_train_synth_photoize\residence\0395_A4_1.jpg
data/kyc\train\residence\0396_A4_residence-33_redacted.jpg,data/backup_train_synth_photoize\residence\0396_A4_residence-33_redacted.jpg
data/kyc\train\residence\0396_demi_residence-29_redacted.jpg,data/backup_train_synth_photoize\residence\0396_demi_residence-29_redacted.jpg
data/kyc\train\residence\0397_A4_1_2_.jpg,data/backup_train_synth_photoize\residence\0397_A4_1_2_.jpg
data/kyc\train\residence\0397_demi_Screenshot_2026-09-25_20.jpg,data/backup_train_synth_photoize\residence\0397_demi_Screenshot_2026-09-25_20.jpg
data/kyc\train\residence\0398_A4_residence-34_patched.jpg,data/backup_train_synth_photoize\residence\0398_A4_residence-34_patched.jpg
data/kyc\train\residence\0398_demi_residence-29_redacted.jpg,data/backup_train_synth_photoize\residence\0398_demi_residence-29_redacted.jpg
data/kyc\train\residence\0399_A4_residence-24_redacted.jpg,data/backup_train_synth_photoize\residence\0399_A4_residence-24_redacted.jpg
data/kyc\train\residence\0399_demi_residence-20_patched.jpg,data/backup_train_synth_photoize\residence\0399_demi_residence-20_patched.jpg
data/kyc\val\stat\0137_coupleB.jpg,data/backup_val_stat_synth\0137_coupleB.jpg
data/kyc\val\stat\0138_coupleB.jpg,data/backup_val_stat_synth\0138_coupleB.jpg
data/kyc\val\stat\0139_coupleA.jpg,data/backup_val_stat_synth\0139_coupleA.jpg
data/kyc\val\stat\0140_coupleA.jpg,data/backup_val_stat_synth\0140_coupleA.jpg
data/kyc\val\stat\0141_coupleB.jpg,data/backup_val_stat_synth\0141_coupleB.jpg
data/kyc\val\stat\0142_coupleB.jpg,data/backup_val_stat_synth\0142_coupleB.jpg
data/kyc\val\stat\0143_coupleB.jpg,data/backup_val_stat_synth\0143_coupleB.jpg
data/kyc\val\stat\0144_coupleB.jpg,data/backup_val_stat_synth\0144_coupleB.jpg
data/kyc\val\stat\0145_coupleA.jpg,data/backup_val_stat_synth\0145_coupleA.jpg
data/kyc\val\stat\0146_coupleA.jpg,data/backup_val_stat_synth\0146_coupleA.jpg
data/kyc\val\stat\0147_coupleA.jpg,data/backup_val_stat_synth\0147_coupleA.jpg
data/kyc\val\stat\0148_coupleB.jpg,data/backup_val_stat_synth\0148_coupleB.jpg
data/kyc\val\stat\0149_coupleB.jpg,data/backup_val_stat_synth\0149_coupleB.jpg
data/kyc\val\stat\0150_coupleA.jpg,data/backup_val_stat_synth\0150_coupleA.jpg
data/kyc\val\stat\0151_coupleA.jpg,data/backup_val_stat_synth\0151_coupleA.jpg
data/kyc\val\stat\0152_coupleB.jpg,data/backup_val_stat_synth\0152_coupleB.jpg
data/kyc\val\stat\0153_coupleB.jpg,data/backup_val_stat_synth\0153_coupleB.jpg
data/kyc\val\stat\0154_coupleB.jpg,data/backup_val_stat_synth\0154_coupleB.jpg
data/kyc\val\stat\0155_coupleA.jpg,data/backup_val_stat_synth\0155_coupleA.jpg
data/kyc\val\stat\0156_coupleA.jpg,data/backup_val_stat_synth\0156_coupleA.jpg
data/kyc\val\stat\0157_coupleB.jpg,data/backup_val_stat_synth\0157_coupleB.jpg
data/kyc\val\stat\0158_coupleB.jpg,data/backup_val_stat_synth\0158_coupleB.jpg
data/kyc\val\stat\0159_coupleB.jpg,data/backup_val_stat_synth\0159_coupleB.jpg
data/kyc\val\stat\0160_coupleB.jpg,data/backup_val_stat_synth\0160_coupleB.jpg
data/kyc\val\stat\0161_coupleB.jpg,data/backup_val_stat_synth\0161_coupleB.jpg
data/kyc\val\stat\0162_coupleA.jpg,data/backup_val_stat_synth\0162_coupleA.jpg
data/kyc\val\stat\0163_coupleB.jpg,data/backup_val_stat_synth\0163_coupleB.jpg
data/kyc\val\stat\0164_coupleB.jpg,data/backup_val_stat_synth\0164_coupleB.jpg
data/kyc\val\stat\0165_coupleA.jpg,data/backup_val_stat_synth\0165_coupleA.jpg
data/kyc\val\stat\0166_coupleA.jpg,data/backup_val_stat_synth\0166_coupleA.jpg
data/kyc\val\stat\0167_coupleB.jpg,data/backup_val_stat_synth\0167_coupleB.jpg
data/kyc\val\stat\0168_coupleB.jpg,data/backup_val_stat_synth\0168_coupleB.jpg
data/kyc\val\stat\0169_coupleA.jpg,data/backup_val_stat_synth\0169_coupleA.jpg
data/kyc\val\stat\0170_coupleA.jpg,data/backup_val_stat_synth\0170_coupleA.jpg
data/kyc\val\stat\0171_coupleA.jpg,data/backup_val_stat_synth\0171_coupleA.jpg
data/kyc\val\stat\0172_coupleB.jpg,data/backup_val_stat_synth\0172_coupleB.jpg
data/kyc\val\stat\0173_coupleA.jpg,data/backup_val_stat_synth\0173_coupleA.jpg
data/kyc\val\stat\0174_coupleB.jpg,data/backup_val_stat_synth\0174_coupleB.jpg
data/kyc\val\stat\0175_coupleA.jpg,data/backup_val_stat_synth\0175_coupleA.jpg
data/kyc\val\stat\0176_coupleB.jpg,data/backup_val_stat_synth\0176_coupleB.jpg
data/kyc\val\stat\0177_coupleA.jpg,data/backup_val_stat_synth\0177_coupleA.jpg
data/kyc\val\stat\0178_coupleA.jpg,data/backup_val_stat_synth\0178_coupleA.jpg
data/kyc\val\stat\0179_coupleB.jpg,data/backup_val_stat_synth\0179_coupleB.jpg
data/kyc\val\stat\0180_coupleB.jpg,data/backup_val_stat_synth\0180_coupleB.jpg
data/kyc\val\stat\0181_coupleA.jpg,data/backup_val_stat_synth\0181_coupleA.jpg
data/kyc\val\stat\0182_coupleA.jpg,data/backup_val_stat_synth\0182_coupleA.jpg
data/kyc\val\stat\0183_coupleA.jpg,data/backup_val_stat_synth\0183_coupleA.jpg
data/kyc\val\stat\0184_coupleB.jpg,data/backup_val_stat_synth\0184_coupleB.jpg
data/kyc\val\stat\0185_coupleA.jpg,data/backup_val_stat_synth\0185_coupleA.jpg
data/kyc\val\stat\0186_coupleA.jpg,data/backup_val_stat_synth\0186_coupleA.jpg
data/kyc\val\stat\0187_coupleA.jpg,data/backup_val_stat_synth\0187_coupleA.jpg
data/kyc\val\stat\0188_coupleB.jpg,data/backup_val_stat_synth\0188_coupleB.jpg
data/kyc\val\stat\0189_coupleB.jpg,data/backup_val_stat_synth\0189_coupleB.jpg
data/kyc\val\stat\0190_coupleA.jpg,data/backup_val_stat_synth\0190_coupleA.jpg
data/kyc\val\stat\0191_coupleB.jpg,data/backup_val_stat_synth\0191_coupleB.jpg
data/kyc\val\stat\0192_coupleA.jpg,data/backup_val_stat_synth\0192_coupleA.jpg
data/kyc\val\stat\0193_coupleA.jpg,data/backup_val_stat_synth\0193_coupleA.jpg
data/kyc\val\stat\0194_coupleB.jpg,data/backup_val_stat_synth\0194_coupleB.jpg
data/kyc\val\stat\0195_coupleB.jpg,data/backup_val_stat_synth\0195_coupleB.jpg
data/kyc\val\stat\0196_coupleB.jpg,data/backup_val_stat_synth\0196_coupleB.jpg
data/kyc\val\stat\0197_coupleB.jpg,data/backup_val_stat_synth\0197_coupleB.jpg
data/kyc\val\stat\0198_coupleA.jpg,data/backup_val_stat_synth\0198_coupleA.jpg
data/kyc\val\stat\0199_coupleB.jpg,data/backup_val_stat_synth\0199_coupleB.jpg
data/kyc\val\stat\0200_coupleB.jpg,data/backup_val_stat_synth\0200_coupleB.jpg
data/kyc\val\stat\0201_coupleB.jpg,data/backup_val_stat_synth\0201_coupleB.jpg
data/kyc\val\stat\0202_coupleB.jpg,data/backup_val_stat_synth\0202_coupleB.jpg
data/kyc\val\stat\0203_coupleA.jpg,data/backup_val_stat_synth\0203_coupleA.jpg
data/kyc\val\stat\0204_coupleB.jpg,data/backup_val_stat_synth\0204_coupleB.jpg
data/kyc\val\stat\0205_coupleB.jpg,data/backup_val_stat_synth\0205_coupleB.jpg
data/kyc\val\stat\0206_coupleA.jpg,data/backup_val_stat_synth\0206_coupleA.jpg
data/kyc\val\stat\0207_coupleB.jpg,data/backup_val_stat_synth\0207_coupleB.jpg
data/kyc\val\stat\0208_coupleB.jpg,data/backup_val_stat_synth\0208_coupleB.jpg
data/kyc\val\stat\0209_coupleB.jpg,data/backup_val_stat_synth\0209_coupleB.jpg
data/kyc\val\stat\0210_coupleA.jpg,data/backup_val_stat_synth\0210_coupleA.jpg
data/kyc\val\stat\0211_coupleB.jpg,data/backup_val_stat_synth\0211_coupleB.jpg
data/kyc\val\stat\0212_coupleA.jpg,data/backup_val_stat_synth\0212_coupleA.jpg
data/kyc\val\stat\0213_coupleB.jpg,data/backup_val_stat_synth\0213_coupleB.jpg
data/kyc\val\stat\0214_coupleB.jpg,data/backup_val_stat_synth\0214_coupleB.jpg
data/kyc\val\stat\0215_coupleA.jpg,data/backup_val_stat_synth\0215_coupleA.jpg
data/kyc\val\stat\0216_coupleA.jpg,data/backup_val_stat_synth\0216_coupleA.jpg
data/kyc\val\stat\0217_coupleB.jpg,data/backup_val_stat_synth\0217_coupleB.jpg
data/kyc\val\stat\0218_coupleB.jpg,data/backup_val_stat_synth\0218_coupleB.jpg
data/kyc\val\stat\0219_coupleB.jpg,data/backup_val_stat_synth\0219_coupleB.jpg
data/kyc\val\stat\0220_coupleA.jpg,data/backup_val_stat_synth\0220_coupleA.jpg
data/kyc\val\stat\0221_coupleA.jpg,data/backup_val_stat_synth\0221_coupleA.jpg
data/kyc\val\stat\0222_coupleB.jpg,data/backup_val_stat_synth\0222_coupleB.jpg
data/kyc\val\stat\0223_coupleB.jpg,data/backup_val_stat_synth\0223_coupleB.jpg
data/kyc\val\stat\0224_coupleA.jpg,data/backup_val_stat_synth\0224_coupleA.jpg
data/kyc\val\stat\0225_coupleA.jpg,data/backup_val_stat_synth\0225_coupleA.jpg
data/kyc\val\stat\0226_coupleB.jpg,data/backup_val_stat_synth\0226_coupleB.jpg
data/kyc\val\stat\0227_coupleA.jpg,data/backup_val_stat_synth\0227_coupleA.jpg
data/kyc\val\stat\0228_coupleB.jpg,data/backup_val_stat_synth\0228_coupleB.jpg
data/kyc\val\stat\0229_coupleB.jpg,data/backup_val_stat_synth\0229_coupleB.jpg
data/kyc\val\stat\0230_coupleA.jpg,data/backup_val_stat_synth\0230_coupleA.jpg
data/kyc\val\stat\0231_coupleA.jpg,data/backup_val_stat_synth\0231_coupleA.jpg
data/kyc\val\stat\0232_coupleA.jpg,data/backup_val_stat_synth\0232_coupleA.jpg
data/kyc\val\stat\0233_coupleB.jpg,data/backup_val_stat_synth\0233_coupleB.jpg
data/kyc\val\stat\0234_coupleA.jpg,data/backup_val_stat_synth\0234_coupleA.jpg
data/kyc\val\stat\0235_coupleB.jpg,data/backup_val_stat_synth\0235_coupleB.jpg
data/kyc\val\stat\0236_coupleA.jpg,data/backup_val_stat_synth\0236_coupleA.jpg
data/kyc\val\stat\0237_coupleB.jpg,data/backup_val_stat_synth\0237_coupleB.jpg
data/kyc\val\stat\0238_coupleA.jpg,data/backup_val_stat_synth\0238_coupleA.jpg
data/kyc\val\stat\0239_coupleA.jpg,data/backup_val_stat_synth\0239_coupleA.jpg
data/kyc\val\stat\0240_coupleB.jpg,data/backup_val_stat_synth\0240_coupleB.jpg
data/kyc\val\stat\0241_coupleA.jpg,data/backup_val_stat_synth\0241_coupleA.jpg
data/kyc\val\stat\0242_coupleA.jpg,data/backup_val_stat_synth\0242_coupleA.jpg
data/kyc\val\stat\0243_coupleA.jpg,data/backup_val_stat_synth\0243_coupleA.jpg
data/kyc\val\stat\0244_coupleA.jpg,data/backup_val_stat_synth\0244_coupleA.jpg
data/kyc\val\stat\0245_coupleA.jpg,data/backup_val_stat_synth\0245_coupleA.jpg
data/kyc\val\stat\0246_coupleA.jpg,data/backup_val_stat_synth\0246_coupleA.jpg
data/kyc\val\stat\0247_coupleB.jpg,data/backup_val_stat_synth\0247_coupleB.jpg
data/kyc\val\stat\0248_coupleA.jpg,data/backup_val_stat_synth\0248_coupleA.jpg
data/kyc\val\stat\0249_coupleB.jpg,data/backup_val_stat_synth\0249_coupleB.jpg
data/kyc\val\stat\0250_coupleA.jpg,data/backup_val_stat_synth\0250_coupleA.jpg
data/kyc\val\stat\0251_coupleA.jpg,data/backup_val_stat_synth\0251_coupleA.jpg
data/kyc\val\stat\0252_coupleB.jpg,data/backup_val_stat_synth\0252_coupleB.jpg
data/kyc\val\stat\0253_coupleA.jpg,data/backup_val_stat_synth\0253_coupleA.jpg
data/kyc\val\stat\0254_coupleA.jpg,data/backup_val_stat_synth\0254_coupleA.jpg
data/kyc\val\stat\0255_coupleA.jpg,data/backup_val_stat_synth\0255_coupleA.jpg
data/kyc\val\stat\0256_coupleB.jpg,data/backup_val_stat_synth\0256_coupleB.jpg
data/kyc\val\stat\0257_coupleA.jpg,data/backup_val_stat_synth\0257_coupleA.jpg
data/kyc\val\stat\0258_coupleB.jpg,data/backup_val_stat_synth\0258_coupleB.jpg
data/kyc\val\stat\0259_coupleA.jpg,data/backup_val_stat_synth\0259_coupleA.jpg
data/kyc\val\stat\0260_coupleA.jpg,data/backup_val_stat_synth\0260_coupleA.jpg
data/kyc\val\stat\0261_coupleB.jpg,data/backup_val_stat_synth\0261_coupleB.jpg
data/kyc\val\stat\0262_coupleA.jpg,data/backup_val_stat_synth\0262_coupleA.jpg
data/kyc\val\stat\0263_coupleB.jpg,data/backup_val_stat_synth\0263_coupleB.jpg
data/kyc\val\stat\0264_coupleB.jpg,data/backup_val_stat_synth\0264_coupleB.jpg
data/kyc\val\stat\0265_coupleB.jpg,data/backup_val_stat_synth\0265_coupleB.jpg
data/kyc\val\stat\0266_coupleB.jpg,data/backup_val_stat_synth\0266_coupleB.jpg
data/kyc\val\stat\0267_coupleA.jpg,data/backup_val_stat_synth\0267_coupleA.jpg
data/kyc\val\stat\0268_coupleB.jpg,data/backup_val_stat_synth\0268_coupleB.jpg
data/kyc\val\stat\0269_coupleA.jpg,data/backup_val_stat_synth\0269_coupleA.jpg
data/kyc\val\stat\0270_coupleA.jpg,data/backup_val_stat_synth\0270_coupleA.jpg
data/kyc\val\stat\0271_coupleA.jpg,data/backup_val_stat_synth\0271_coupleA.jpg
data/kyc\val\stat\0272_coupleA.jpg,data/backup_val_stat_synth\0272_coupleA.jpg
data/kyc\val\stat\0273_coupleB.jpg,data/backup_val_stat_synth\0273_coupleB.jpg
data/kyc\val\stat\0274_coupleB.jpg,data/backup_val_stat_synth\0274_coupleB.jpg
data/kyc\val\stat\0275_coupleB.jpg,data/backup_val_stat_synth\0275_coupleB.jpg
data/kyc\val\stat\0276_coupleB.jpg,data/backup_val_stat_synth\0276_coupleB.jpg
data/kyc\val\stat\0277_coupleA.jpg,data/backup_val_stat_synth\0277_coupleA.jpg
data/kyc\val\stat\0278_coupleA.jpg,data/backup_val_stat_synth\0278_coupleA.jpg
data/kyc\val\stat\0279_coupleA.jpg,data/backup_val_stat_synth\0279_coupleA.jpg
data/kyc\val\stat\0280_coupleB.jpg,data/backup_val_stat_synth\0280_coupleB.jpg
data/kyc\val\stat\0281_coupleB.jpg,data/backup_val_stat_synth\0281_coupleB.jpg
data/kyc\val\stat\0282_coupleA.jpg,data/backup_val_stat_synth\0282_coupleA.jpg
data/kyc\val\stat\0283_coupleA.jpg,data/backup_val_stat_synth\0283_coupleA.jpg
data/kyc\val\stat\0284_coupleA.jpg,data/backup_val_stat_synth\0284_coupleA.jpg
data/kyc\val\stat\0285_coupleA.jpg,data/backup_val_stat_synth\0285_coupleA.jpg
data/kyc\val\stat\0286_coupleB.jpg,data/backup_val_stat_synth\0286_coupleB.jpg
data/kyc\val\stat\0287_coupleB.jpg,data/backup_val_stat_synth\0287_coupleB.jpg
data/kyc\val\stat\0288_coupleB.jpg,data/backup_val_stat_synth\0288_coupleB.jpg
data/kyc\val\stat\0289_coupleA.jpg,data/backup_val_stat_synth\0289_coupleA.jpg
data/kyc\val\stat\0290_coupleA.jpg,data/backup_val_stat_synth\0290_coupleA.jpg
data/kyc\val\stat\0291_coupleB.jpg,data/backup_val_stat_synth\0291_coupleB.jpg
data/kyc\val\stat\0292_coupleB.jpg,data/backup_val_stat_synth\0292_coupleB.jpg
data/kyc\val\stat\0293_coupleA.jpg,data/backup_val_stat_synth\0293_coupleA.jpg
data/kyc\val\stat\0294_coupleB.jpg,data/backup_val_stat_synth\0294_coupleB.jpg
data/kyc\val\stat\0295_coupleB.jpg,data/backup_val_stat_synth\0295_coupleB.jpg
data/kyc\val\stat\0296_coupleB.jpg,data/backup_val_stat_synth\0296_coupleB.jpg
data/kyc\val\stat\0297_coupleB.jpg,data/backup_val_stat_synth\0297_coupleB.jpg
data/kyc\val\stat\0298_coupleB.jpg,data/backup_val_stat_synth\0298_coupleB.jpg
data/kyc\val\stat\0299_coupleB.jpg,data/backup_val_stat_synth\0299_coupleB.jpg
data/kyc\val\stat\0300_coupleA.jpg,data/backup_val_stat_synth\0300_coupleA.jpg
data/kyc\val\stat\0301_coupleA.jpg,data/backup_val_stat_synth\0301_coupleA.jpg
data/kyc\val\stat\0302_coupleB.jpg,data/backup_val_stat_synth\0302_coupleB.jpg
data/kyc\val\stat\0303_coupleA.jpg,data/backup_val_stat_synth\0303_coupleA.jpg
data/kyc\val\stat\0304_coupleB.jpg,data/backup_val_stat_synth\0304_coupleB.jpg
data/kyc\val\stat\0305_coupleA.jpg,data/backup_val_stat_synth\0305_coupleA.jpg
data/kyc\val\stat\0306_coupleB.jpg,data/backup_val_stat_synth\0306_coupleB.jpg
data/kyc\val\stat\0307_coupleB.jpg,data/backup_val_stat_synth\0307_coupleB.jpg
data/kyc\val\stat\0308_coupleB.jpg,data/backup_val_stat_synth\0308_coupleB.jpg
data/kyc\val\stat\0309_coupleB.jpg,data/backup_val_stat_synth\0309_coupleB.jpg
data/kyc\val\stat\0310_coupleB.jpg,data/backup_val_stat_synth\0310_coupleB.jpg
data/kyc\val\stat\0311_coupleB.jpg,data/backup_val_stat_synth\0311_coupleB.jpg
data/kyc\val\stat\0312_coupleB.jpg,data/backup_val_stat_synth\0312_coupleB.jpg
data/kyc\val\stat\0313_coupleB.jpg,data/backup_val_stat_synth\0313_coupleB.jpg
data/kyc\val\stat\0314_coupleB.jpg,data/backup_val_stat_synth\0314_coupleB.jpg
data/kyc\val\stat\0315_coupleB.jpg,data/backup_val_stat_synth\0315_coupleB.jpg
data/kyc\val\stat\2026_STAT_WEBIA_A_JOUR_2026_3f8e54e5664e4b24e857e4afdbaf7ea7fb1ff7bd865b8bea96e06818373dab89_p0.jpg,data/backup_val_stat_synth\2026_STAT_WEBIA_A_JOUR_2026_3f8e54e5664e4b24e857e4afdbaf7ea7fb1ff7bd865b8bea96e06818373dab89_p0.jpg
data/kyc\val\stat\2026_STAT_WEBIA_A_JOUR_2026_3f8e54e5664e4b24e857e4afdbaf7ea7fb1ff7bd865b8bea96e06818373dab89_page001.jpg,data/backup_val_stat_synth\2026_STAT_WEBIA_A_JOUR_2026_3f8e54e5664e4b24e857e4afdbaf7ea7fb1ff7bd865b8bea96e06818373dab89_page001.jpg
